,code,name,weight,eps,roe,net_profits,net_profit_ratio,gross_profit_rate,business_income,bips,arturnover,arturndays,inventory_turnover,inventory_days,currentasset_turnover,currentasset_days,mbrg,nprg,nav,targ,epsg,seg,currentratio,quickratio,cashratio,icratio,sheqratio,adratio,cf_sales,rateofreturn,cf_nm,cf_liabilities,cashflowratio,label3_3,label3_2,label3_1
0,600004,白云机场,0.11,0.35,3.54,40784.65,25.75,38.6756,1583.7475,1.3695,1.6489,54.5818,12.7841,7.04,0.7344,122.54899999999999,9.7769,18.953,8.3198,15.3217,16.6667,9.3583,0.7295,0.7031,20.8958,-25889.9029,61.0689,38.9311,0.2802,0.0238,1.0802,0.0613,14.5871,0,0,-1
1,600009,上海机场,0.52,0.41,3.49,79142.35,41.76,45.3529,1895.1619,0.9834,1.6057,56.0503,51.9929,1.7309999999999999,0.1677,536.6726,15.7695,23.0639,9.7413,6.7299,24.2424,10.1497,2.7049,2.7003,235.3706,-5705.3245,84.7884,15.2116,0.2595,0.0178,0.593,0.1169,11.6945,0,0,-1
2,600011,华能国际,0.35,0.04,0.89,65197.93,1.73,12.3047,37577.079,2.4721,2.3963,37.5579,4.7586,18.9131,0.9129,98.5869,30.3726,-80.5871,-8.2064,26.0615,-84.6154,-11.8671,0.2843,0.2406,7.0693,167.2174,24.7826,75.2174,0.2036,0.0204,7.8864,0.0271,4.7932,0,0,1
5,600018,上港集团,0.18,0.05,1.86,114157.76,14.28,28.2537,7992.5182,0.3448,2.8021,32.1188,0.8886,101.2829,0.3259,276.1583,12.4841,-2.6842,4.5622,21.6393,-6.2738,5.1566,0.7589,0.5581,39.9917,1269.8889,59.88,40.12,0.0993,0.0067,0.55,0.0167,2.3796,0,0,0
6,600019,宝钢股份,0.62,0.17,2.5,378615.48,4.45,11.857999999999999,85010.0524,3.8461,6.2459,14.4095,1.6792,53.597,0.6733,133.67,141.0029,170.8801,33.0132,40.9297,88.8889,34.311,0.8683,0.5595,12.886,700.5436,44.5712,55.4288,0.0229,0.0053,0.46799999999999997,0.0095,1.1265,0,0,-1
7,600023,浙能电力,0.21,0.07,1.59,93482.25,8.52,11.773,10971.9944,0.8067,2.0845,43.1758,3.7284,24.139,0.4347,207.0393,35.1762,-38.5954,3.7065,2.5573,-36.3636,4.8472,1.7633,1.57,112.6363,578.6719,63.4271,36.5729,0.2053,0.0212,2.1783,0.0579,15.4738,0,0,0
9,600027,华电国际,0.17,0.0,0.03,1183.6,0.06,9.0527,19109.043,1.9374,3.0445,29.5615,7.1895,12.5183,0.9542,94.3198,13.3773,-96.6009,-3.1102,0.2774,-99.4565,-3.1910000000000003,0.2811,0.2501,7.9808,119.776,27.3513,72.6487,0.1205,0.0112,27.799,0.0154,3.4081,0,0,0
10,600028,中国石化,0.67,0.14,2.31,1663300.0,2.85,19.9021,582185.0,4.8086,10.9275,8.2361,2.9472,30.5375,1.4114,63.7665,40.6958,140.2548,7.1691,5.8117,168.6275,6.1683,0.938,0.5745,30.6949,3483.3132,57.7184,42.2816,0.0228,0.009000000000000001,0.6123,0.0212,3.0174,0,0,0
11,600029,南方航空,0.24,0.16,3.53,155000.0,5.0,14.747,30969.0,3.1544,10.3679,8.6806,15.9577,5.6399,2.1918,41.0621,10.6312,-39.1736,7.6746,8.3969,-40.7407,7.6041,0.2178,0.192,7.8155,508.6655,28.0348,71.9652,0.0923,0.0141,1.5527,0.0196,4.2932,0,0,-1
13,600031,三一重工,0.49,0.1,3.22,74570.4,7.95,32.5546,9376.806999999999,1.2244,0.5132,175.3702,0.9703,92.7548,0.2475,363.6364,79.3752,717.7583,-1.2026,-3.3207,708.3333,-0.539,1.6166,1.3249,25.7026,388.4138,40.0537,59.9463,0.3198,0.0493,3.6944,0.0823,12.835999999999999,0,0,-1
15,600038,中直股份,0.12,0.12,1.03,7101.38,3.4,12.7824,2087.9066,3.5419,1.5258,58.9855,0.162,555.5556,0.1248,721.1538,-14.5929,27.9821,7.9279,-5.2622,27.6483,4.9116,1.3453,0.4037,23.9225,3065.8823,34.7776,65.2224,0.2627,0.0267,7.6749,0.0409,4.3069999999999995,0,0,1
16,600048,保利地产,0.9,0.16,2.1,189144.18,10.56,38.3191,17903.7493,1.5097,11.7645,7.6501,0.0348,2586.2069,0.0392,2295.9184,-5.1406,1.1459,21.7351,21.7955,23.0769,25.2604,1.813,0.5545,22.7871,808.3038,23.5857,76.4143,-0.7681,-0.0268,-5.4541,-0.0351,-5.2145,0,0,0
17,600050,中国联通,0.51,0.01,0.35,27426.39,0.39,24.9724,69005.1628,3.2554,3.6409,24.7192,21.2783,4.2297,0.8253,109.0513,-1.8974,87.3182,-0.9839,0.1844,86.9565,-0.9751,0.2601,0.2527,7.5355,189.9686,38.5261,61.4739,0.3182,0.0364,26.5504,0.0593,6.7203,0,0,0
18,600061,国投资本,0.08,0.15,2.17,56701.64,260.5,3.7013,217.6577,0.0589,0.8192,109.8633,2.3890000000000002,37.6727,0.0019,47368.4211,-1.814,-1.8681,11.8107,12.7009,-16.6667,0.5468,1.2749,1.2741,59.0061,2366.5592,20.413,79.587,-6.5279,-0.0098,-2.2402,-0.0124,-1.504,0,0,0
19,600066,宇通客车,0.17,0.14,2.3,31621.61,8.17,24.0231,3868.4586,1.7473,0.2703,332.9634,1.5468,58.1846,0.1603,561.4473,-24.5442,-17.1358,5.0407,7.1687,-18.1287,4.9918,1.5355,1.4006,29.8608,2053.1534,47.6619,52.3381,-0.8618,-0.1134,-10.1834,-0.2167,-23.9745,0,0,-1
20,600068,葛洲坝,0.19,0.13,2.64,74641.36,3.21,11.2573,23184.6901,5.0349,2.0216,44.5192,0.4576,196.6783,0.2217,405.954,37.8648,33.1649,75.8701,24.1742,-6.4286,89.6337,1.6071,0.8512,26.7912,459.6087,31.5269,68.4731,-0.2561,-0.0372,-6.0246,-0.0543,-8.7874,0,0,1
21,600085,同仁堂,0.16,0.21,3.7,29390.4,8.01,46.0214,3667.6168,2.6742,2.9079,30.9502,0.3868,232.6784,0.2685,335.1955,12.6202,13.2609,11.0531,17.1861,11.4583,9.552,3.5005,2.2619,144.7617,19139.4483,71.4416,28.5584,0.0783,0.0163,0.5731,0.0571,7.2455,0,0,-1
22,600089,特变电工,0.27,0.19,2.62,61443.91,7.52,23.0294,8167.5568,2.5224,0.8472,106.2323,0.5743,156.7125,0.1861,483.611,-6.2262,23.3823,9.0815,6.7672,11.0785,8.8556,1.226,0.9441,39.4009,626.2655,36.0027,63.9973,-0.1688,-0.0176,-1.7461,-0.0275,-3.7351,0,0,1
24,600104,上汽集团,1.0,0.72,4.0,826103.51,4.27,13.1826,193168.3487,16.5334,5.5453,16.23,3.8931,23.1178,0.5649,159.3202,5.7166,1.3584,16.758,19.7543,0.1389,17.2904,1.1798,1.0156,55.6571,34338.1948,41.7798,58.2202,-0.0263,-0.0081,-0.4402,-0.0139,-1.6963,0,0,-1
25,600115,东方航空,0.2,0.19,5.79,281800.0,11.48,12.4389,24536.0,1.6959,10.0661,8.9409,9.4789,9.4948,1.5289,58.8659,4.2577,5.4045,32.2159,10.7209,-1.6162,33.4505,0.2362,0.2029,3.53,811.0454,25.3753,74.6247,0.1052,0.0123,0.8646,0.0165,3.7603,0,0,0
26,600153,建发股份,0.13,0.15,1.94,42224.26,1.08,4.9487,38988.0858,13.7514,10.8164,8.3207,0.5448,165.1982,0.33,272.7273,69.6681,29.3131,23.8921,31.3598,36.3636,14.0467,1.5514,0.6537,16.9224,776.5331,22.4598,77.5402,-0.3874,-0.1011,-30.5198,-0.1304,-18.1404,0,0,-1
27,600157,永泰能源,0.09,0.01,0.45,10669.05,2.0,23.4574,5316.6151,0.4278,1.4513,62.0134,9.7838,9.1989,0.3555,253.1646,203.8371,125.4983,14.8617,13.1707,91.1111,17.14,0.4263,0.4138,16.476,122.6015,29.5611,70.4389,0.1592,0.0085,6.0065,0.0121,2.4453,0,0,1
28,600176,中国巨石,0.22,0.19,4.2,47031.58,25.29,47.0924,1859.506,0.7645,1.2364,72.792,0.6833,131.7137,0.22899999999999998,393.0131,5.5215,30.9746,13.1872,2.753,-40.5472,13.2042,0.8690000000000001,0.7072,22.7112,681.0793,47.4744,52.5256,0.2287,0.0175,0.8973,0.0334,4.6017,0,0,-1
29,600177,雅戈尔,0.19,0.49,5.51,126178.9,37.17,46.7656,3394.4652,1.3269,14.9177,6.0331,0.1555,578.7781,0.12300000000000001,731.7073,-38.9256,-50.952,14.3436,1.1678,-55.131,14.7716,1.2826,0.7657,41.6703,689.929,36.1281,63.8719,0.0115,0.0006,0.0309,0.0009,0.1749,1,1,1
30,600196,复星医药,0.25,0.32,3.3,73774.67,19.01,55.3378,3880.4548,1.6071,1.8447,48.7884,1.0055,89.5077,0.33399999999999996,269.4611,20.2854,9.734,21.8205,19.4884,18.5185,21.8906,1.1362,0.9743,65.6426,877.1464,54.863,45.137,0.1037,0.0085,0.4812,0.0188,3.6654,0,0,0
31,600208,新湖中宝,0.13,0.04,1.3,38048.9,24.76,16.6175,1536.4873,0.1786,21.6764,4.152,0.0243,3703.7037,0.0185,4864.8649,-20.6539,245.0143,24.3574,29.1133,266.6667,27.3218,2.185,0.8442,62.2541,215.2391,24.7437,75.2563,1.1238,0.0141,4.4386,0.0187,4.3115,0,0,1
32,600233,圆通速递,0.04,0.1,3.35,27928.82,7.99,11.704,3493.7888,1.2383,18.3726,4.8986,89.6385,1.004,0.5587,161.0882,1406.4277,1376.6931,550.8731,586.9439,28.0724,683.6519,2.7277,2.7110000000000003,97.7666,-11592.3514,79.3074,20.6926,-0.062,-0.0202,-0.7755,-0.0978,-9.9538,0,1,1
33,600271,航天信息,0.27,0.21,4.15,39561.25,7.2,15.2898,5487.1468,2.9455,3.4027,26.4496,3.3606,26.7809,0.3996,225.2252,32.7076,8.753,16.7394,21.776999999999997,-48.7805,15.4267,3.1657,2.7965,167.1207,14255.2457,62.5406,37.4594,-0.122,-0.0358,-1.3126,-0.0956,-13.9718,0,0,-1
34,600276,恒瑞医药,1.24,0.34,6.35,81184.76,25.61,86.79899999999999,3169.365,1.3501,1.339,67.2143,0.5888,152.8533,0.2678,336.0717,18.7649,18.2326,23.8182,25.3822,-1.8234,24.2346,8.0787,7.5625,392.3943,-4804.903,89.4298,10.5702,0.1924,0.0398,0.7548,0.3769,40.109,0,0,1
35,600309,万华化学,0.49,0.96,12.84,219505.98,19.94,39.2307,11007.0486,4.8311,4.9087,18.3348,1.3368,67.325,0.6821,131.9455,107.6954,375.0219,56.5632,16.1133,357.1429,68.2389,0.8157,0.5728,12.8479,1716.5973,41.0775,58.9225,0.043,0.0083,0.1828,0.0141,2.0269999999999997,0,-1,-1
37,600340,华夏幸福,0.49,0.59,6.07,175469.97,22.47,62.3919,7807.6594,2.6422,0.6865,131.0998,0.019,4736.8421,0.0326,2760.7362,57.7107,43.9689,43.4414,50.7226,34.0909,43.1006,1.4586,0.5319,28.9787,1856.0892,16.0473,83.9527,-0.3093,-0.0086,-1.3753,-0.0103,-1.3801,1,1,0
38,600346,恒力股份,0.11,0.1,4.78,28666.07,6.85,16.1441,4184.7059,1.4809,48.2464,1.8654,1.401,64.2398,0.462,194.8052,17.277,78.1534,94.6644,18.9037,25.0,89.2304,0.7819,0.5171,17.3802,384.34,31.2508,68.7492,0.1279,0.0264,1.8508,0.0385,4.4396,0,0,-1
40,600383,金地集团,0.23,0.19,2.3,87078.65,15.06,35.5525,5778.8899,1.2803,89.6019,1.0044,0.0495,1818.1818,0.0449,2004.4543,-13.5115,60.5112,11.6929,12.331,171.4286,12.9522,1.8036,0.7366,28.6149,15076.8321,33.1985,66.8015,-0.7286,-0.0258,-4.0604,-0.0386,-5.7146,0,0,0
41,600398,海澜之家,0.16,0.22,9.57,101000.32,19.57,39.0612,5158.9479,1.1482,8.1287,11.0719,0.3508,256.5564,0.2703,332.9634,0.5536,5.4922,19.2649,3.7466,4.7619,19.5938,1.5917,0.8302,74.3753,-2041.5511,43.8384,56.1616,0.0327,0.0067,0.1669,0.0119,1.3821,0,0,1
42,600406,国电南瑞,0.36,0.01,0.2,1786.15,1.25,15.4688,1420.7911,0.5849,0.2152,418.2156,0.561,160.4278,0.09300000000000001,967.7419,1.5701,-4.2307,9.7484,6.9551,0.0,9.8656,1.9854,1.6845,53.236000000000004,-396.3604,54.4158,45.5842,-0.5078,-0.0438,-71.9116,-0.0961,-9.7139,0,0,0
43,600415,小商品城,0.1,0.12,6.46,68042.18,14.45,27.2485,4706.7506,0.8647,55.5935,1.6189,0.4592,195.993,0.4626,194.5525,323.7094,224.8241,11.7997,-14.6063,200.0,12.73,0.8599,0.2762,5.436,1950.0344,46.298,53.702,-0.1791,-0.0348,-1.2462,-0.0648,-8.1665,0,0,0
44,600436,片仔癀,0.28,0.38,6.28,22636.88,26.31,44.7758,860.3203,1.4259,2.285,39.3873,0.4195,214.5411,0.2518,357.4265,83.5242,49.1418,13.6025,16.6045,5.5556,12.5545,3.4384,2.2929,168.1192,50702.293,78.7461,21.2539,0.3223,0.0549,1.2633,0.2585,27.8783,0,0,-1
45,600482,中国动力,0.16,0.13,0.89,22703.27,4.71,16.5399,4811.8341,2.7667,0.9499,94.7468,0.6126,146.9148,0.1551,580.2708,229.0135,400.4225,1097.7288,838.8441,44.4444,1045.3319,3.0724,2.415,168.2199,112433.2502,67.7834,32.2166,-0.0924,-0.0112,-1.9432,-0.0348,-4.3937,1,1,1
46,600487,亨通光电,0.24,0.22,4.62,27769.2,6.06,21.7925,4577.1485,3.6874,1.016,88.5827,0.8393,107.2322,0.3273,274.9771,37.6837,138.4229,28.705,29.1698,141.8378,29.1598,1.2921,0.8834,21.3883,588.9007,33.5274,66.4726,-0.1814,-0.0394,-2.5456,-0.0593,-7.3819,0,-1,-1
47,600489,中金黄金,0.16,0.03,0.66,8811.15,1.09,11.0183,8029.8926,2.3267,46.6105,1.9309,0.7255,124.0524,0.4962,181.3785,43.5149,46.6296,29.096,7.1391,50.0,34.51,0.9868,0.4103,19.4079,215.8331,37.764,62.236000000000004,0.0594,0.0117,3.4806,0.0187,2.7251,1,1,1
48,600498,烽火通信,0.21,0.13,1.89,13859.41,3.93,28.9247,3521.688,3.3659,0.7384,121.8852,0.2454,366.7482,0.1703,528.4792,26.2207,13.832,3.4557,23.1616,18.1818,6.222,1.2927,0.6453,17.9653,720.5944,32.6531,67.3469,-0.6109,-0.0861,-14.2353,-0.1278,-13.2618,0,0,-1
49,600516,方大炭素,0.19,0.04,1.25,7352.17,10.61,33.2765,692.7434,0.4029,0.6991,128.7369,0.4927,182.6669,0.1326,678.7330000000001,46.3558,1582.7046,1.6207,-4.2404,568.75,2.2444,3.2836,2.6958,116.3309,2168.3714,76.4274,23.5726,0.1727,0.0149,1.6508,0.0633,7.529,-1,-1,-1
50,600518,康美药业,0.29,0.22,4.0,106776.26,14.92,29.5777,7154.6647,1.4461,2.1547,41.7692,0.3985,225.8469,0.1554,579.1506,21.5597,8.1009,52.7018,47.8313,-3.5556,52.758,2.0913,1.5348,130.9837,752.5828,51.7605,48.2395,0.1886,0.0231,1.2665,0.0479,5.9278,0,0,-1
51,600547,山东黄金,0.24,0.18,2.09,32741.46,3.27,10.9596,10006.1724,5.388,203.0221,0.4433,5.8046,15.5049,2.8137,31.9864,8.5753,45.3264,58.5842,26.3623,12.5,60.43899999999999,0.4967,0.2887,23.3052,702.0369,56.3423,43.6577,0.0426,0.0144,1.2923,0.033,5.2215,0,1,1
52,600549,厦门钨业,0.11,0.12,2.0,13119.54,5.48,25.3592,2391.1881,2.2108,1.8057,49.8422,0.4668,192.8021,0.311,289.3891,61.2548,248.84,-0.3066,-0.6944,535.0785,-0.5255,1.4309,0.7084,17.9589,588.5418,50.8008,49.1992,-0.2425,-0.0357,-3.0361,-0.0726,-10.2714,0,0,-1
54,600585,海螺水泥,0.62,0.41,2.77,215321.77,15.78,29.038,13638.9772,2.5737,23.2071,3.8781,2.1271,42.3111,0.4407,204.2206,28.5823,94.2476,10.2753,3.3044,86.411,10.2403,2.0408,1.7549,103.9035,5804.7099,74.2872,25.7128,0.1612,0.0198,0.9641,0.0768,13.8083,0,0,-1
55,600606,绿地控股,0.24,0.22,4.66,267832.07,4.55,14.8415,58762.776,4.8292,2.0683,43.513999999999996,0.1029,874.6356,0.0861,1045.2962,20.2628,25.1728,10.5961,18.147000000000002,15.7895,8.0288,1.4785,0.4378,13.423,3033.7747,10.7636,89.2364,0.0475,0.0037,0.9275,0.0041,0.5954,0,0,0
56,600660,福耀玻璃,0.34,0.28,3.77,69287.91,16.5,44.1545,4197.5983,1.6732,1.2758,70.544,0.7868,114.3874,0.2779,323.8575,17.6774,18.8293,10.2006,15.1743,21.7391,10.2138,1.6005,1.2672,80.306,3412.5611,61.6644,38.3356,0.2507,0.0346,1.5206,0.0903,11.0534,0,0,-1
57,600688,上海石化,0.12,0.18,7.61,192885.2,8.54,28.6241,22571.847999999998,2.0899,13.722000000000001,6.5588,2.9324,30.6916,1.4369,62.6348,36.2638,67.4754,26.5636,27.0942,68.8679,27.0534,1.942,1.3751,97.5142,-5555.9636,75.693,24.307,0.1264,0.0801,1.48,0.3294,33.5068,0,0,0
58,600690,青岛海尔,0.54,0.29,6.38,173876.36,4.6,30.1012,37741.1434,6.1894,3.0396,29.6092,1.6493,54.5686,0.5287,170.2289,69.7253,10.3409,20.8264,75.1867,8.7786,18.9598,1.0623,0.8193,39.4351,1235.3988,30.3382,69.6618,0.1539,0.043,2.702,0.0618,8.4254,0,-1,-1
59,600703,三安光电,0.3,0.17,3.89,69095.49,34.72,45.8094,1989.9349,0.4879,0.9711,92.6784,0.9694,92.8409,0.1699,529.7234,68.8986,51.1252,11.2425,7.6049,-5.5556,11.2425,5.4595,4.9696,275.4715,-18173.5996,74.8043,25.1957,0.3348,0.0274,0.9643,0.1087,30.8886,0,-1,-1
60,600704,物产中大,0.08,0.12,2.03,39340.27,0.67,3.1951,58192.2895,20.2681,10.4386,8.6218,3.5858,25.099,1.0357,86.8978,62.5162,36.9853,11.022,24.0659,15.7527,8.0935,1.0038,0.7053,20.2983,298.0908,26.4557,73.5443,-0.1649,-0.102,-17.8957,-0.1387,-14.8805,1,1,1
61,600705,中航资本,0.2,0.06,2.33,53159.09,51.06,46.4066,1040.9438,0.1159,5.1903,17.34,25.6023,3.5153,0.0126,7142.8571,32.6538,-3.6933,10.0418,11.838,-50.0,10.2126,0.8624,0.8622,71.807,1579.7149,17.9633,82.0367,-23.8017,-0.165,-35.8901,-0.2011,-28.7484,0,0,1
62,600741,华域汽车,0.31,0.49,3.94,152865.82,4.49,14.6716,34002.1525,10.785,1.5478,58.147,4.1197,21.8463,0.4949,181.8549,7.1369,9.0247,11.4374,12.1112,7.064,9.9386,1.334,1.2048,55.4441,-6238.1271,43.338,56.662,0.0176,0.0054,0.2654,0.0096,1.1493,0,-1,-1
64,600809,山西汾酒,0.1,0.54,9.45,46771.06,21.44,71.4823,2180.8926,2.5187,36.2667,2.4816,0.337,267.0623,0.4232,212.6654,48.2852,60.8007,11.0288,12.0273,58.6957,10.7936,1.9764,1.3416,40.9365,-38987.0623,65.5502,34.4498,-0.0259,-0.0069,-0.1142,-0.0201,-2.0205,0,0,-1
65,600867,通化东宝,0.21,0.15,5.2,21029.46,37.19,75.7978,565.3599,0.3975,1.2764,70.5108,0.1367,658.3760000000001,0.2494,360.8661,25.2501,30.5319,57.1261,20.7116,7.1429,58.0475,4.4625,2.6304,75.4811,5157.0616,87.1573,12.8427,0.4118,0.0489,1.1086,0.3809,44.6984,0,0,1
66,600886,国投电力,0.35,0.14,3.17,93000.71,12.18,44.8489,7630.7397,1.1244,2.4652,36.5082,3.7541,23.9738,0.6953,129.4405,10.5894,-19.7168,8.7818,9.2634,-25.0957,6.412000000000001,0.3407,0.3054,11.2644,276.4274,28.616999999999997,71.383,0.462,0.0172,1.9023,0.0241,10.6018,0,0,0
67,600887,伊利股份,1.48,0.29,7.24,173365.33,11.03,37.6399,15716.2905,2.5853,21.6604,4.155,2.1343,42.1684,0.7217,124.7056,3.2260000000000004,11.5272,14.9426,6.5057,11.5385,15.0932,1.4367,1.1379,97.4064,-14434.553,58.6437,41.3563,-0.0337,-0.0124,-0.305,-0.0301,-3.2574,0,0,-1
71,600998,九州通,0.09,0.11,1.63,18579.93,0.98,7.4981,18814.3088,11.4231,1.5965,56.3733,1.7062,52.7488,0.5512,163.2801,21.8048,34.1903,19.4709,16.6371,22.2222,15.7106,1.291,0.9246,17.0622,250.6995,31.3731,68.6269,-0.1417,-0.0621,-14.2019,-0.0906,-9.529,0,0,-1
72,601006,大秦铁路,0.52,0.21,3.46,316120.06,25.38,29.5664,12451.1857,0.8375,2.3569,38.1858,5.332999999999999,16.8761,0.5176,173.8794,12.0445,52.3305,2.271,12.7628,50.0,2.0758,1.1473,1.0733,65.4284,2290.4332,74.2019,25.7981,0.2488,0.0243,0.9942,0.094,13.6657,0,0,0
73,601012,隆基股份,0.36,0.22,4.26,43957.49,16.35,31.3284,2687.1227,1.3463,1.0968,82.0569,1.2664,71.0676,0.2114,425.7332,21.6531,60.8551,77.72399999999999,87.8065,46.6667,78.4275,1.7244,1.5052,65.1106,1377.0336,48.2118,51.7882,-0.3046,-0.0374,-1.8748,-0.0723,-10.5504,0,0,-1
74,601018,宁波港,0.14,0.05,1.95,68185.4,17.86,29.8597,3817.723,0.2898,1.611,55.8659,14.9471,6.0212,0.3138,286.8069,-19.2261,2.0226,7.7201,23.5376,0.0,7.5244,0.8076,0.7955,30.8514,1025.802,63.3263,36.6737,-0.2272,-0.0147,-1.1888,-0.04,-5.6845,0,0,0
75,601088,中国神华,0.38,0.62,3.84,1223500.0,20.03,41.8591,61062.0,3.07,3.7086,24.2679,2.7784,32.3927,0.4225,213.0178,54.9718,116.9866,8.5018,6.341,165.0862,9.3515,1.325,1.2209999999999999,76.5491,1820.3307,67.0186,32.9814,0.4091,0.0422,1.7541,0.1281,21.2728,0,0,-1
76,601111,中国国航,0.24,0.11,2.03,146640.0,5.06,19.1021,28968.982000000004,1.9944,8.6096,10.4534,12.8146,7.0232,1.2104,74.3556,9.7775,-37.2389,28.7648,6.446000000000001,-45.0,30.9744,0.4446,0.4138,24.4226,586.969,38.2795,61.7205,0.0854,0.0106,1.3668,0.0172,3.8511,0,0,-1
77,601117,中国化学,0.11,0.06,1.12,31025.25,2.95,13.1512,10514.5554,2.1314,0.765,117.6471,0.49,183.6735,0.1544,582.9016,-4.8529,2.0736,4.7445,1.7331,-25.0,4.7385,1.438,1.0374,40.4199,617.1031,35.0844,64.9156,-0.1737,-0.0217,-4.6686,-0.0334,-3.8432,1,1,1
80,601216,君正集团,0.09,0.06,3.83,53401.29,28.9,40.3669,1847.6698,0.2189,12.5595,7.1659,2.6803,33.5783,0.3619,248.6875,48.8683,85.81700000000001,13.8683,-2.694,-7.1848,13.8477,1.8271,1.7103,39.2323,1789.9132,72.0081,27.9919,-0.0353,-0.0033,-0.1221,-0.0118,-2.016,0,0,0
82,601238,广汽集团,0.1,0.59,8.35,382857.84,22.67,23.823,16884.7105,2.6112,14.3132,6.2879,5.3838,16.7168,0.488,184.4262,66.4447,103.5902,17.4223,11.9814,96.6667,17.1035,1.5302,1.4281,86.7534,11591.3698,57.7831,42.2169,0.2065,0.0412,0.9098,0.0975,15.5838,0,0,0
83,601333,广深铁路,0.11,0.04,1.0,28250.02,6.55,10.3503,4309.3966,0.6083,1.3130000000000002,68.5453,11.7893,7.6339999999999995,0.7729,116.4446,7.4176,-13.4872,1.9515,3.3993,-13.0435,1.9701,1.386,1.3069,46.8206,-10684.4016,86.9314,13.0686,0.217,0.0287,3.3225,0.2197,22.9126,0,1,1
85,601360,三六零,0.09,0.04,0.96,1640.36,3.44,29.3367,476.6711,1.2001,0.5885,152.9312,1.1968,75.2005,0.2588,347.7589,-4.0377,-58.3599,2.6175,-1.1872,-56.9792,2.8989999999999996,2.0155,1.7,53.6297,6312.5995,66.8199,33.1801,-0.1615,-0.0294,-4.8359,-0.0887,-8.8898,0,0,0
86,601390,中国中铁,0.56,0.11,1.84,262258.3,1.95,8.9101,133992.358,5.8654,0.9187,97.9645,0.5329,168.8872,0.2252,399.6448,5.2267,19.3604,9.904,5.575,7.0,8.1822,1.1849,0.7204,20.7904,420.0174,20.6791,79.3209,-0.1436,-0.0254,-6.8473,-0.032,-3.8314,0,0,1
87,601607,上海医药,0.21,0.37,3.11,99938.68,3.01,12.3812,33129.4881,12.3207,1.1383,79.0653,1.8198,49.456,0.5279,170.4868,13.164000000000001,3.3876,8.1952,14.2124,12.364,5.8578,1.4161,1.08,29.9813,905.8596,42.6729,57.3271,0.0114,0.0042,0.3298,0.0074,0.8166,0,-1,-1
89,601618,中国中冶,0.24,0.07,2.35,144173.8,3.26,11.9758,44180.003,2.1318,0.6306,142.7212,0.3104,289.9485,0.1437,626.3048,3.7708,7.1682,23.2345,13.2445,0.0,24.0627,1.2235,0.7205,16.1089,452.9334,23.0255,76.9745,-0.3815,-0.0433,-9.9865,-0.0563,-6.6049,0,0,1
90,601633,长城汽车,0.07,0.21,4.05,195468.82,8.42,21.7373,23198.6705,2.5416,41.3102,2.1786,2.775,32.4324,0.4346,207.08700000000002,11.2944,-18.2945,20.9471,27.6215,-18.4215,20.9627,1.364,1.1827,17.9134,4430.4663,54.9568,45.0432,-0.2316,-0.0598,-2.7428,-0.1328,-13.8686,0,0,0
91,601668,中国建筑,1.27,0.24,3.63,708347.8,3.01,8.9367,234827.342,7.8275,1.7241,52.2011,0.4146,217.0767,0.2141,420.3643,9.6999,10.2578,21.5693,26.9652,14.2857,13.1359,1.4116,0.7116,38.5077,981.5426,21.873,78.127,-0.2844,-0.0486,-7.3087,-0.0622,-8.7009,0,0,0
92,601669,中国电建,0.32,0.12,3.02,170593.57,3.21,12.5204,53062.6671,3.8578,1.3478,66.7755,0.4086,220.2643,0.1869,481.5409,8.6659,12.699000000000002,18.4386,21.9416,5.4422,10.8998,1.0943,0.6458,31.0129,267.2956,17.1845,82.8155,-0.1889,-0.0194,-5.1978,-0.0235,-3.8797,0,0,1
94,601727,上海电气,0.19,0.04,1.07,48565.9,3.72,23.5037,13034.616000000002,0.9704,0.4801,187.4609,0.3674,244.9646,0.0973,924.9743,-13.4969,-9.1191,15.9707,11.4487,-1.0929,21.47,1.2886,1.0061,40.6062,871.8831,33.1699,66.8301,-0.56,-0.0414,-9.0927,-0.0619,-7.0135,0,0,0
95,601766,中国中车,0.93,0.04,1.02,115198.8,3.42,22.0793,33592.333,1.1705,0.4399,204.592,0.4418,203.7121,0.1506,597.6096,-16.7083,-38.7866,18.7593,8.0065,-42.8571,19.6825,1.268,0.9076,24.4386,918.2663,39.9478,60.0522,-0.4623,-0.0451,-10.3573,-0.0751,-8.7329,0,0,0
98,601877,正泰电器,0.22,0.18,2.18,35926.96,9.02,28.3903,3980.9527,1.865,0.6858,131.2336,1.3285,67.7456,0.2166,415.5125,67.1601,12.8106,154.3002,217.3819,-28.0,158.06,1.8075,1.6063,63.1747,496.1371,47.2674,52.7326,-0.0141,-0.0014,-0.1452,-0.0027,-0.5023,0,0,-1
100,601899,紫金矿业,0.43,0.05,3.54,100563.35,5.44,14.1322,18457.4716,0.8568,23.9786,3.7533,1.2789,70.373,0.7099,126.7784,-4.8469999999999995,1250.4536,2.7975,-0.8592,1466.6667,7.0,0.8106,0.4386,19.2961,375.4774,35.4962,64.5038,0.055,0.0111,0.9201,0.0172,2.9546,0,0,0
103,601933,永辉超市,0.32,0.08,3.8,74375.65,4.87,20.9314,15261.3891,1.5946,27.3211,3.2942,2.6304,34.2153,0.7451,120.7892,13.7562,56.217,57.7986,43.3953,-33.3333,56.9938,2.1211,1.7263,78.1422,-4442.2124,67.3307,32.6693,0.0591,0.0302,1.2423,0.0924,9.3777,0,0,-1
105,601991,大唐发电,0.08,0.05,1.58,63095.6,4.12,14.1894,15312.078000000001,1.1504,1.8654,48.247,5.1384,17.5152,0.7525,119.6013,16.4422,24.5744,-7.2003,-22.9512,-7.6023,-11.6761,0.3708,0.3283,7.3231,161.6346,25.5372,74.4628,0.2584,0.017,6.5302,0.0229,7.1553,0,0,1
106,601992,金隅集团,0.12,0.04,0.99,44058.83,3.88,26.4167,11338.723,1.0618,1.2603,71.4116,0.1223,735.8953,0.0943,954.4008,52.5853,-26.4095,49.008,57.7491,33.3333,16.7454,1.2233,0.4923,22.067,141.6336,30.0658,69.9342,-0.7008,-0.0379,-132.4554,-0.0542,-8.0323,1,0,-1
107,603160,汇顶科技,0.08,0.39,6.21,17534.8,23.97,47.3593,731.4594,1.6437,1.2274,73.3257,0.6144,146.4844,0.2429,370.5228,90.2144,150.423,154.5692,112.1806,124.7576,154.7996,6.5897,5.0947,258.1082,17363.1518,85.7502,14.2498,0.1698,0.0366,0.7081,0.2566,26.4023,0,0,-1
108,603288,海天味业,0.59,0.36,9.3,97695.45,24.35,44.6862,4011.0268,1.4828,1272.5466,0.0707,2.5316,35.5506,0.4612,195.1431,17.1141,20.4933,38.3598,16.9369,20.0,38.236999999999995,3.9160000000000004,3.5444,230.5752,-4132.6361,83.1266,16.8734,-0.0232,-0.006999999999999999,-0.0953,-0.0416,-4.2496,0,0,-1
112,603993,洛阳钼业,0.28,0.04,3.14,59722.04,10.32,37.9245,5782.5303,0.3424,3.4343,26.2062,0.7057,127.5329,0.2855,315.2364,399.6429,641.6055,93.6928,167.0988,300.0,10.0058,1.3026,0.9825,64.7974,464.2406,39.6491,60.3509,0.2468,0.0162,1.4291,0.0268,8.9764,0,-1,-1
113,000002,万科Ａ,1.23,0.06,0.61,69541.16,3.74,29.8041,18589.2288,1.6839,9.7588,9.2224,0.0272,3308.8235,0.0249,3614.4578,27.2249,-11.2538,16.7476,34.5937,-16.0,13.2503,1.232,0.4487,14.494,524.9554,18.2673,81.7327,-0.5123,-0.0107,-8.5865,-0.0131,-1.5174,0,-1,-1
114,000063,中兴通讯,0.5,0.29,4.5,121360.7,4.71,32.1995,25744.612,6.1503,0.8463,106.3453,0.6539,137.6357,0.22899999999999998,393.0131,17.7784,24.1531,-3.7812,4.5921,26.087,-6.218999999999999,1.2361,0.9429,32.2719,-10941.298,29.5379,70.4621,-0.0377,-0.0069,-0.7372,-0.0098,-1.0715,0,-1,-1
115,000069,华侨城Ａ,0.28,0.09,1.71,75698.7,12.29,45.5734,6155.3963,0.7501,12.2826,7.3274,0.0495,1818.1818,0.0552,1630.4348,11.9092,26.9232,15.6662,32.1169,26.0929,16.2523,1.5203,0.6421,24.6886,505.4125,31.1568,68.8432,-1.2202,-0.0476,-9.2462,-0.0691,-9.7816,0,-1,-1
116,000100,TCL集团,0.28,0.04,1.91,44781.99,1.76,18.215999999999998,25370.058999999997,2.0771,1.9555,46.023999999999994,1.5461,58.211000000000006,0.3282,274.223,8.4232,89.1641,16.4175,20.7248,72.3005,-3.9333,1.1323,0.9305,38.3043,357.5886,31.2747,68.7253,0.0923,0.0156,3.4819999999999998,0.0227,3.3703,0,0,0
118,000338,潍柴动力,0.4,0.3,3.65,117993.41,3.37,20.6311,34988.301,8.75,2.4406,36.8762,1.6849,53.4156,0.4285,210.035,85.3262,113.9581,9.4915,45.9593,172.7273,2.7882,1.2879,1.0378,41.9733,1139.1343,26.326,73.67399999999999,-0.0165,-0.0033,-0.3881,-0.0045,-0.8556,0,-1,-1
119,000402,金 融 街,0.08,0.18,1.92,53839.81,10.25,30.2738,5251.3722,1.7569,5.105,17.6298,0.067,1343.2836,0.0625,1440.0,22.079,-29.3019,6.2969,9.6817,-30.7692,7.8251,2.8466,1.0911,49.3506,405.3219,26.8235,73.1765,0.1758,0.0078,1.6729,0.0107,3.0659,0,0,1
121,000413,东旭光电,0.18,0.08,1.75,39278.26,18.1,31.2066,2169.6282,0.4392,1.4202,63.3714,0.4921,182.8897,0.0625,1440.0,37.1714,17.7239,57.6378,66.5754,-11.1111,54.1392,3.6801,3.3221,256.2704,429.9793,49.5316,50.4684,-0.3836,-0.0175,-1.9319,-0.0346,-8.8219,0,0,1
122,000415,渤海租赁,0.07,0.06,1.28,40065.9,4.21,28.7811,9500.690999999999,1.5362,6.3877,14.0896,3851.0433,0.0234,0.1219,738.3101,78.0575,30.092,16.9559,60.7883,86.2069,15.0432,2.0593,2.0593,190.826,145.6861,13.3824,86.6176,0.3078,0.0103,5.2232,0.0118,5.4096,0,0,1
123,000425,徐工机械,0.16,0.03,0.98,20181.88,3.36,17.7444,5997.9016,0.8558,0.3843,234.192,0.703,128.0228,0.1921,468.506,72.4704,1780.5191,0.496,3.7544,2800.0,0.4554,1.5452,1.1878,19.9146,367.194,45.5265,54.4735,0.1153,0.0152,3.432,0.0279,3.3444,0,0,1
124,000538,云南白药,0.41,0.7,4.47,72514.19,12.27,30.5344,5908.7159,5.6738,5.247999999999999,17.1494,0.5663,158.9264,0.2638,341.1676,14.2781,15.6617,17.0543,25.9776,16.6667,17.0465,3.3930000000000002,2.262,46.8226,-33031.1562,65.5489,34.4511,-0.1459,-0.0341,-1.2006,-0.099,-12.8635,0,0,-1
125,000553,安道麦A,0.02,0.1,2.89,5871.67,8.95,21.4852,655.8346,1.1042,2.2975,39.173,2.6705,33.7016,0.5655,159.1512,37.1984,632.4196,-2.0209,0.2124,632.5926,-2.0209,1.9479,1.6116,78.6776,1471.9587,67.4616,32.5384,0.0108,0.0023,0.1211,0.0071,1.1276,0,0,-1
126,000625,长安汽车,0.14,0.5,5.36,240134.48,13.59,15.1513,17667.4987,3.6786,8.9997,10.0003,1.7355,51.8583,0.2623,343.1186,-7.0183,-10.1252,24.2895,17.836,-12.2807,24.1606,1.1379,0.9728,46.9085,-2003.6695,40.9514,59.0486,0.2449,0.0387,1.8095,0.0656,7.164,0,0,1
127,000627,天茂集团,0.09,0.03,0.8,11004.43,69.5,17.9288,158.3157,0.0371,3.5547,25.3186,0.2911,309.1721,0.0067,13432.8358,-39.6949,-79.3743,13.118,14.199000000000002,-87.5,9.2379,9.1311,8.9817,404.0575,--,16.0809,83.9191,56.8236,0.0708,39.2436,0.0844,295.9926,0,0,-1
129,000651,格力电器,1.83,0.67,7.19,401453.65,13.52,34.37,29681.5045,4.9339,6.547999999999999,13.7447,1.7356,51.8553,0.1995,451.1278,20.4573,27.0738,13.8983,15.3738,26.4151,14.1516,1.1106,1.0142,78.4746,-6800.8964,29.6568,70.3432,0.2957,0.0442,2.1748,0.0628,6.3042,0,-1,-1
130,000661,长春高新,0.25,0.84,3.62,14372.31,19.4,87.5923,740.7039,4.3542,1.4523,61.9707,0.1029,874.6356,0.1603,561.4473,15.2554,27.0892,88.7589,68.3126,-9.6774,112.7523,2.6511,2.0412,71.4652,-8834.6357,70.1848,29.8152,-0.0008,-0.0001,-0.0027,-0.0003,-0.0318,0,0,-1
131,000671,阳光城,0.09,0.05,1.59,21138.06,8.72,28.6668,2422.758,0.5982,3.6964,24.348000000000003,0.0198,4545.4545,0.0183,4918.0328,3.8641,14.1091,37.6925,116.4691,66.6667,9.3263,2.0062,0.6717,39.5893,589.8272,12.3545,87.6455,0.6319,0.0098,6.678,0.0111,2.0429,0,0,0
132,000703,恒逸石化,0.16,0.28,4.04,45011.69,5.08,4.8741,8847.1092,5.4616,10.841,8.3018,3.7974,23.7004,0.8206,109.6758,59.3525,196.7643,63.5905,16.3423,133.3333,75.7523,0.7581,0.5721,17.4327,975.6608,50.3356,49.6644,0.0085,0.0027,0.1508,0.0054,0.5623,0,0,-1
133,000725,京东方A,0.66,0.07,3.02,241301.57,11.04,28.6316,21854.9744,0.6217,1.3901,64.7435,1.8247,49.3232,0.2435,369.6099,77.7154,2443.3145,18.5355,31.2864,2200.0,4.4122,2.0966,1.8771,121.5073,742.9898,45.1437,54.8563,0.2844,0.0291,2.3863,0.053,14.732000000000001,0,0,-1
137,000786,北新建材,0.12,0.08,1.43,14966.92,8.41,27.6562,1779.4612,0.9949,9.2115,9.7704,0.9394,95.8058,0.3661,245.8345,23.9257,9.677999999999999,12.9572,4.5682,18.3099,33.2025,1.8117,1.2705,37.832,1018.1777,72.5933,27.4067,-0.1065,-0.013000000000000001,-1.2504,-0.0473,-6.8903,0,0,-1
138,000826,启迪桑德,0.08,0.22,2.23,21006.45,11.56,27.5693,1815.9460000000001,2.1256,0.6082,147.9776,2.9225,30.7956,0.2375,378.9474,11.142000000000001,7.4064,34.5027,38.4516,-5.6522,35.4141,0.7061,0.6655,24.2334,389.224,39.7462,60.2538,-0.1425,-0.0108,-1.2443,-0.0179,-2.3867,0,0,0
139,000839,中信国安,0.1,0.01,0.83,5455.73,4.85,19.2811,1122.9846,0.2864,1.1634,77.3595,0.6732,133.6898,0.245,367.3469,35.4069,-30.7103,1.5351,28.2343,-74.955,1.4125,0.8318,0.5822,27.6286,227.7002,45.8319,54.1681,-0.2216,-0.0165,-4.1508,-0.0304,-4.5281,0,0,-1
140,000858,五 粮 液,1.05,0.95,7.35,359311.24,35.36,70.5344,10158.8075,2.6762,77.7679,1.1573,0.3215,279.9378,0.1771,508.1875,15.1066,24.2972,9.6964,11.2854,23.7908,9.5989,3.8497,3.2510000000000003,233.0141,-2185.6444,76.5399,23.4601,0.1815,0.0272,0.493,0.1158,11.7875,0,-1,-1
141,000876,新 希 望,0.16,0.15,3.03,63893.2,4.37,8.2453,14614.4426,3.4664,25.0697,3.59,3.1067,28.9696,1.5012,59.952,19.4124,-6.0331,7.8365,10.8844,-53.125,8.2784,1.0221,0.59,31.9769,1702.4503,66.9615,33.0385,0.0067,0.0024,0.1214,0.0074,0.9738,0,0,0
142,000895,双汇发展,0.25,0.27,6.0,87861.66,7.19,16.8895,12211.8967,3.701,124.8236,0.721,3.5444,25.3922,1.4875,60.5042,-4.1444,-17.712,-13.9979,-2.0368,-18.1623,-15.6751,1.3889,1.0176,64.6587,8051.4278,69.9614,30.0386,0.1268,0.0678,1.6964,0.2257,22.9248,0,0,-1
143,000938,紫光股份,0.07,0.3,1.32,31600.86,4.06,23.6013,7773.6131,7.4581,1.9854,45.3309,1.8816,47.8316,0.4841,185.912,152.8963,1231.5639999999999,1114.9731,540.1743,57.8125,1114.9649,1.8719,1.4821,40.742,2257.1596,74.7865,25.2135,-0.092,-0.0194,-1.354,-0.077,-8.4665,0,0,-1
145,000961,中南建设,0.11,0.04,1.1,15078.74,2.63,18.4971,5712.2175,1.5397,0.9091,98.999,0.0603,1492.5373,0.0511,1761.2524,8.3144,-7.1039,-8.9835,19.2681,-68.0315,-0.5129,1.5795,0.4661,14.6022,654.3069,13.3298,86.6702,0.0166,0.0008,0.6191,0.0009,0.131,0,0,1
146,000983,西山煤电,0.09,0.15,2.78,46493.8,6.72,36.3086,6912.5547,2.1936,1.4607,61.6143,1.369,65.7414,0.4472,201.2522,63.0052,751.1389999999999,4.4845,5.5338,857.7922,4.8901,0.7234,0.5829,16.4269,392.7988,35.9417,64.0583,0.0553,0.0069,0.7113,0.0107,1.6549,0,0,1
147,001979,招商蛇口,0.44,0.27,3.69,212188.37,30.57,23.1474,6939.7399,0.8779,27.954,3.2196,0.0453,1986.755,0.0321,2803.7383,53.4083,215.3804,27.3701,20.6072,170.0,23.5028,1.7353,0.7849,32.6987,3337.2547,30.6273,69.3727,-1.6017,-0.0425,-4.4915,-0.0612,-8.6927,0,0,-1
148,002001,新和成,0.14,0.21,2.83,23174.22,18.87,38.9011,1227.9878,1.1277,1.4162,63.5503,0.5963,150.9307,0.21,428.5714,13.0105,40.6809,15.2916,23.1881,50.0,15.128,2.3089,1.8145,87.7678,1703.8631,69.7877,30.2123,0.1034,0.0106,0.5489,0.0352,4.9199,0,0,-1
149,002007,华兰生物,0.2,0.27,5.88,25533.6,47.45,65.5578,538.0197,0.5784,1.2242,73.5174,0.1904,472.6891,0.1627,553.1653,30.7997,29.4711,14.7939,15.4065,-17.0695,16.0556,15.3271,10.7468,131.2311,-5121.5401,95.4383,4.5617,-0.1677,-0.0184,-0.3615,-0.4029,-40.2876,0,0,0
150,002008,大族激光,0.28,0.14,2.79,15141.33,9.95,40.7616,1521.7029,1.426,0.6348,141.7769,0.4086,220.2643,0.2593,347.0883,28.7925,33.5931,15.6226,38.6958,27.2727,14.7325,1.2872,0.7515,15.0108,1160.2307,52.2778,47.7222,-0.2411,-0.033,-2.3449,-0.0692,-7.6553,0,-1,-1
153,002032,苏泊尔,0.09,0.58,7.76,36647.88,9.28,31.1429,3946.5577,6.2468,3.4064,26.4209,1.9302,46.6273,0.6133,146.7471,25.9609,20.387999999999998,-6.9097,5.5574,32.6484,4.6297,2.2313,1.8393,17.7715,-30677.4869,63.1357,36.8643,0.1053,0.0533,1.1334,0.1445,14.5681,0,1,1
155,002050,三花智控,0.14,0.09,3.16,17111.66,9.19,26.3265,1861.9412,1.0335,1.5148,59.4138,1.1312,79.5615,0.3295,273.1411,23.4534,32.6942,14.7888,8.2609,28.5714,14.6067,2.1103,1.6627,61.843,1649.9672,64.1379,35.8621,0.0466,0.01,0.4982,0.0279,3.181,0,-1,-1
156,002065,东华软件,0.14,0.3,5.18,46675.88,36.45,32.2785,1280.5199,0.8156,0.2782,323.5083,0.2796,321.8884,0.1274,706.4364,21.6078,173.1829,7.0024,14.4235,167.8378,6.8664,2.7464,1.9048,24.2066,7162.0468,70.0013,29.9987,-0.4455,-0.0441,-1.2249,-0.147,-14.9672,0,0,-1
157,002081,金螳螂,0.14,0.18,4.69,47825.8,10.99,15.7424,4347.9131,1.6448,0.2544,353.7736,18.5336,4.856,0.2034,442.4779,3.9391,0.0496,15.3913,12.2471,-31.269000000000002,14.9127,1.3787,1.3653,10.6676,1581.0969,41.4256,58.5744,-0.0767,-0.013000000000000001,-0.7103,-0.0222,-2.2214,0,0,-1
158,002085,万丰奥威,0.11,0.11,3.7,19995.84,7.99,21.9208,2499.8027,1.3717,1.5202,59.2027,1.8799,47.8749,0.5479999999999999,164.2336,17.2654,10.1745,19.4444,6.9408,-40.5084,26.4617,1.7307,1.3437,46.0744,1673.5536,62.9077,37.0923,0.0972,0.0257,1.0969,0.0693,9.1099,0,-1,1
159,002120,韵达股份,0.04,0.28,6.95,27886.76,14.74,28.6693,1891.7798,1.8663,5.8773,15.3132,54.6406,1.6471,0.6195,145.2785,769.9162,1777.4362,806.4138,588.4318,300.0,872.0747,1.1519,1.1425,21.8691,-47642.9084,61.285,38.715,-0.0712,-0.0205,-0.4802,-0.0528,-5.3715,0,0,-1
161,002146,荣盛发展,0.15,0.11,1.92,45802.7,8.96,31.2797,5110.0619,1.1752,12.9211,6.9654,0.0372,2419.3548,0.0354,2542.3729,26.2476,48.5611,15.0583,40.4472,37.5,15.1572,1.5759,0.5237,19.0446,224620.9328,16.4372,83.5628,-0.1579,-0.0051,-1.5426,-0.0062,-0.8522,1,1,1
162,002153,石基信息,0.09,0.06,1.26,6279.14,11.44,45.3906,548.5099,0.5141,1.4861,60.5612,1.0349,86.9649,0.1535,586.3192,28.392,2.676,6.0623,10.7798,-62.5,8.4914,4.4808,4.0789,218.5216,-2445.2154,82.6051,17.3949,-0.0727,-0.0065,-0.644,-0.0373,-5.0629,0,0,-1
163,002202,金风科技,0.25,0.06,0.81,18063.66,5.04,32.9715,3583.8934,1.3101,0.2385,377.3585,0.6864,131.1189,0.1119,804.2895,-10.0329,-46.0857,17.3336,18.1956,-55.9823,17.6599,1.371,1.2024,20.8764,234.5152,33.7174,66.2826,-0.6259,-0.0363,-10.776,-0.0548,-9.9315,0,0,0
164,002236,大华股份,0.22,0.1,3.42,28683.84,10.82,39.7464,2648.6124,0.9135,0.4374,205.7613,0.6662,135.0946,0.2101,428.3674,48.5707,28.7268,29.316,34.8406,42.8571,29.1982,2.1041,1.659,35.8768,3225.8431,58.6347,41.3653,-0.5226,-0.09300000000000001,-5.015,-0.2248,-23.826,-1,-1,-1
165,002241,歌尔股份,0.14,0.2,2.71,29911.86,6.6,22.3295,4525.9238,2.9594,0.9074,99.1845,1.3438,66.9743,0.3798,236.9668,68.3278,48.2644,15.4455,29.2801,53.8462,16.593,1.3394,1.0274,46.0277,445.2742,47.6855,52.3145,0.0789,0.0152,1.2398,0.028999999999999998,3.9795,1,1,1
166,002252,上海莱士,0.13,0.05,1.88,22222.8,55.31,64.4403,401.7625,0.0808,1.1217,80.2354,0.168,535.7143,0.0642,1401.8692,-17.4815,-31.3709,8.6409,18.1122,-59.0909,9.0787,9.6544,8.3102,329.2772,7571.2657,85.9396,14.0604,-0.3433,-0.0099,-0.6242,-0.0703,-20.6613,0,0,0
167,002271,东方雨虹,0.12,0.09,1.57,7875.86,5.25,40.2738,1497.7884,1.6968,0.5428,165.8069,1.0903,82.5461,0.2536,354.8896,45.9108,40.7577,28.5507,43.9326,28.5714,28.285999999999998,1.6048,1.3461,36.1762,952.8777,58.3721,41.6279,-0.1058,-0.0181,-2.0436,-0.0434,-4.4175,0,-1,-1
168,002304,洋河股份,0.61,1.82,10.0,274295.7,36.14,61.2324,7588.5777,5.0355,449.8006,0.2001,0.2504,359.4249,0.3004,299.6005,10.8953,11.464,13.3141,9.0695,11.6564,13.3998,2.5928,1.4326,18.7326,-19018.2595,74.1278,25.8722,0.1542,0.0301,0.4275,0.1165,12.0442,0,0,0
169,002311,海大集团,0.2,0.04,1.02,5781.47,1.05,9.9353,5466.1402,3.4556,7.4195,12.1302,2.0555,43.785,0.8939,100.6824,36.5307,60.2894,14.5781,33.8973,33.3333,13.3653,1.1438,0.6919,21.3539,552.1927,48.857,51.143,-0.0496,-0.0225,-3.9397,-0.0439,-4.4827,0,0,-1
170,002352,顺丰控股,0.17,0.18,3.7,77371.49,5.0,20.1037,15470.9459,3.6979,3.5776,25.1565,32.3215,2.7845,0.7553,119.15799999999999,10983.4398,22009.0595,2905.1161,5119.4014,500.0,2899.2541,1.1715,1.1495,55.5449,1029.5694,49.3727,50.6273,0.0006,0.0002,0.012,0.0004,0.0546,0,0,0
171,002411,延安必康,0.07,0.11,1.98,16607.23,20.08,51.9445,826.8501,0.5396,0.7709,116.7467,1.4937,60.2531,0.0913,985.7612,-5.7424,-28.993000000000002,9.8933,38.638000000000005,-41.5948,10.1314,3.2587,3.1593,178.0605,432.8745,46.9484,53.0516,0.2038,0.0092,1.01,0.0173,6.1144,0,-1,-1
172,002415,海康威视,1.01,0.25,5.91,148081.69,21.02,42.7769,7043.7241,1.1443,0.6049,148.7849,0.9774,92.081,0.1899,473.9336,35.4638,29.8015,27.0164,36.9158,-14.0351,26.3296,3.1918,2.8171,137.3391,8420.6074,60.9498,39.0502,-0.4308,-0.0711,-2.0499,-0.1822,-25.7128,0,1,1
173,002422,科伦药业,0.19,0.13,1.67,19264.84,7.91,43.8168,2434.1996,1.6904,0.6437,139.8167,0.6466,139.1896,0.2563,351.151,21.4472,3.4784,4.9644,8.2351,-7.1429,4.6081,0.8371,0.6658,19.0349,356.154,46.5664,53.4336,0.0851,0.0081,0.9224,0.0151,1.6909999999999998,0,0,0
174,002450,康得新,0.17,0.15,3.42,54149.05,20.05,37.5856,2700.2412,0.765,0.5958,151.0574,2.5288,35.59,0.1193,754.4007,34.501,35.8145,67.3753,46.2354,-38.64,67.7758,2.9730000000000003,2.8805,191.4634,982.6574,57.1602,42.8398,0.4227,0.0404,2.1075,0.0943,14.434000000000001,0,0,-1
175,002456,欧菲科技,0.19,0.18,2.34,19055.89,3.07,11.982999999999999,6192.5429,5.7007,0.8332,108.0173,1.1675,77.0878,0.4019,223.9363,47.0941,52.1756,28.7854,57.506,46.1667,34.1719,1.2035,0.8406,21.3842,343.6308,32.7639,67.2361,-0.0787,-0.0194,-2.5581,-0.0288,-3.6651,1,1,1
176,002460,赣锋锂业,0.18,0.18,5.35,13645.17,21.82,34.0426,625.1532,0.8305,1.4702,61.2162,0.6882,130.7759,0.3609,249.3766,-5.7462,27.0234,30.9316,49.9976,-35.7143,30.8518,1.2113,0.8071,26.0667,1239.7557,57.5696,42.4304,-0.0465,-0.0064,-0.2131,-0.0151,-1.7687,0,-1,-1
177,002466,天齐锂业,0.21,0.41,8.25,40577.87,38.15,68.7858,1063.6318,1.0695,6.1112,14.7271,0.6834,131.6945,0.2634,341.6856,41.0664,47.7682,51.0816,51.4839,-62.2815,53.4834,1.4069999999999998,1.2376,58.0614,-7451.9731,55.3162,44.6838,0.6201,0.0552,1.315,0.1235,22.3015,0,-1,-1
178,002493,荣盛石化,0.14,0.24,4.78,62088.13,3.98,6.8438,15598.5588,6.1315,20.4573,4.3994,5.8736,15.3228,1.0273,87.6083,116.1973,277.9901,16.1422,3.6077,300.0,20.9777,0.8062,0.685,22.3477,432.1906,35.3514,64.6486,0.0372,0.0133,0.9784,0.0206,2.8253,1,1,1
179,002508,老板电器,0.1,0.35,5.91,25157.67,18.47,58.9935,1361.8835,1.8654,4.6905,19.1877,0.5999,150.025,0.2431,370.218,33.9808,54.2845,30.6579,30.5709,2.9412,30.6285,2.435,2.0377,152.3242,-1685.1303,64.154,35.846,0.1366,0.0271,0.7397,0.0757,7.8046,1,1,1
180,002555,三七互娱,0.06,0.21,9.13,43303.32,26.75,66.885,1618.7379999999998,0.7764,2.0266,44.4094,6.0197,14.9509,0.5804,155.0655,36.2834,107.4995,33.6898,43.0833,2.4631,31.615,1.6788,1.6216,67.2517,39627.3775,73.0053,26.9947,0.3946,0.0909,1.2890000000000001,0.3366,34.2815,0,-1,-1
182,002572,索菲亚,0.12,0.17,1.97,7722.63,8.09,32.3579,953.8008,2.0657,8.012,11.2332,2.4587,36.6047,0.3075,292.6829,48.3008,57.9056,82.9619,82.4348,40.2347,85.4636,2.5985,2.3787,158.2082,-1658.7186,77.0413,22.9587,-0.1783,-0.032,-2.5825,-0.1393,-14.5868,1,1,1
183,002594,比亚迪,0.49,0.2,1.15,60579.5,2.87,21.0034,21046.138,7.7144,0.5069,177.5498,0.9643,93.33200000000001,0.2701,333.2099,3.7510000000000003,-12.9539,52.7325,30.409000000000002,-37.5,57.1003,1.0587,0.8254,13.1001,368.9989,38.4982,61.5018,-0.1149,-0.0165,-3.095,-0.0269,-3.2998,0,0,0
184,002601,龙蟒佰利,0.08,0.29,4.63,58519.68,24.89,39.7749,2350.2852,1.1565,2.5478,35.3246,1.0779,83.4957,0.4759,189.1154,273.8921,3002.9102,445.2777,213.4115,222.2222,441.7908,1.2453,0.9288,32.5707,2524.8527,70.3406,29.6594,0.0243,0.003,0.0944,0.0102,1.3458,0,0,-1
185,002625,光启技术,0.05,0.02,0.34,1777.53,16.63,35.4549,106.8369,0.0842,0.7899,113.9385,2.2744,39.5709,0.0292,3082.1918,10.0191,105.5521,1285.0829,960.2869999999999,-33.3333,1285.0829,64.0714,63.8303,5273.3864,-182.2743,98.4144,1.5856,0.22699999999999998,0.0032,1.3645,0.2018,21.9404,0,0,0
188,002773,康弘药业,0.05,0.23,5.09,15159.68,23.61,90.0724,642.0394,0.9512,4.725,19.0476,0.4415,203.8505,0.2151,418.41,22.6197,47.8215,16.21,25.0286,-0.9174,17.2671,5.8857,5.6163,417.8872,-2904.633,76.9698,23.0302,0.109,0.0176,0.4615,0.0762,13.3132,0,0,-1
189,300017,网宿科技,0.12,0.25,2.65,19644.3,16.71,35.6884,1175.0589,1.4659,1.0925,82.3799,3.5155,25.6009,0.1761,511.0733,20.5995,-18.837,20.0931,26.1844,-28.2074,19.5814,4.9285,4.7896,257.4886,-1446.4457,82.6557,17.3443,-0.0186,-0.0024,-0.1115,-0.0137,-1.6966,1,1,1
191,300059,东方财富,0.47,0.02,0.78,10052.43,42.19,57.4585,238.2643,0.0669,0.7855,114.5767,0.7427,121.1795,0.0099,9090.9091,-31.879,-14.3836,55.8484,39.1093,-33.0484,55.9171,1.4267,1.4192,59.4649,-1841.7773,40.8342,59.1658,0.4687,0.0035,1.1162,0.006,0.6057,0,1,1
192,300070,碧水源,0.16,0.07,1.47,23029.92,20.57,25.5381,1119.4479,0.3572,0.263,342.2053,1.5501,58.0608,0.0694,1296.83,77.5191,851.2233,18.9671,82.5281,133.3333,15.0556,1.2888,1.2395,70.6243,627.7079,50.6319,49.3681,-1.5289,-0.0517,-7.6770000000000005,-0.1048,-13.0867,0,1,1
193,300072,三聚环保,0.12,0.37,6.72,43671.57,7.9,15.6173,5521.8074,4.6184,0.8151,110.4159,5.347,16.8319,0.3279,274.4739,218.2006,131.9131,40.3098,67.9945,42.3077,39.5208,1.9003,1.7922,61.8642,446.2069,36.5556,63.4444,-0.16,-0.0455,-1.9861,-0.0717,-9.6973,1,1,1
194,300124,汇川技术,0.21,0.11,3.58,17245.17,22.05,46.5688,781.8836,0.4695,0.7845,114.7228,0.5135,175.2678,0.1211,743.1874,37.7286,24.6325,18.1924,35.7067,-38.8889,17.2794,2.3701,2.0518,55.1284,-1882.9984,64.5823,35.4177,0.0058,0.0006,0.0257,0.0016,0.1658,0,0,-1
195,300136,信维通信,0.18,0.22,9.25,20425.66,28.43,29.6922,718.3366,0.7324,0.6777,132.8021,2.4530000000000003,36.6898,0.3291,273.4731,102.0973,180.197,45.7447,66.9589,76.1671,45.744,1.9593,1.7924,81.8936,3643.6862,62.0351,37.9649,0.3535,0.073,1.258,0.1924,21.473000000000003,0,-1,-1
197,300296,利亚德,0.13,0.21,3.8,17246.92,15.29,40.1716,1127.9704,1.3849,0.6381,141.0437,0.3101,290.22900000000004,0.1936,464.876,39.6903,114.4744,88.4326,103.3882,90.9091,90.5839,1.3623,0.8662,39.295,1364.4403,43.2185,56.7815,-0.1223,-0.0127,-0.7987,-0.0224,-2.8803,1,1,1
198,300408,三环集团,0.19,0.14,4.44,23231.9,34.32,47.0263,676.817,0.3916,0.7975,112.8527,0.8708,103.3532,0.1443,623.7006,1.5028,3.3289999999999997,18.4454,21.8011,7.6923,18.55,11.3445,10.3632,236.045,4683.7425,84.2792,15.7208,0.6393,0.0678,1.8605,0.4311,101.8556,0,0,0
199,300433,蓝思科技,0.06,0.1,1.56,22057.98,5.36,24.9153,4108.4467,1.8832,1.2518,71.8965,1.6034,56.1307,0.4557,197.4984,53.5413,33.201,34.8975,37.8052,-58.7515,34.2535,0.8688,0.6977,33.2359,1366.7526,52.7082,47.2918,0.2618,0.0396,4.8824,0.0838,9.7415,1,1,1
