,code,name,weight,eps,roe,net_profits,net_profit_ratio,gross_profit_rate,business_income,bips,arturnover,arturndays,inventory_turnover,inventory_days,currentasset_turnover,currentasset_days,mbrg,nprg,nav,targ,epsg,seg,currentratio,quickratio,cashratio,icratio,sheqratio,adratio,cf_sales,rateofreturn,cf_nm,cf_liabilities,cashflowratio,label3_1,label3_2,label3_3
1,600004,白云机场,0.11,0.55,6.93,78090.3,24.29,39.4627,3213.6615,2.2518,4.1724,43.1406,27.2795,6.5984,1.4313,125.7598,7.672999999999999,12.6597,36.9623,16.6421,-8.3333,38.0578,0.6006,0.5829,32.9989,-33622.5236,73.7671,26.2329,0.5003,0.083,2.0443,0.3163,40.2927,1,1,1
2,600009,上海机场,0.52,0.88,7.33,169579.94,43.5,48.2239,3897.7133,2.0227,3.4497,52.1785,106.9126,1.6836,0.3245,554.6995,14.713,20.2163,10.3339,9.6181,20.5479,10.7524,2.3575,2.3543,197.9638,-6672.6501,81.2585,18.7415,0.4918,0.0661,1.0785,0.3528,35.2973,1,0,0
3,600010,包钢股份,0.29,0.01,1.24,58765.41,2.78,11.9504,21132.3771,0.4635,12.7197,14.1513,1.1826,152.207,0.6285,286.3962,75.56,5116.3949,1.5189,1.5959,1512.5,1.4978,0.3954,0.2048,7.0621,293.7414,33.7743,66.2257,0.1293,0.0192,4.7192,0.028999999999999998,3.1424,-1,0,0
4,600011,华能国际,0.35,0.05,1.08,78757.25,1.1,11.489,71433.6887,4.6994,4.5885,39.2285,8.2771,21.7467,1.6328,110.2401,34.9731,-86.626,-8.7405,27.5422,-87.8049,-12.5647,0.2981,0.2486,7.2905,138.3454,23.2301,76.7699,0.2002,0.0376,13.7896,0.049,8.4379,0,0,0
6,600018,上港集团,0.18,0.15,5.46,337280.73,20.17,30.2397,16718.3101,0.7214,5.7746,31.171,1.7305,104.0162,0.664,271.0843,8.4477,15.6029,3.2739,15.0128,15.5679,3.6219,0.7045,0.5121,36.1273,1610.1671,58.3259,41.6741,0.193,0.0275,0.8009999999999999,0.0659,8.5442,0,0,0
7,600019,宝钢股份,0.62,0.28,4.06,616957.52,3.63,10.0884,169932.5087,7.6883,13.4347,13.3981,3.7321,48.2302,1.3911,129.394,117.8823,86.0902,29.1487,33.8816,33.3333,30.9664,0.875,0.5911,12.0316,527.8579,45.5348,54.4652,0.0385,0.0183,0.9707,0.0337,4.0278,1,0,0
8,600023,浙能电力,0.21,0.18,4.03,238268.97,10.52,11.7283,22629.0524,1.6638,4.9378,36.4535,7.4415,24.1887,0.9633,186.8577,26.8236,-47.2527,2.9352,2.342,-41.9355,4.1407,1.5223,1.3171,91.6922,664.3326,62.5847,37.4153,0.2299,0.0495,2.0365,0.1324,35.7102,0,0,0
12,600031,三一重工,0.49,0.15,4.94,116011.0,6.03,29.8594,19207.82,2.5082,1.0445,172.3313,2.1471,83.834,0.515,349.5146,71.1913,715.1199,3.0189999999999997,-4.0264,738.8889,3.478,1.5341,1.2688,16.3371,308.3582,42.0705,57.9295,0.3068,0.099,4.64,0.1709,24.7046,1,0,0
14,600038,中直股份,0.12,0.26,2.22,15348.16,2.89,9.9382,5309.24,9.0067,3.8346,46.941,0.4169,431.7582,0.3163,569.08,-4.4575,-11.9515,9.1207,9.656,-12.2937,4.5753,1.3514,0.3768,23.563,-2975.8327,34.9153,65.0847,0.0828,0.0213,2.852,0.0327,3.4453,0,0,0
15,600050,中国联通,0.51,0.04,1.0,77843.73,0.56,25.3464,138159.9311,6.518,7.08,25.4237,48.8429,3.6853,1.5511,116.0467,-1.4934,73.6705,0.9901,-0.3692,73.9336,0.8573,0.292,0.2866,10.9363,238.7259,38.977,61.023,0.3596,0.083,21.1802,0.1361,15.1256,1,1,0
16,600061,国投资本,0.08,0.34,4.78,126705.26,360.71,6.2456,351.2633,0.095,1.2826,140.3399,3.7043,48.5922,0.0032,56250.0,17.0267,4.242,12.335,6.4403,-10.5263,0.8434,1.3049,1.304,50.5021,2103.966,23.0819,76.9181,-7.6144,-0.0204,-1.8512,-0.0265,-3.2566,0,0,0
17,600066,宇通客车,0.17,0.36,6.25,80505.18,8.64,24.9353,9313.0675,4.2065,0.6359,283.0634,3.2546,55.3063,0.3765,478.0876,-29.8087,-34.7701,13.0955,19.4672,-35.7143,12.994000000000002,1.3463,1.2047,22.5232,1807.7331,40.1232,59.8768,-0.4824,-0.147,-5.4337,-0.2455,-26.8198,-1,0,0
18,600068,葛洲坝,0.19,0.31,6.18,173377.56,3.45,11.564,50184.6222,10.8983,4.4567,40.3886,0.9494,189.5934,0.4697,383.2233,27.7736,29.2651,73.5631,21.9375,0.9646,65.4836,1.5108,0.7812,27.7937,455.969,31.4529,68.5471,-0.0467,-0.0141,-1.0391,-0.0206,-3.1312,1,0,0
19,600085,同仁堂,0.16,0.44,7.42,59980.21,8.56,48.2589,6999.3079,5.1035,6.1686,29.18,0.6686,269.2193,0.4982,361.3007,9.6248,7.5294,10.0136,17.4077,6.3260000000000005,8.8961,2.9785,1.8589,127.4982,95824.8889,67.5959,32.4041,0.1238,0.0468,0.8466,0.1446,17.6145,0,0,0
21,600104,上汽集团,1.0,1.38,7.59,1595821.22,4.09,12.8412,390107.8589,33.3897,11.203,16.0671,7.9031,22.7759,1.1215,160.4993,12.652000000000001,2.9068,13.4751,23.6124,0.9517,17.0274,1.0987,0.951,50.2933,19612.9524,38.6598,61.3402,0.0375,0.023,0.6667,0.0374,4.405,0,0,0
22,600115,东方航空,0.2,0.3,8.79,434700.0,9.05,11.2432,48020.0,3.3191,17.5672,10.2464,18.5268,9.7157,2.4358,73.8977,3.6433,30.9652,10.8826,5.6425,22.1545,10.4538,0.3048,0.2744,11.2937,841.8485,24.5595,75.4405,0.1514,0.0325,1.5716,0.0431,9.4172,0,0,0
23,600118,中国卫星,0.11,0.15,3.55,17636.44,6.58,14.2661,2678.6788,2.2652,0.8440000000000001,213.2701,1.9648,91.6124,0.3191,564.0865,21.8517,5.7167,7.0738,4.5336,7.1429,6.2159,1.7739,1.4709999999999999,56.8001,-944.4529,52.8774,47.1226,-0.2615,-0.0633,-3.608,-0.1343,-14.6346,0,0,0
24,600153,建发股份,0.13,0.33,4.26,93459.73,1.01,4.6659,91634.6344,32.3203,23.9544,7.5143,1.2569,143.2095,0.7433,242.1633,66.066,1.6955,29.325,33.2311,10.0,14.2651,1.6447,0.7283,24.3007,556.1044,21.0105,78.9895,-0.1331,-0.076,-10.8614,-0.0962,-14.3816,1,0,0
25,600157,永泰能源,0.09,0.02,1.07,25468.23,2.18,22.6336,11676.3509,0.9396,3.3458,53.7988,19.5012,9.2302,0.6674,269.7033,171.1761,18.3603,1.6882,11.7019,-1.9139,-0.2261,0.5677,0.5526,30.9687,127.3498,27.8966,72.1034,0.1908,0.0211,7.0673,0.0293,6.3743,0,0,0
26,600176,中国巨石,0.22,0.34,8.87,100631.72,24.67,46.2745,4077.4684,1.3969999999999998,2.5887,69.533,1.6412,109.6758,0.5004,359.7122,9.7168,31.23,10.9395,4.7708,10.0543,11.0491,0.904,0.7604,21.5206,727.391,47.2297,52.7703,0.2765,0.0466,1.1131,0.0883,12.6089,-1,0,0
27,600177,雅戈尔,0.19,0.57,8.65,204713.03,37.91,48.4036,5399.2747,1.5075,23.7931,7.5652,0.243,740.7407,0.1935,930.2326,-37.7029,-35.9499,2.8687,2.1068,-56.4885,2.9164,1.194,0.7352,35.0975,527.5972,35.7843,64.2157,0.4222,0.0346,1.1146,0.054000000000000006,9.3278,1,0,0
28,600188,兖州煤业,0.08,0.65,7.1,318914.4,3.95,12.2345,80624.244,16.4136,32.9899,5.4562,22.049,8.1636,1.7373,103.609,227.2723,539.0669,31.4631,13.1431,438.8382,24.3649,0.9393,0.8694,48.9174,469.0696,38.2759,61.7241,0.0329,0.0168,0.7264,0.0272,4.9184,1,0,0
29,600196,复星医药,0.25,0.7,7.46,168905.97,20.22,57.2383,8353.0226,3.3477,3.6802,48.9104,1.9645,91.6264,0.6459999999999999,278.6378,20.410999999999998,10.1791,25.9027,23.6661,7.6923,29.8408,1.4826,1.2895,92.7449,968.0257,54.271,45.729,0.1321,0.0218,0.5728,0.0477,10.8364,-1,0,0
30,600208,新湖中宝,0.13,0.06,1.62,47477.6,11.6,13.6824,4090.9046,0.4757,48.0032,3.7498,0.0647,2782.0711,0.0492,3658.5366,-1.1892,135.7057,37.6241,29.2415,61.7647,38.4919,2.0495,0.7102,47.6724,201.7575,24.2341,75.7659,0.8448,0.0277,7.085,0.0365,8.0492,0,0,0
31,600219,南山铝业,0.16,0.08,2.32,74153.78,9.81,22.4075,7553.7579,0.8165,4.7384,37.9875,1.479,121.7039,0.6247,288.1383,22.0356,175.2696,30.7969,26.441999999999997,-11.1111,33.0235,1.6232,1.1169,62.943000000000005,1302.4618,76.3505,23.6495,0.0685,0.0117,0.6611,0.0494,6.4036,-1,0,0
32,600221,海航控股,0.23,0.07,1.94,114733.3,4.02,13.8143,28526.222,1.6973,15.1732,11.863,203.94799999999998,0.8826,0.7411,242.8822,50.1697,-23.8346,77.7135,40.7605,-50.146,60.463,0.8914,0.8873,74.9208,220.9273,41.1792,58.8208,0.1784,0.0275,3.6717,0.0468,9.5649,0,0,0
33,600233,圆通速递,0.04,0.25,8.1,69277.59,8.43,12.7319,8211.0934,2.9104,43.8707,4.103,208.0413,0.8652,1.3044,137.9945,1994.1812,2571.6828,544.2044,618.3507,459.4533,692.2294,2.3922,2.3777,97.7206,-6910.8182,76.8242,23.1758,0.0375,0.0279,0.444,0.1203,12.2258,-1,0,0
34,600271,航天信息,0.27,0.31,6.11,58117.74,4.29,16.3328,13537.3085,7.2669,7.8218,23.0126,8.6952,20.7011,0.9959,180.74099999999999,24.2665,5.3818,17.2095,22.8162,-6.0606,15.2466,2.8962,2.5835,117.1445,231410.6963,60.3182,39.6818,0.0023,0.0017,0.0328,0.0042,0.5979,1,0,0
35,600276,恒瑞医药,1.24,0.56,11.98,157343.09,24.79,86.5791,6344.5947,2.2523,2.4283,74.1259,1.3142,136.9655,0.5305,339.3025,20.183,20.6853,23.3095,23.5755,-0.1789,23.4327,8.6472,8.1921,324.7445,-4630.6829,90.1142,9.8858,0.2138,0.0862,0.8511,0.872,93.6167,-1,0,0
36,600309,万华化学,0.49,1.79,25.43,486103.79,19.89,38.8206,24430.0865,8.9356,9.9878,18.022000000000002,2.8043,64.1871,1.3989,128.6725,95.8203,255.6645,59.7933,19.1642,184.127,67.9604,0.8373,0.5933,9.2372,1740.6449,41.4853,58.5147,0.0593,0.0241,0.2493,0.0413,5.5914,-1,-1,-1
37,600332,白云山,0.21,0.71,6.46,115814.01,10.41,37.4248,11115.3385,6.8368,9.7057,18.5458,2.6681,67.4637,0.5593,321.8309,2.3769,37.983000000000004,91.9334,49.9152,10.559000000000001,94.2159,2.6945,2.3705,156.6082,-1546.4164,68.95100000000001,31.049,0.0778,0.0324,0.7263,0.1043,11.5211,0,0,0
38,600340,华夏幸福,0.49,1.82,16.96,536718.31,24.11,57.5249,22258.8948,7.5327,1.632,110.2941,0.0571,3152.3643,0.0853,2110.1993,26.4363,40.2851,66.4361,49.5645,33.8235,64.3504,1.4918,0.572,32.9831,2201.3396,17.1367,82.8633,-0.1918,-0.0132,-0.7894,-0.0159,-2.1333,0,0,0
39,600346,恒力股份,0.11,0.2,9.37,56229.37,5.16,13.2321,10891.6899,3.8545,117.4147,1.5330000000000001,4.3905,40.9976,1.1916,151.0574,45.5016,20.0822,21.0528,17.0162,5.2632,17.6942,0.7764,0.5751,19.6319,418.3783,30.4911,69.5089,0.0084,0.0045,0.1634,0.0065,0.7395,-1,0,0
40,600352,浙江龙盛,0.27,0.31,6.28,101316.0,13.48,37.1031,7514.9321,2.3099,2.9817,60.3682,0.2698,667.1609,0.2878,625.4343,19.6393,-2.6107,11.7177,25.6099,5.1317,10.3959,2.1726,0.7082,22.491999999999997,1019.0052,42.0744,57.9256,-0.1477,-0.0261,-0.9513,-0.045,-8.8988,1,0,0
41,600362,江西铜业,0.15,0.24,1.77,83021.28,0.84,3.5673,98285.8076,28.3839,7.0311,25.6005,5.9277,30.3659,1.6377,109.9102,8.959,44.1289,1.3733,1.0662,71.4286,1.5268,1.4365,1.0603,39.4526,1052.5035,52.227,47.773,0.0088,0.0092,1.0556,0.0192,1.9619,0,0,0
42,600372,中航电子,0.07,0.08,2.34,14577.4,5.34,31.8131,2728.1696,1.5508,0.47100000000000003,382.1656,0.5959,302.0641,0.2124,847.4576,10.2179,8.4978,6.3682,8.1417,14.0303,5.7846,1.352,1.0022,18.9309,292.4151,34.7915,65.2085,-0.2413,-0.0357,-4.4356,-0.0548,-6.7228,0,0,0
43,600383,金地集团,0.23,0.26,3.11,115229.51,9.16,30.9836,12568.4355,2.7845,192.0196,0.9374,0.1171,1537.1477,0.0952,1890.7563,-10.2388,31.3233,11.6554,16.8471,52.9412,12.7456,1.6364,0.7382,23.8999,-2087.7461,30.3926,69.6074,-0.2399,-0.0177,-1.7797,-0.0255,-3.5441,1,0,0
44,600398,海澜之家,0.16,0.42,18.3,187518.73,20.26,40.1431,9252.6818,2.0594,14.3127,12.5762,0.6502,276.8379,0.5245,343.184,5.5939,5.7857,12.8879,3.7128,7.6923,13.1942,1.4789,0.7269,62.4718,-2618.7873,42.8042,57.1958,0.0572,0.0232,0.2821,0.0406,4.7344,0,0,0
45,600415,小商品城,0.1,0.19,9.72,103527.88,13.61,28.2136,7602.0051,1.3966,77.9469,2.3093,0.8048,223.6581,0.7789,231.0951,76.9533,82.5528,10.9157,-6.9375,90.0,11.7623,0.7988,0.335,12.1643,1403.8372,46.8149,53.1851,0.015,0.0048,0.1113,0.009000000000000001,1.1288,0,0,0
46,600436,片仔癀,0.28,0.72,11.68,43319.89,24.71,44.0968,1752.8313,2.9053,4.6203,38.9585,0.8468,212.565,0.5134,350.6038,82.5043,36.8502,17.5983,17.4591,41.1765,16.9342,3.7659,2.4558,179.7457,-29033.8968,80.2993,19.7007,0.254,0.0891,1.0526,0.4523,49.0772,0,0,0
47,600438,通威股份,0.17,0.2,6.56,79162.24,7.13,18.8084,11101.5823,2.8594,17.0854,10.5353,4.7716,37.7232,1.3261,135.7364,59.4805,254.0512,88.5115,77.4155,81.7291,87.2039,0.9,0.6581,15.5436,1264.0781,51.0692,48.9308,0.0702,0.0321,0.9674,0.0657,7.8671,-1,-1,-1
48,600482,中国动力,0.16,0.32,2.2,56071.97,4.81,15.4735,11641.025,6.6933,2.0066,89.704,1.5409,116.8148,0.3682,488.8647,23.186,22.0899,5.8161,3.4577,-11.1111,2.6502,2.589,2.0822,133.2052,2187.8014,64.0615,35.9385,-0.0615,-0.0167,-1.1835,-0.0466,-5.7424,0,0,0
49,600487,亨通光电,0.24,0.62,12.41,76742.02,6.72,19.9843,11413.1466,9.1947,2.2926,78.5135,1.902,94.6372,0.7751,232.2281,41.8084,68.8956,26.0224,33.6266,100.6494,27.0924,1.2057,0.7787,15.0633,678.6224,30.892,69.108,-0.0658,-0.0325,-0.8926,-0.047,-5.6539,-1,-1,0
50,600489,中金黄金,0.16,0.06,1.59,21238.88,1.33,11.4579,15951.3412,4.622,95.8052,1.8788,1.3988,128.6817,1.0081,178.5537,19.5991,26.9075,2.1617,2.6442,0.0,1.7017,0.9251,0.3336,22.6045,244.2009,38.5025,61.4975,0.0736,0.0292,3.4929,0.0475,6.5593,0,0,0
51,600516,方大炭素,0.19,0.24,6.83,41185.41,22.71,46.6082,1813.4324,1.0548,1.9596,91.8555,1.0478,171.7885,0.3309,543.971,69.2319,15607.1412,7.3135,2.9819999999999998,2654.0229999999997,7.4323,3.0612,2.5772,118.7721,8607.177,74.8632,25.1368,0.4143,0.0869,1.6759,0.3457,40.1326,-1,-1,-1
52,600518,康美药业,0.29,0.44,7.9,215154.49,16.22,29.7123,13262.3647,2.681,3.7981,47.3921,0.6931,259.7028,0.2848,632.0225,18.377,21.8822,8.5378,24.1516,8.9776,8.4752,1.8359999999999999,1.2973,108.0663,729.1633,50.5573,49.4427,0.0803,0.0179,0.4963,0.0362,4.0171,0,0,0
54,600535,天士力,0.19,0.7,9.06,75622.74,10.4,32.9174,7264.4692,6.7233,1.3198,136.3843,2.4753,72.7185,0.6008,299.6005,13.5264,8.8078,6.7692,21.3476,11.0952,5.8918,1.2703,1.0823,12.2899,800.8171,44.2123,55.7877,-0.1617,-0.0616,-1.5273,-0.1104,-11.4684,1,0,0
55,600549,厦门钨业,0.11,0.42,6.75,45304.47,7.33,25.4192,6180.5636,5.7144,4.0504,44.4401,1.1469,156.9448,0.7509999999999999,239.6804,76.6182,338.7608,3.8433,11.2356,561.7694,3.5525,1.3557,0.6941,18.3321,732.6935,48.2352,51.7648,-0.1258,-0.0446,-1.2457,-0.0862,-11.5109,-1,-1,-1
56,600566,济川药业,0.12,0.72,15.61,58181.12,20.7,85.31,2810.1698,3.4709,1.8876,95.3592,1.9145,94.0193,1.0117,177.9184,19.3883,32.3246,12.7015,21.6457,28.3929,13.761,1.8378,1.6886,42.7094,-9938.9338,69.2204,30.7796,0.253,0.1368,1.2211,0.4443,46.7612,-1,0,0
57,600570,恒生电子,0.27,0.37,9.08,22862.41,21.16,96.1797,1080.2879,1.7485,4.1712,43.153,0.8512,211.4662,0.4789,375.8613,31.6494,61.0547,6.6704,25.0697,37.037,7.7291,1.2979,1.2706,21.3225,-25944.1928,60.9307,39.0693,-0.2246,-0.0546,-1.0434,-0.1399,-14.6464,-1,-1,0
58,600583,海油工程,0.12,0.05,0.86,19985.04,4.78,18.9349,4178.3372,0.945,2.1415,84.0532,1.6334,110.1996,0.2987,602.6113,-18.0017,-77.2151,0.5032,-0.1671,-75.0,0.5085,2.3742,1.9343,111.5297,289.5873,78.9595,21.0405,-0.2347,-0.0339,-4.9657,-0.1609,-17.0051,0,0,0
59,600606,绿地控股,0.24,0.38,7.95,465766.44,3.69,14.2577,125975.5739,10.3528,4.8558,37.0691,0.2267,794.0009,0.1869,963.0819,16.6213,30.6304,13.5956,20.7329,0.0,6.8614,1.3587,0.4194,12.8921,958.1709,10.9494,89.0506,0.0951,0.0161,1.9164,0.018000000000000002,2.4024,0,0,0
60,600660,福耀玻璃,0.34,0.55,7.66,138618.68,15.9,42.981,8713.9626,3.4736,2.5806,69.7512,1.7231,104.4629,0.578,311.4187,14.8929,-4.9975,8.4236,9.4132,-5.1724,8.4505,1.3753,1.1053,67.3219,1164.0446,56.8501,43.1499,0.1973,0.0561,1.2419,0.1299,15.5741,-1,0,0
61,600674,川投能源,0.16,0.28,6.2,122969.75,349.37,45.7678,351.9695,0.0799,0.9987,180.2343,3.4082,52.8138,0.145,1241.3793,-30.5479,-11.9871,10.9324,18.1439,-11.975999999999999,11.0101,0.73,0.7199,26.7051,1013.4055,71.8997,28.1003,0.7717,0.0094,0.218,0.0334,5.1758,0,0,0
62,600703,三安光电,0.3,0.37,8.33,151481.79,37.25,48.2605,4066.6157,0.9971,1.9249,93.5114,1.8164,99.0971,0.3629,496.0044,46.3672,56.7552,7.8032,4.3141,-2.6316,7.7834,5.0612,4.5213,238.7242,7840.2062,75.2911,24.7089,0.3239,0.0546,0.8694,0.2209,61.91,-1,-1,0
63,600705,中航资本,0.2,0.14,5.73,127557.12,50.27,53.1974,2537.0405,0.2826,15.2018,11.8407,53.3163,3.3761,0.0305,5901.6393,38.1822,9.8841,8.4264,20.0615,7.6923,8.3474,0.8658,0.8655,75.2893,2947.441,17.3608,82.6392,-12.2929,-0.2029,-19.214000000000002,-0.2455,-35.9519,0,0,0
64,600739,辽宁成大,0.14,0.57,4.56,86786.45,13.56,15.0413,6396.4259999999995,4.1814,4.3587,41.2967,4.0801,44.1166,1.1236,160.1994,68.1357,17.1408,6.9555,0.2627,19.8859,8.4311,0.5033,0.3999,11.7199,450.9805,61.3952,38.6048,-0.0072,-0.0014,-0.0539,-0.0035,-0.4077,0,0,0
65,600741,华域汽车,0.31,1.03,8.22,323281.8,4.72,14.2218,68394.0009,21.6936,3.1643,56.8846,8.3156,21.6461,0.9764,184.3507,11.5002,5.6188,9.6581,15.8577,5.4527,8.76,1.2603,1.1423,52.5509,-10759.4383,40.0638,59.9362,0.0508,0.0304,0.758,0.0508,6.0582,-1,0,0
67,600809,山西汾酒,0.1,0.69,12.98,60168.37,17.58,71.0765,3421.0216,3.951,74.2554,2.4241,0.5067,355.2398,0.6607,272.4383,41.1785,70.6918,8.8814,16.3753,67.6478,8.4292,1.7133,1.1021,34.6015,-40826.0615,60.3997,39.6003,0.05,0.0208,0.2666,0.0525,5.2638,-1,-1,-1
68,600867,通化东宝,0.21,0.24,9.9,41039.07,34.73,75.1019,1181.5701,0.6924,2.4771,72.6656,0.2874,626.3048,0.5231,344.1025,32.6921,30.5314,59.8931,20.515,4.3478,60.0933,3.8609,2.189,67.1626,5288.3352,85.5458,14.4542,0.3901,0.0968,1.1234,0.67,77.0955,-1,0,0
69,600887,伊利股份,1.48,0.55,14.3,336411.11,10.1,38.1918,33301.7663,5.4781,42.5268,4.2326,4.78,37.6569,1.4422,124.8093,11.2821,4.5206,11.3124,28.078000000000003,3.7736,11.5225,1.23,1.0271,88.2193,14467.991000000002,51.6007,48.3993,0.085,0.0637,0.84,0.1317,13.3893,-1,-1,0
71,600998,九州通,0.09,0.49,6.53,79298.68,2.18,8.097999999999999,36228.439,21.3654,3.0611,58.8024,3.2208,55.8867,1.0404,173.0104,21.6294,155.256,26.331999999999997,21.1822,157.8947,21.9616,1.2981,0.9336,17.8676,389.8104,31.8653,68.1347,-0.102,-0.0826,-4.6071,-0.1213,-12.7937,0,0,0
73,601006,大秦铁路,0.52,0.51,8.2,762258.76,27.86,32.3662,27356.5682,1.8401,5.2989,33.9693,10.9119,16.4958,1.3297,135.3689,28.8872,107.3693,8.9604,-0.8186,104.0,8.8472,1.2236,1.1093,58.8933,3869.6628,78.6631,21.3369,0.2788,0.0629,1.0101,0.2947,49.0211,0,0,0
75,601012,隆基股份,0.36,0.62,11.57,123616.07,19.69,35.113,6276.2099,3.1445,2.2568,79.759,2.9347,61.3351,0.4719,381.4367,-2.2973,41.4665,72.8053,111.31,26.5306,73.4733,1.2334,1.101,56.0691,1674.6877,41.8113,58.1887,0.0182,0.0043,0.0927,0.0073,0.9654,-1,-1,-1
76,601018,宁波港,0.14,0.1,3.93,137689.4,17.19,29.7786,8007.531,0.6078,3.1971,56.301,32.7466,5.4968,0.6711,268.2164,-4.4826,16.5533,9.7749,23.2034,11.1111,8.829,0.7539,0.7431,26.6336,1085.2743,61.7088,38.2912,0.0447,0.0059,0.24100000000000002,0.0154,2.2739,1,0,0
77,601021,春秋航空,0.09,0.69,7.33,55397.08,10.93,9.1781,5065.2386,6.3269,41.8148,4.3047,58.5868,3.0724,0.7759,231.9887,28.1229,-25.154,8.963,1.9006,-25.8065,8.963,1.4648,1.4441,102.5062,757.6676,39.2606,60.7394,0.1437,0.0369,1.3138,0.0607,16.882,0,0,0
80,601117,中国化学,0.11,0.17,3.04,84761.29,3.39,13.7584,24944.0946,5.0565,1.7818,101.0214,1.1562,155.6824,0.3655,492.4761,0.491,11.7706,4.7284,4.4165,0.0,4.6482,1.4464,1.0465,41.0424,569.3972,34.836,65.164,-0.0571,-0.0168,-1.5190000000000001,-0.0257,-2.9992,1,0,0
81,601155,新城控股,0.23,0.51,7.44,113922.94,10.05,36.227,11327.9372,5.0157,384.0151,0.4687,0.1443,1247.4012,0.1204,1495.0166,24.8729,33.254,20.1625,70.96300000000001,13.3333,20.7192,1.1033,0.484,20.6042,709.0192,12.0827,87.9173,-0.6587,-0.0534,-6.507999999999999,-0.0607,-7.6207,1,0,0
84,601186,中国铁建,0.53,0.48,5.16,652303.9,2.25,8.8423,288960.909,21.2791,2.1151,85.1024,0.9391,191.6729,0.4615,390.0325,8.3357,11.6216,8.5442,10.1281,11.6279,9.9606,1.2505,0.6747,23.4856,759.4751,19.0486,80.9514,-0.0881,-0.0316,-3.6789,-0.039,-4.9656,1,0,0
87,601225,陕西煤业,0.32,0.55,14.6,547280.71,21.38,54.451,25585.9517,2.5585,4.6959,38.3313,11.8929,15.1351,0.98,183.6735,108.4523,1387.2934,29.1202,14.3623,2091.2351,24.8516,0.9271,0.8917,37.0142,6661.709,52.6633,47.3367,0.2259,0.0581,0.7189,0.1227,18.616,-1,0,0
89,601238,广汽集团,0.1,0.96,13.1,618260.24,17.83,22.6377,34658.0482,5.3316,27.2678,6.6012,9.0077,19.9829,0.9356,192.3899,61.7335,54.405,18.267,13.7729,54.8387,18.5245,1.5125,1.3787,94.0756,5411.5676,56.5203,43.4797,0.1227,0.0475,0.6859,0.1092,16.438,0,0,0
92,601333,广深铁路,0.11,0.07,1.8,50871.57,6.04,9.6025,8411.9825,1.1875,2.5199,71.4314,22.8973,7.8612,1.5327,117.4398,4.1267,-25.5204,1.4963,2.4316,-30.0,1.5174,1.3251,1.2449,36.534,-15163.8531,86.646,13.354000000000001,0.1478,0.0385,2.4555,0.2884,30.0481,-1,0,0
94,601360,三六零,0.09,0.07,1.55,2613.09,2.58,28.9389,1010.1587,2.5433,1.2203,147.5047,2.6026,69.1616,0.5379999999999999,334.5725,-10.827,-70.9776,1.719,-0.3187,-70.9877,1.8433,1.8593,1.5913,51.7689,-17840.9756,63.5062,36.4938,0.0395,0.0149,1.4856,0.0407,4.0841,0,0,0
97,601600,中国铝业,0.25,0.05,1.98,75131.3,0.82,7.0058,91310.57,6.1266,20.25,8.8889,4.4497,40.4522,1.4249,126.3247,83.7039,259.4245,2.5098,1.2123,24900.0,-4.6901,0.6409,0.4305,21.1119,176.2398,27.7269,72.2731,0.0587,0.0285,4.3105,0.0395,5.5613,-1,-1,-1
99,601607,上海医药,0.21,0.72,5.91,192512.24,2.92,12.5545,65778.87299999999,24.463,2.2387,80.4038,3.5481,50.7314,1.0374,173.5107,10.1909,5.093999999999999,7.897,14.5527,11.1128,5.61,1.396,1.0602,29.4397,815.9822,41.8028,58.1972,0.0191,0.0139,0.5707,0.0239,2.6422,1,1,0
100,601618,中国中冶,0.24,0.11,3.8,267467.6,2.64,13.0179,101085.487,4.8777,1.455,123.7113,0.6952,258.9183,0.3224,558.3127,5.4901,3.2078,26.2759,12.0612,0.0,24.0782,1.2278,0.7328,16.687,348.9177,22.6682,77.3318,-0.1405,-0.0353,-4.8665,-0.0456,-5.3767,0,0,0
102,601668,中国建筑,1.27,0.57,8.64,1803772.9,3.43,10.4135,525254.692,17.5084,3.5787,50.2976,0.8973,200.6018,0.4667,385.6867,11.8289,18.6747,21.7522,27.7043,11.7647,13.3191,1.3093,0.6729,34.0606,827.8628,20.7542,79.2458,-0.1118,-0.0398,-2.3071,-0.0503,-6.7387,1,0,0
103,601669,中国电建,0.32,0.26,6.04,370547.9,3.08,13.1885,120062.7099,7.8477,2.8979,62.1139,0.8937,201.4099,0.4027,446.9829,13.797,2.0175,36.9916,24.7974,3.3426,30.1003,1.1392,0.693,33.5908,284.2657,19.3818,80.6182,-0.1138,-0.0247,-3.4026,-0.0306,-4.9982,0,0,0
105,601727,上海电气,0.19,0.1,2.97,135898.8,3.76,21.9929,36114.606,2.6888,1.2411,145.0326,1.0524,171.0376,0.2674,673.1488,-2.0398,-5.9392,9.9388,9.4584,3.9014,13.8334,1.273,1.0055,36.1751,1287.8391,32.6299,67.3701,-0.2004,-0.0402,-3.1659,-0.0597,-6.7559,0,0,0
107,601828,美凯龙,0.04,0.56,5.46,204517.11,40.33,72.8914,5070.9673,1.6903,5.6949,31.6072,25.4506,7.0725,0.5182,347.3562,10.6305,-10.4228,-8.2099,5.1992,-11.1111,-7.6706,0.6677,0.6638,48.3278,629.4755,46.2425,53.7575,0.4962,0.0276,1.1668,0.0514,15.5919,0,0,0
110,601899,紫金矿业,0.43,0.07,5.07,150539.94,4.01,14.5899,37523.6319,1.6292,45.9799,3.9148,2.6616,67.6285,1.3563,132.714,-3.5132,205.6723,18.7181,8.4364,176.0,23.8177,0.9078,0.5563,26.0615,276.672,38.4399,61.5601,0.0881,0.0348,1.8754,0.0566,9.6221,-1,0,0
112,601933,永辉超市,0.32,0.11,5.46,105521.84,3.72,20.4445,28316.8862,2.9587,50.0596,3.5957,5.0928,35.344,1.4231,126.4844,15.4949,53.3107,57.052,44.8819,37.5,55.6604,2.0066,1.6447,52.783,-1503.4612,66.6167,33.3833,0.092,0.0895,2.5602,0.268,27.1881,-1,0,0
114,601985,中国核电,0.26,0.16,6.11,254529.07,15.67,41.5514,16235.1847,1.043,4.8302,37.2655,0.6769,265.9182,0.5019,358.6372,14.8907,0.898,7.1947,8.5916,2.5,3.6138,0.7963,0.4542,22.6401,344.9719,24.6994,75.3006,0.5905,0.0328,2.1357,0.0435,22.7217,0,0,0
117,601991,大唐发电,0.08,0.08,2.68,108077.4,3.59,15.619000000000002,30047.916,2.2575,3.7647,47.8126,9.2597,19.4391,1.4464,124.4469,2.909,-35.0045,-2.861,-23.0367,-36.1635,-8.0089,0.3899,0.3404,8.9424,162.8182,25.7177,74.2823,0.2446,0.0317,5.5547,0.0427,13.4166,0,0,0
120,603156,养元饮品,0.03,2.02,16.73,100029.05,27.28,47.0468,3666.4722,7.407,164.5596,1.0938,2.2494,80.0213,0.4771,377.2794,-9.0345,-23.0785,8.3387,3.1494,-23.0787,8.3387,2.1198,1.8178,39.5773,-85397.2359,63.1322,36.8678,0.1596,0.0617,0.5848,0.1674,17.1868,0,0,0
121,603160,汇顶科技,0.08,1.08,16.51,48197.57,26.22,47.1411,1837.7937,4.1298,2.6283,68.4853,1.5765,114.177,0.5936,303.2345,51.7711,58.5787,121.0931,100.6685,42.4944,121.249,6.1835,4.8934,234.4687,-119094.6988,84.7948,15.2052,0.1682,0.086,0.6412,0.5656,58.4554,1,0,0
123,603288,海天味业,0.59,0.68,18.19,182318.79,24.51,44.8929,7437.5811,2.7496,2933.542,0.0614,4.9803,36.1424,0.8965,200.7808,20.5682,22.6141,15.9807,18.5121,23.6364,15.8675,3.3093,3.0083,124.6269,-4676.6645,80.7289,19.2711,0.1358,0.0814,0.5542,0.4223,43.0386,-1,-1,0
125,603858,步长制药,0.12,0.99,5.31,67806.52,11.78,82.3283,5751.4419,8.4356,5.3660000000000005,33.5445,0.8402,214.2347,0.7533,238.9486,11.6618,12.0454,56.2663,14.4285,0.5663,57.0567,1.3807,1.1327,56.8144,2881.0051,70.0087,29.9913,0.2269,0.0743,1.9259,0.2478,26.295,0,0,0
126,603986,兆易创新,0.09,0.9,13.01,17944.44,19.11,35.6893,938.6968,4.6311,9.3008,19.3532,1.4742,122.1001,0.6118,294.2138,43.2897,97.2621,116.3637,101.6738,-25.2333,117.4235,4.0828,3.0525,268.158,3243.5984,75.1743,24.8257,0.1427,0.0697,0.743,0.2806,33.4724,-1,-1,-1
127,603993,洛阳钼业,0.28,0.05,4.43,83513.87,7.16,35.4644,11654.9406,0.6901,6.8372,26.3266,1.4661,122.7747,0.5394,333.7041,415.7392,173.0364,48.545,156.2457,65.0165,8.0208,1.3328,1.038,75.5998,303.6812,30.0076,69.9924,0.2987,0.0396,2.5422,0.0565,19.8222,-1,-1,-1
129,000002,万科Ａ,1.23,0.66,6.22,730272.4,10.46,32.6533,69810.4776,6.3238,37.0339,4.8604,0.0976,1844.2623,0.091,1978.0220000000002,-6.6646,41.6986,16.6339,30.4587,36.1948,15.5754,1.2013,0.4673,15.9088,2024.9979,17.3425,82.6575,0.313,0.0235,2.1735,0.0284,3.2317,-1,0,0
130,000063,中兴通讯,0.5,0.55,8.28,229286.7,4.24,32.5174,54010.596,12.8903,1.8223,98.7763,1.3835,130.1048,0.474,379.7468,13.0939,16.2159,-1.7182,11.3566,27.906999999999996,-4.9403,1.2361,0.958,29.6288,1236.891,29.8458,70.1542,-0.0779,-0.0291,-1.6540000000000001,-0.0414,-4.5207,-1,-1,0
133,000333,美的集团,1.82,1.67,16.46,1081132.2,8.68,25.2302,124450.065,19.0884,7.5802,23.7461,5.0969999999999995,35.3149,0.9125,197.2603,60.5346,12.8745,19.6871,37.918,12.8378,19.8451,1.1047,0.9531,24.8483,4025.7283,32.463,67.53699999999999,0.1117,0.0602,1.2033,0.0891,10.0906,-1,0,0
134,000402,金 融 街,0.08,0.36,3.81,106141.91,10.62,31.953000000000003,9990.827,3.3426,12.5561,14.3357,0.1219,1476.6202,0.1205,1493.7759,62.0037,56.3526,7.2018,1.1237,44.0,8.1481,2.4996,0.8501,40.3943,401.2535,26.684,73.316,0.2468,0.0212,2.0917,0.0289,7.3845,0,0,0
135,000408,藏格控股,0.07,0.15,5.15,31461.76,29.14,70.2376,1079.5018,0.5209,1.9576,91.9493,0.8492,211.9642,0.3472,518.4332,10794917.5411,348.7219,4110.2743,4401.8078,-46.6994,4110.2743,5.1876,4.4637,155.9296,3366.9135,88.8056,11.1944,-0.5465,-0.0841,-1.8599,-0.7512,-103.0007,-1,-1,0
136,000413,东旭光电,0.18,0.13,2.84,63585.58,13.69,28.0614,4641.2855,0.9395,2.3238,77.4593,1.05,171.4286,0.1342,1341.2817,61.0406,22.0059,57.9833,42.5991,-7.1429,54.4897,3.3169999999999997,2.9636,220.2062,375.2786,49.4816,50.5184,-0.3047,-0.0296,-2.0326,-0.0586,-13.6162,-1,0,0
137,000415,渤海租赁,0.07,0.17,3.29,102640.2,5.2,34.6651,19716.509,3.188,11.5267,15.6159,9314.3557,0.0193,0.4101,438.9173,66.5484,18.9907,11.9711,66.1688,39.9663,9.3378,0.8006,0.8006,73.6769,144.8262,12.4059,87.5941,0.4489,0.0291,6.9223,0.0332,13.7486,0,0,0
138,000423,东阿阿胶,0.19,1.38,10.6,90147.04,30.72,66.1262,2934.3916,4.4866,5.7394,31.3622,0.2716,662.7393,0.3518,511.6543,9.7235,8.3071,17.4651,29.8935,8.7416,18.2543,3.1716,1.6712,55.8721,-16862.8938,74.7322,25.2678,-0.2015,-0.0509,-0.655,-0.2014,-20.6109,0,0,0
139,000425,徐工机械,0.16,0.08,2.66,55030.78,3.81,19.1336,14440.5097,2.0606,0.9087,198.0852,1.6431,109.54899999999999,0.4601,391.2193,77.4351,320.0208,2.8349,4.3594,338.8889,2.7925,1.5543,1.1897,20.9902,430.0533,45.8578,54.1422,0.1153,0.0365,3.0153,0.0674,8.0202,0,0,0
140,000553,安道麦A,0.02,0.28,8.09,16919.14,11.54,24.8699,1465.7032,2.4678,4.6539,38.6772,5.9565,30.2191,1.2325,146.0446,45.74,906.6392,3.4585,1.3999,906.7138,3.4585,2.2704,1.9244,105.9552,1042.6065,70.4803,29.5197,0.1509,0.0717,1.3077,0.2428,39.0365,0,0,0
141,000568,泸州老窖,0.32,1.05,12.49,146704.35,28.67,68.5669,5116.0143,3.6484,1300.8208,0.1384,0.6703,268.5365,0.5356,336.0717,19.8265,30.9872,9.0733,3.4896,31.8543,9.1603,3.8902,2.9360000000000004,176.9644,-5345.2927,81.8109,18.1891,0.2634,0.0977,0.8929,0.5374,55.6615,-1,0,0
142,000625,长安汽车,0.14,0.96,10.42,462054.57,13.76,14.1929,33555.2131,6.9868,19.7449,9.1163,3.1868,56.483000000000004,0.5062,355.5907,-6.275,-14.7768,22.8445,12.363,-18.6441,22.5629,1.1864,0.9946,49.6893,-1807.6364,41.8765,58.1235,0.1478,0.0462,1.0626,0.0795,8.8387,0,0,0
144,000630,铜陵有色,0.13,0.02,1.41,23629.99,0.61,4.0177,38320.5173,3.6403,28.0263,6.4225,4.477,40.2055,1.712,105.1402,-8.3573,223.62400000000002,22.5028,6.1108,340.0,22.5424,0.9468,0.5991,25.9541,262.8043,40.8068,59.1932,-0.0033,-0.0029,-0.3763,-0.0049,-0.5444,1,0,0
145,000651,格力电器,1.83,1.57,16.14,945248.33,13.66,31.9373,69184.5216,11.5006,13.2018,13.6345,4.212,42.735,0.4589,392.2423,40.6681,47.4165,16.4175,18.878,48.1132,16.8008,1.0545,0.9659,70.016,-5731.1302,26.1776,73.8224,0.0526,0.0178,0.3827,0.0241,2.418,0,0,0
146,000661,长春高新,0.25,1.67,7.15,28404.05,17.75,87.25299999999999,1600.0676,9.4059,3.0017,59.966,0.1744,1032.1101,0.3453,521.2858,25.4406,39.8934,10.6166,17.4703,12.0805,11.5153,2.6481,1.7407,44.2173,-8754.675,70.1028,29.8972,-0.1509,-0.036000000000000004,-0.5674,-0.1205,-13.177999999999999,-1,-1,0
147,000671,阳光城,0.09,0.08,2.45,32814.78,4.36,23.7502,7524.8006,1.8579,12.4262,14.4855,0.0611,2945.9902,0.0538,3345.7249,83.8797,8.4654,67.1281,116.103,100.0,11.5846,1.835,0.5781,34.6031,741.2261,13.4495,86.5505,0.7856,0.0328,17.2108,0.0378,6.5654,-1,-1,0
148,000703,恒逸石化,0.16,0.53,7.51,85204.85,2.99,3.6398,28468.8775,17.2703,34.4576,5.2238,14.4673,12.4419,2.4587,73.2094,107.8988,138.8881,75.029,25.9665,96.2963,85.5984,0.7887,0.6646,23.8149,821.3745,49.827,50.173,0.0063,0.0059,0.1883,0.0117,1.2093,0,0,0
149,000709,河钢股份,0.13,0.12,2.75,125080.22,2.29,12.0343,54459.9405,5.1287,26.0322,6.9145,1.6561,108.6891,0.9936,181.1594,43.6515,248.3424,3.1234,6.7022,202.5641,3.4735,0.4841,0.2362,12.5696,190.5324,25.0693,74.9307,0.107,0.031,4.5045,0.0414,5.1431,1,1,0
150,000768,中航飞机,0.2,0.03,0.6,9161.67,0.85,7.0818,10749.7114,3.8826,2.0699,86.9607,0.7026,256.1913,0.3342,538.5996,13.9897,-35.8668,4.7179,9.0028,14.1379,2.1225,1.4781,0.7783,24.5361,-3933.2399,42.8574,57.1426,-0.0576,-0.015,-12.2349,-0.0263,-2.7568,-1,0,0
153,000786,北新建材,0.12,0.38,6.43,68232.43,14.95,31.1126,4561.5924,2.5503,18.8639,9.542,2.2874,78.692,0.9185,195.9717,26.021,12.6019,12.7479,9.8051,17.2308,34.2057,1.574,1.1209,32.0685,2070.2437,72.4631,27.5369,0.0996,0.0304,0.6612,0.1103,13.7684,-1,0,0
155,000826,启迪桑德,0.08,0.52,5.26,49298.06,12.6,30.4853,3911.7621,4.5789,1.3314,135.196,5.6352,31.9421,0.4805,374.6098,14.6263,12.719000000000001,32.7985,46.2912,0.7767,33.635,0.7124,0.6708,30.0871,401.0411,36.689,63.31100000000001,-0.1399,-0.0208,-1.1056,-0.0328,-4.5107,-1,0,0
156,000839,中信国安,0.1,0.06,3.6,24084.31,10.46,21.3255,2301.6538,0.5871,2.537,70.9499,1.3147,136.9134,0.4356,413.2231,37.5158,61.5919,12.0652,32.4058,-44.131,5.4392,0.994,0.7555,47.2575,392.6235,46.9857,53.0143,-0.1316,-0.0184,-1.0499,-0.0347,-5.0408,-1,-1,0
157,000876,新 希 望,0.16,0.27,5.3,113112.13,3.79,7.6881,29788.4939,7.0655,46.2014,3.8960000000000004,6.4494,27.9096,2.813,63.9886,7.195,-20.8029,10.9512,15.4729,-20.5882,12.450999999999999,0.9915,0.6408,37.8826,1331.8452,64.5122,35.4878,0.0331,0.0233,0.68,0.0657,8.1515,1,0,0
158,000895,双汇发展,0.25,0.58,13.74,190405.49,7.93,18.598,23997.1628,7.2728,228.0832,0.7892,5.9734,30.1336,3.4138,52.7272,-5.9939,-10.9897,-16.9281,-0.7175,-11.4606,-18.1236,0.9952,0.5243,38.1936,6124.9527,64.4699,35.5301,0.0932,0.11,1.1276,0.3096,31.7148,-1,0,0
159,000898,鞍钢股份,0.1,0.25,3.98,182300.0,4.66,11.2195,39057.0,5.3984,18.5192,9.7196,3.2039999999999997,56.1798,1.5195,118.46,53.5863,516.4983,6.059,0.3715,514.6341,6.0922,0.7819,0.4422,6.3752,436.7568,53.2937,46.7063,0.0156,0.006999999999999999,0.3332,0.0149,1.8536,-1,1,0
160,000938,紫光股份,0.07,0.77,3.34,80649.9,4.77,23.1062,16877.2785,16.1922,3.9382,45.7062,3.6447,49.3868,1.001,179.8202,82.1067,246.0022,5.6474,2.6826,41.4991,3.4009,1.7657,1.3498,33.9677,3777.283,72.429,27.570999999999998,-0.0219,-0.0095,-0.2839,-0.0344,-3.7453,-1,0,0
161,000959,首钢股份,0.06,0.18,3.75,94889.51,3.35,12.899000000000001,28256.8906,5.3421,28.4831,6.3195,4.1449,43.4269,1.6573,108.6104,54.3885,3853.1114,15.6162,8.6689,5687.0968,20.3001,0.3525,0.2483,2.5807,243.5603,26.7261,73.2739,0.047,0.0099,1.0202,0.0136,2.3288,1,0,0
162,000963,华东医药,0.21,1.07,13.54,104144.05,7.39,26.629,14090.9419,14.4951,3.0039,59.9221,3.3372,53.9374,1.1835,152.0913,15.088,26.1192,15.5717,14.6404,-37.8632,15.158,2.0396,1.5153,33.342,5364.4746,53.5906,46.4094,0.0196,0.0184,0.2542,0.0397,4.6557,0,0,0
163,000983,西山煤电,0.09,0.29,5.39,91737.25,6.72,35.6757,13632.8527,4.3262,3.2052,56.1587,2.5728,69.9627,0.8425,213.6499,58.8247,637.7683,6.5109,4.2946,738.9049,7.0669,0.7863,0.629,18.7654,401.7747,36.2658,63.7342,0.0785,0.0188,1.0125,0.0295,4.6359,-1,0,0
164,001979,招商蛇口,0.44,0.44,6.03,346643.75,17.87,25.7661,19395.6613,2.4538,77.9605,2.3089,0.1146,1570.6806,0.0865,2080.9249,-8.7185,-6.4847,20.0097,24.1212,-8.3333,15.2711,1.592,0.6731,29.7722,3002.9124,27.72,72.28,-0.6037,-0.0421,-2.8398,-0.0582,-7.8437,1,0,0
165,002001,新和成,0.14,0.54,7.01,58594.46,22.46,42.9617,2608.0224,2.395,2.8056,64.1574,1.1515,156.3178,0.45,400.0,13.261,9.3799,8.7391,13.1293,14.8936,8.7036,2.1103,1.6261,92.9257,1084.4615,67.7585,32.2415,0.1631,0.0359,0.7262,0.1114,15.3336,-1,-1,0
166,002008,大族激光,0.28,0.86,15.83,91411.04,16.51,43.1006,5535.8164,5.1878,1.5747,114.3075,1.3956,128.9768,0.7871,228.6876,77.2987,129.0265,22.871,42.5156,126.3158,24.0607,1.3443,0.9222,11.8377,1898.3371,47.6032,52.3968,-0.0788,-0.0327,-0.4747,-0.0623,-6.8972,-1,-1,0
167,002050,三花智控,0.14,0.28,9.49,51288.55,11.98,28.6109,4280.4358,2.376,3.1514,57.1175,2.5540000000000003,70.4777,0.7464,241.1576,25.2288,29.2932,8.5817,9.2931,27.2727,8.2111,2.0071,1.6043,51.6071,1537.1670000000001,60.5805,39.4195,0.0587,0.0284,0.4816,0.07200000000000001,8.5106,1,0,0
168,002065,东华软件,0.14,0.39,6.74,61261.74,24.32,32.2672,2518.8499,1.6044,0.5396,333.5804,0.5255,342.5309,0.2437,738.613,16.2057,89.3215,6.7232,16.3214,87.1463,7.0071,2.5053,1.7114,20.2432,4863.85,67.2724,32.7276,-0.1823,-0.0336,-0.7498,-0.1026,-10.4176,1,1,1
169,002081,金螳螂,0.14,0.34,8.66,89649.85,9.43,16.6537,9497.6824,3.5931,0.5294,340.0076,38.7387,4.6465,0.43,418.6047,4.3518,1.0061,14.9746,8.0018,0.9524,14.0759,1.3807,1.3674,10.3191,1740.4851,40.0092,59.9908,-0.0258,-0.0092,-0.273,-0.0153,-1.5329,0,0,0
170,002085,万丰奥威,0.11,0.22,8.72,48107.89,9.7,23.0226,4955.2511,2.2659,3.0671,58.6874,3.6216,49.7018,1.1207,160.6139,8.6967,-3.9929,14.329,2.4265,-16.4451,20.6956,1.9657,1.4843,42.3218,1615.8905,65.947,34.053000000000004,0.127,0.0685,1.2,0.2013,28.5237,-1,0,0
172,002146,荣盛发展,0.15,0.39,6.87,168459.36,12.55,29.6385,13415.8595,3.0854,29.0034,6.2062,0.0945,1904.7619,0.0896,2008.9286,17.8039,37.8406,13.6736,42.3013,30.0,13.3905,1.5127,0.4685,14.9587,-26844.3178,14.7372,85.2628,-0.5571,-0.0435,-4.0417,-0.051,-7.0457,1,0,0
173,002202,金风科技,0.25,0.31,5.76,113291.83,11.51,32.2121,9839.5241,3.5969,0.6417,280.5049,1.8586,96.8471,0.3065,587.2757,-9.8999,-21.1794,14.1404,9.2508,-41.7657,14.4307,1.2367,1.0783,17.2073,456.7887,32.8168,67.1832,-0.1577,-0.0239,-1.3066,-0.0356,-6.1672,1,0,0
174,002236,大华股份,0.22,0.34,11.29,98300.12,13.16,39.4475,7464.6649,2.5745,1.1362,158.4228,1.8262,98.5653,0.5506,326.9161,50.809,37.9313,25.8479,43.0326,36.0,27.5327,1.9296,1.5547,33.4296,2429.7591,53.997,46.003,-0.1234,-0.0542,-0.9404,-0.1178,-12.5826,0,0,0
175,002241,歌尔股份,0.14,0.23,6.46,71884.22,7.2,22.1391,9973.9375,3.0735,1.9893,90.4841,2.6133,68.8784,0.8233,218.6323,52.3879,52.6774,39.5363,22.4527,-25.8065,40.7219,1.2598,0.9035,36.7257,520.1243,55.0653,44.9347,0.1516,0.0609,2.14,0.1354,15.3491,-1,0,0
176,002271,东方雨虹,0.12,0.56,9.38,49371.89,11.45,40.4146,4310.5908,4.8834,1.2675,142.0118,2.8266,63.6807,0.6512,276.4128,47.5679,35.5722,29.4214,34.2449,27.2727,28.909000000000002,1.4352,1.2144,26.5262,1901.7941,51.7321,48.2679,-0.1845,-0.0754,-1.6181,-0.1563,-15.8886,-1,0,0
177,002294,信立泰,0.09,0.7,13.33,73041.28,35.89,79.4065,2034.6776,1.9451,2.5281,71.1997,1.0944,164.4737,0.6011,299.45099999999996,7.5539,4.461,14.4388,5.4357,6.0606,15.0103,5.7534,4.9377,168.8107,-5533.2292,89.22399999999999,10.776,0.3672,0.1224,1.0327,1.1354,137.779,1,0,0
178,002310,东方园林,0.1,0.17,4.98,46766.2,9.38,31.9411,4984.2969,1.859,0.9164,196.4208,0.3748,480.2561,0.2752,654.0698,70.7923,53.0046,44.0744,41.2479,-41.3793,47.7517,1.4283,0.7247,23.4496,463.779,37.2406,62.7594,0.0447,0.0086,0.4337,0.0137,1.6834,-1,-1,0
179,002311,海大集团,0.2,0.33,8.84,51871.16,3.56,11.0028,14532.3378,9.2212,16.2609,11.0695,4.9686,36.2275,2.3152,77.7471,25.0591,32.8957,12.4457,23.4074,32.0,12.5909,1.1134,0.6292,14.039,1967.9694,47.1286,52.8714,-0.0136,-0.0158,-0.3696,-0.0298,-3.0388,0,0,0
180,002352,顺丰控股,0.17,0.45,8.84,188362.62,5.85,21.1855,32160.9324,7.6872,7.2107,24.9629,62.5942,2.8757,1.5223,118.2421,10057.0189,16915.3505,3017.1592,5054.7541,800.0,3010.9761,1.1408,1.1182,62.0161,1675.2598,49.1693,50.8307,0.0562,0.0405,0.966,0.0798,9.8483,-1,0,0
181,002411,延安必康,0.07,0.3,5.34,45619.84,26.35,48.1095,1731.1262,1.1297,1.4762,121.9347,3.088,58.2902,0.2098,857.96,-5.8254,-6.9313,10.4672,30.3835,-14.454,10.2315,2.1333,2.0397,94.9394,585.3019,45.5711,54.4289,0.3329,0.0297,1.2615,0.0546,16.6805,0,0,0
182,002415,海康威视,1.01,0.36,12.98,329154.61,20.01,42.7228,16447.5397,1.7821,1.3401,134.3183,2.1506,83.6976,0.4529,397.4387,31.0749,25.5049,26.4927,29.9346,-16.9767,25.8355,2.8211,2.4354,102.9782,5969.5469,58.3669,41.6331,-0.1181,-0.0468,-0.5931,-0.1124,-15.1799,-1,0,0
183,002422,科伦药业,0.19,0.18,2.21,25615.02,5.18,44.65,4941.9769,3.4319,1.2837,140.2197,1.3052,137.9099,0.5478,328.5871,20.6416,-26.7227,3.7047,4.1904,-33.3333,3.2898,0.7967,0.6203,7.7978,252.6582,47.4352,52.5648,0.1426,0.0283,2.3436,0.0539,6.0399,-1,0,0
184,002460,赣锋锂业,0.18,0.81,22.59,60737.88,37.37,34.1529,1625.257,2.2297,3.8110000000000004,47.2317,1.5546,115.7854,0.8127,221.4839,20.9976,118.32,30.2442,71.4421,118.9189,30.1748,1.1179999999999999,0.745,13.5053,2516.5869,51.0125,48.9875,-0.221,-0.0677,-0.5915,-0.1382,-15.9031,-1,-1,-1
185,002466,天齐锂业,0.21,0.94,18.07,92399.07,38.26,68.6453,2414.5548,2.428,8.8802,20.2698,1.6184,111.221,0.5623,320.1138,41.5667,32.7836,44.4323,51.3921,23.8961,44.5027,1.4235,1.2819999999999998,69.8586,21198.672000000002,56.361999999999995,43.638000000000005,0.4852,0.0945,1.0242,0.2166,35.6852,-1,-1,0
186,002468,申通快递,0.05,0.49,12.84,74650.09,13.42,19.8534,5561.429,3.633,8.2899,21.7132,170.0677,1.0584,0.9557,188.3436,686.8719,40503.2061,696.1316,360.9421,4800.0,727.8198,4.0621,4.0453,273.0469,-3457.1742,81.6483,18.3517,0.0869,0.0653,0.6475,0.35600000000000004,36.2657,0,0,0
187,002493,荣盛石化,0.14,0.29,8.34,110308.23,3.13,6.0892,35200.9861,9.2245,59.2593,3.0375,12.3259,14.6034,2.2394,80.3787,90.2542,43.0735,14.4232,3.0036,0.0,17.2009,0.7318,0.6112,21.0554,429.9889,33.681999999999995,66.318,-0.0322,-0.0246,-1.0529,-0.0371,-4.711,1,0,0
188,002508,老板电器,0.1,0.63,13.69,59775.79,18.69,57.3146,3197.758,3.3694,9.8765,18.2251,1.3517,133.1656,0.5543,324.7339,26.6301,41.3685,32.0697,29.8674,8.6207,32.0386,2.0956,1.7185,102.9004,-1473.997,59.3761,40.6239,0.2185,0.0945,1.1691,0.2327,23.8454,0,0,0
189,002555,三七互娱,0.06,0.41,17.18,85055.05,27.62,68.2094,3079.4289,1.4769999999999999,4.1173,43.718,11.2084,16.0594,1.0683,168.49200000000002,26.798000000000002,76.7436,58.4183,60.8175,74.6781,57.9553,1.4071,1.3633,67.8444,7219.898,72.7384,27.2616,0.3562,0.1249,1.1525,0.4582,46.5653,1,0,0
190,002572,索菲亚,0.12,0.32,7.49,29426.23,11.83,36.2532,2487.4221,2.6936,19.5716,9.197000000000001,5.6984,31.5878,0.812,221.6749,49.0006,60.6944,76.9702,79.0001,-29.7089,66.9985,1.8732,1.6906,87.7338,56224.4064,70.6201,29.3799,0.1673,0.0692,1.4525,0.2354,26.4052,0,0,0
191,002601,龙蟒佰利,0.08,0.65,10.22,130993.25,26.4,45.208,4960.3435,2.4409,5.204,34.5888,1.9855,90.6573,0.9521,189.0558,281.9542,1671.5222,436.7544,194.1739,550.0,438.7027,1.1708,0.8785,39.019,2391.9963,67.2714,32.7286,0.1525,0.0385,0.5592,0.1176,15.1687,-1,0,0
192,002624,完美世界,0.12,0.51,8.9,67135.29,18.71,56.0117,3588.0456,2.7292,2.1095,85.3283,2.0407,88.205,0.3398,529.7234,69.6773,85.2169,15.0488,38.9139,50.0,21.6499,2.2261,1.99,54.1317,687.5114,52.9599,47.0401,0.0767,0.0166,0.4224,0.0352,6.1827,0,0,0
193,002625,光启技术,0.05,0.05,0.8,5091.93,26.62,34.0158,191.2179,0.1508,1.3502,133.3136,3.907,46.0712,0.0516,3488.3721,-5.0673,131.131,1255.5148,975.8916,-28.5714,1255.5148,63.3917,63.1215,5959.7042,-73.341,98.3746,1.6254,0.1317,0.0033,0.4945,0.2034,22.2354,0,0,0
196,002773,康弘药业,0.05,0.35,7.8,23306.77,17.02,90.17299999999999,1369.2522,2.0286,10.2208,17.6111,0.8874,202.8398,0.4442,405.2229,17.5904,30.5685,16.3469,29.85,30.9955,17.3966,5.1736,4.9281,406.7037,-1955.7181,73.0985,26.9015,0.2275,0.0742,1.3368,0.2758,49.0011,0,0,0
197,300003,乐普医疗,0.24,0.28,8.66,49533.29,22.69,64.6241,2182.6372,1.225,1.6075,111.9751,1.2439,144.7062,0.545,330.2752,30.2329,33.7219,31.6585,38.8493,27.3059,31.4016,1.6026,1.3259999999999998,55.7813,1929.661,62.6945,37.3055,0.1763,0.0377,0.7048,0.1009,15.9503,0,0,0
198,300015,爱尔眼科,0.27,0.24,12.19,36203.31,13.97,46.9561,2590.0574,1.7031,7.2572,24.803,5.7502,31.3033,1.5613,115.2885,34.9227,39.5145,16.3408,29.634,-12.8608,13.7248,1.1382,0.9583,43.4831,8327.0553,64.5665,35.4335,0.1616,0.0819,1.0685,0.2311,27.7614,-1,0,0
199,300017,网宿科技,0.12,0.17,5.58,41595.56,17.03,34.0425,2442.1563,1.0134,2.2568,79.759,6.7334,26.7324,0.3746,480.5125,18.7752,-29.0749,16.2066,21.9922,-77.8815,15.6103,4.9271,4.7416,276.714,-996.2904,83.06299999999999,16.937,0.1265,0.0337,0.7446,0.1992,25.2303,-1,-1,0
200,300024,机器人,0.15,0.11,3.13,17674.94,17.21,32.2135,1026.5568,0.6579,1.1354,158.5344,0.3724,483.3512,0.188,957.4468,15.467,5.0878,7.412000000000001,10.6669,0.0,7.3952,4.4023,2.8247,95.2798,-1330.5129,76.3687,23.6313,-0.2971,-0.0404,-1.7026,-0.1708,-23.599,-1,0,0
202,300059,东方财富,0.47,0.06,2.01,26010.1,54.31,58.073,478.9023,0.1116,1.6439,109.4957,1.4574,123.5076,0.0195,9230.7692,-27.1038,-22.9653,5.1376,20.6485,-38.978,5.1561,1.4063,1.3991,62.8824,-1230.8342,39.6175,60.3825,-1.1116,-0.0162,-2.0536,-0.0268,-2.7209,-1,-1,0
203,300070,碧水源,0.16,0.17,3.37,53384.87,18.43,27.197,2895.0715,0.9238,0.706,254.9575,2.8576,62.9899,0.2132,844.2777,23.3428,103.102,21.6337,66.2445,90.0,15.2237,0.9387,0.8553,33.5003,670.2747,51.887,48.113,-0.2427,-0.021,-1.3274,-0.0436,-5.6131,0,0,0
204,300072,三聚环保,0.12,0.68,17.63,121298.54,10.03,18.0724,12085.4769,6.6977,1.6173,111.2966,11.0365,16.3095,0.7053,255.2105,108.1331,56.5848,38.1027,40.3187,0.0,37.3494,1.9534,1.8403,46.03,596.9401,37.2147,62.7853,-0.1685,-0.0981,-1.6455,-0.1563,-22.2175,1,1,0
205,300122,智飞生物,0.2,0.11,6.6,17179.01,38.59,92.2613,445.162,0.2782,1.1563,155.6689,0.2287,787.0573,0.3312,543.4783,142.0095,1326.9631,7.0487,21.3177,1000.0,7.0487,3.3367,2.9130000000000003,170.364,-3034.5417,82.9402,17.0598,0.04,0.0055,0.1036,0.0323,3.8298,-1,-1,-1
206,300124,汇川技术,0.21,0.27,8.76,42873.12,22.13,45.7819,1937.0098,1.1632,1.7273,104.2089,1.2194,147.6136,0.2898,621.118,32.2402,10.3484,17.2348,48.1586,12.5,16.545,2.0249,1.7431,40.0777,-3896.5258,58.5184,41.4816,0.1218,0.0273,0.5311,0.0659,6.8453,-1,0,0
207,300144,宋城演艺,0.17,0.36,7.9,52360.7,37.59,63.6382,1392.6254,0.9587,49.4591,3.6394,100.7853,1.786,0.7989,225.3098,17.4124,21.0492,15.1669,9.283999999999999,21.0084,14.6181,2.4743,2.4663,136.9868,8944.1754,88.0837,11.9163,0.5006,0.0884,1.3222,0.7415,104.7166,1,0,0
208,300251,光线传媒,0.07,0.14,5.61,40055.5,38.91,43.3115,1029.2746,0.3508,1.7208,104.6025,0.9983,180.3065,0.3233,556.7584,42.6199,27.2465,1.5866,4.2410000000000005,27.2727,2.9691,4.3260000000000005,3.3455,121.7461,3643.2055,79.4711,20.5289,0.2415,0.0273,0.6092,0.1332,34.7414,-1,-1,0
209,300296,利亚德,0.13,0.23,8.0,37090.72,14.76,40.3909,2512.7307,1.5425,1.4517,123.9926,0.6505,276.7102,0.423,425.5319,45.0923,105.0698,87.9441,91.3327,-4.1667,89.9491,1.3207,0.8065,37.2046,472.8558,42.7225,57.2775,0.028999999999999998,0.0065,0.1969,0.0114,1.4267,-1,0,0
210,300433,蓝思科技,0.06,0.12,2.31,31106.01,3.59,23.9859,8660.976999999999,3.3083,2.5288,71.18,3.1141,57.8016,0.9947,180.9591,53.0853,23.4782,8.1997,27.6219,-0.3356,8.2757,0.8072,0.6031,21.9083,442.7004,51.4756,48.5244,0.18,0.0565,5.0849,0.1164,14.0158,1,0,0
