,code,name,weight,eps,roe,net_profits,net_profit_ratio,gross_profit_rate,business_income,bips,arturnover,arturndays,inventory_turnover,inventory_days,currentasset_turnover,currentasset_days,mbrg,nprg,nav,targ,epsg,seg,currentratio,quickratio,cashratio,icratio,sheqratio,adratio,cf_sales,rateofreturn,cf_nm,cf_liabilities,cashflowratio,"label3_('300498', [21.59, 21.89, 22.1, 21.54, 21.44, 21.62, 21.2, 21.04, 20.64, 20.8, 21.01, 21.16, 21.4, 21.25, 21.24, 20.93, 20.67, 20.73, 20.61, 21.25, 21.38, 21.5, 21.39, 21.51, 21.55, 22.0, 22.86, 23.2, 23.38, 23.99, 23.84, 23.77, 24.42, 23.73, 23.87, 24.33, 24.38, 23.95, 23.78, 24.0, 23.97, 23.56, 24.24, 24.52, 24.35, 23.39, 22.86, 23.23, 23.26, 22.86, 22.85, 22.68, 21.8, 21.45, 21.68, 21.22, 21.11, 21.26, 21.4, 22.02], '300498', [21.59, 21.89, 22.1, 21.54, 21.44, 21.62, 21.2, 21.04, 20.64, 20.8, 21.01, 21.16, 21.4, 21.25, 21.24, 20.93, 20.67, 20.73, 20.61, 21.25, 21.38, 21.5, 21.39, 21.51, 21.55, 22.0, 22.86, 23.2, 23.38, 23.99, 23.84, 23.77, 24.42, 23.73, 23.87, 24.33, 24.38, 23.95, 23.78, 24.0, 23.97, 23.56, 24.24, 24.52, 24.35, 23.39, 22.86, 23.23, 23.26, 22.86, 22.85, 22.68, 21.8, 21.45, 21.68, 21.22, 21.11, 21.26, 21.4, 22.02], '300498', [21.59, 21.89, 22.1, 21.54, 21.44, 21.62, 21.2, 21.04, 20.64, 20.8, 21.01, 21.16, 21.4, 21.25, 21.24, 20.93, 20.67, 20.73, 20.61, 21.25, 21.38, 21.5, 21.39, 21.51, 21.55, 22.0, 22.86, 23.2, 23.38, 23.99, 23.84, 23.77, 24.42, 23.73, 23.87, 24.33, 24.38, 23.95, 23.78, 24.0, 23.97, 23.56, 24.24, 24.52, 24.35, 23.39, 22.86, 23.23, 23.26, 22.86, 22.85, 22.68, 21.8, 21.45, 21.68, 21.22, 21.11, 21.26, 21.4, 22.02], '300498', [21.59, 21.89, 22.1, 21.54, 21.44, 21.62, 21.2, 21.04, 20.64, 20.8, 21.01, 21.16, 21.4, 21.25, 21.24, 20.93, 20.67, 20.73, 20.61, 21.25, 21.38, 21.5, 21.39, 21.51, 21.55, 22.0, 22.86, 23.2, 23.38, 23.99, 23.84, 23.77, 24.42, 23.73, 23.87, 24.33, 24.38, 23.95, 23.78, 24.0, 23.97, 23.56, 24.24, 24.52, 24.35, 23.39, 22.86, 23.23, 23.26, 22.86, 22.85, 22.68, 21.8, 21.45, 21.68, 21.22, 21.11, 21.26, 21.4, 22.02], '300498', [21.59, 21.89, 22.1, 21.54, 21.44, 21.62, 21.2, 21.04, 20.64, 20.8, 21.01, 21.16, 21.4, 21.25, 21.24, 20.93, 20.67, 20.73, 20.61, 21.25, 21.38, 21.5, 21.39, 21.51, 21.55, 22.0, 22.86, 23.2, 23.38, 23.99, 23.84, 23.77, 24.42, 23.73, 23.87, 24.33, 24.38, 23.95, 23.78, 24.0, 23.97, 23.56, 24.24, 24.52, 24.35, 23.39, 22.86, 23.23, 23.26, 22.86, 22.85, 22.68, 21.8, 21.45, 21.68, 21.22, 21.11, 21.26, 21.4, 22.02], '300498', [21.59, 21.89, 22.1, 21.54, 21.44, 21.62, 21.2, 21.04, 20.64, 20.8, 21.01, 21.16, 21.4, 21.25, 21.24, 20.93, 20.67, 20.73, 20.61, 21.25, 21.38, 21.5, 21.39, 21.51, 21.55, 22.0, 22.86, 23.2, 23.38, 23.99, 23.84, 23.77, 24.42, 23.73, 23.87, 24.33, 24.38, 23.95, 23.78, 24.0, 23.97, 23.56, 24.24, 24.52, 24.35, 23.39, 22.86, 23.23, 23.26, 22.86, 22.85, 22.68, 21.8, 21.45, 21.68, 21.22, 21.11, 21.26, 21.4, 22.02], '300498', [21.59, 21.89, 22.1, 21.54, 21.44, 21.62, 21.2, 21.04, 20.64, 20.8, 21.01, 21.16, 21.4, 21.25, 21.24, 20.93, 20.67, 20.73, 20.61, 21.25, 21.38, 21.5, 21.39, 21.51, 21.55, 22.0, 22.86, 23.2, 23.38, 23.99, 23.84, 23.77, 24.42, 23.73, 23.87, 24.33, 24.38, 23.95, 23.78, 24.0, 23.97, 23.56, 24.24, 24.52, 24.35, 23.39, 22.86, 23.23, 23.26, 22.86, 22.85, 22.68, 21.8, 21.45, 21.68, 21.22, 21.11, 21.26, 21.4, 22.02], '300498', [21.59, 21.89, 22.1, 21.54, 21.44, 21.62, 21.2, 21.04, 20.64, 20.8, 21.01, 21.16, 21.4, 21.25, 21.24, 20.93, 20.67, 20.73, 20.61, 21.25, 21.38, 21.5, 21.39, 21.51, 21.55, 22.0, 22.86, 23.2, 23.38, 23.99, 23.84, 23.77, 24.42, 23.73, 23.87, 24.33, 24.38, 23.95, 23.78, 24.0, 23.97, 23.56, 24.24, 24.52, 24.35, 23.39, 22.86, 23.23, 23.26, 22.86, 22.85, 22.68, 21.8, 21.45, 21.68, 21.22, 21.11, 21.26, 21.4, 22.02], '300498', [21.59, 21.89, 22.1, 21.54, 21.44, 21.62, 21.2, 21.04, 20.64, 20.8, 21.01, 21.16, 21.4, 21.25, 21.24, 20.93, 20.67, 20.73, 20.61, 21.25, 21.38, 21.5, 21.39, 21.51, 21.55, 22.0, 22.86, 23.2, 23.38, 23.99, 23.84, 23.77, 24.42, 23.73, 23.87, 24.33, 24.38, 23.95, 23.78, 24.0, 23.97, 23.56, 24.24, 24.52, 24.35, 23.39, 22.86, 23.23, 23.26, 22.86, 22.85, 22.68, 21.8, 21.45, 21.68, 21.22, 21.11, 21.26, 21.4, 22.02], '300498', [21.59, 21.89, 22.1, 21.54, 21.44, 21.62, 21.2, 21.04, 20.64, 20.8, 21.01, 21.16, 21.4, 21.25, 21.24, 20.93, 20.67, 20.73, 20.61, 21.25, 21.38, 21.5, 21.39, 21.51, 21.55, 22.0, 22.86, 23.2, 23.38, 23.99, 23.84, 23.77, 24.42, 23.73, 23.87, 24.33, 24.38, 23.95, 23.78, 24.0, 23.97, 23.56, 24.24, 24.52, 24.35, 23.39, 22.86, 23.23, 23.26, 22.86, 22.85, 22.68, 21.8, 21.45, 21.68, 21.22, 21.11, 21.26, 21.4, 22.02])"
0,600009,上海机场,0.65,0.53,3.97,101791.21,44.63,50.684,2280.7468,1.1835,1.6601,54.2136,55.585,1.6191,0.2316,388.601,20.3458,27.6525,13.1578,2.5104,29.2683,13.2624,5.3215,5.3095,440.5376,-2857.4311,93.5951,6.4049,0.2191,0.0176,0.47200000000000003,0.2752,27.6473,0
1,600010,包钢股份,0.25,0.01,1.27,63691.46,4.9,18.3208,12986.7994,0.2848,4.0468,22.2398,0.5165,174.2498,0.3127,287.8158,22.1764,223.5009,5.3317,2.9366,127.8689,5.3744,0.4802,0.2299,9.6537,221.6484,34.2403,65.7597,0.1031,0.0091,2.1059,0.0139,1.5432,-1
2,600011,华能国际,0.22,0.08,1.6,121896.81,2.81,13.4855,43255.6346,2.8456,2.0021,44.9528,4.7681,18.8754,0.8305,108.3685,15.1118,78.1563,1.3725,1.8771,100.0,3.8958,0.3702,0.3149,11.1651,195.7422,24.6598,75.3402,0.2164,0.0245,5.4178,0.0325,6.2292,0
3,600018,上港集团,0.18,0.07,2.35,165097.41,19.1,29.5222,8643.7833,0.373,3.3629,26.7626,0.2426,370.981,0.1699,529.7234,8.1484,31.4156,10.6985,19.9449,44.4219,12.0713,1.5779,0.7891,54.177,816.1943,55.2639,44.7361,0.0069,0.0004,0.0313,0.0009,0.1818,0
4,600019,宝钢股份,0.47,0.23,3.01,502053.56,7.44,16.3478,67453.7192,3.0291,4.939,18.2223,1.3339,67.4713,0.498,180.7229,-20.6521,32.8144,9.2889,-4.1835,35.2941,10.1368,0.8590000000000001,0.5773,13.3482,2969.4429999999998,50.8381,49.1619,0.0532,0.0102,0.6488,0.0207,2.2422,0
6,600027,华电国际,0.1,0.07,1.63,68732.1,3.05,12.001,22471.787999999997,2.2783,2.4897,36.1489,7.6522,11.7613,0.8919,100.9082,17.5977,859.9561,0.188,5.1741,6900.0,-0.4312,0.3468,0.3154,11.2822,180.6061,26.0546,73.9454,0.2388,0.0248,6.7504,0.0336,7.3451,0
7,600028,中国石化,0.59,0.16,2.55,1877000.0,3.02,19.3115,621251.0,5.1312,9.7476,9.232999999999999,2.6522,33.9341,1.183,76.0778,6.7102,13.0932,2.7775,6.3296,13.1387,2.358,0.9839,0.6228,32.7775,7026.3736,55.7902,44.2098,0.0194,0.0077,0.4915,0.0173,2.275,0
8,600029,南方航空,0.21,0.25,4.97,254400.0,7.46,14.4659,34101.0,3.3802,11.2973,7.9665,17.3671,5.1822,1.9418,46.3487,10.1133,55.5435,16.1787,8.8527,56.25,18.1607,0.2452,0.2205,8.9461,-523.4114,29.9216,70.0784,0.1324,0.0205,1.5779,0.0293,6.4239999999999995,0
11,600048,保利地产,0.74,0.16,1.75,189636.95,9.42,39.7933,20125.237,1.6971,9.8997,9.0912,0.0266,3383.4586,0.0297,3030.303,12.4079,12.8841,35.6553,48.4513,0.0,19.8347,1.8464,0.6187,18.8276,501.8041,21.5527,78.4473,-1.3054,-0.0345,-9.2309,-0.044000000000000004,-6.8275,0
12,600050,中国联通,0.46,0.04,0.95,130205.92,1.73,26.4479,74935.0586,2.4785,3.5511,25.3443,21.8162,4.1254,0.8794,102.3425,8.5934,260.9188,33.9372,-4.6373,233.3333,75.6653,0.3967,0.3848,21.0225,1721.7345,54.11,45.89,0.3397,0.0443,8.5284,0.0965,10.7848,0
13,600061,国投资本,0.19,0.12,1.37,50116.97,178.58,3.069,280.6405,0.0663,0.6209,144.9509,1.4609999999999999,61.6016,0.0022,40909.0909,28.9366,-10.0513,35.1614,12.6917,-20.0,38.6999,1.3827,1.381,39.2137,1346.4079,24.4831,75.5169,-44.5988,-0.0769,-21.9388,-0.1018,-12.6352,-1
14,600066,宇通客车,0.14,0.13,1.88,29469.61,6.32,22.6934,4659.1505,2.1044,0.2718,331.1258,1.1656,77.2135,0.1714,525.0875,20.4395,-8.9632,13.5464,21.0726,-7.1429,13.6302,1.6173,1.4307,21.0467,534.691,44.6991,55.3009,-0.4843,-0.0634,-7.5715,-0.1147,-13.5525,0
15,600085,同仁堂,0.13,0.23,3.7,31686.38,8.64,48.1419,3664.3988,2.6718,2.5865,34.7961,0.3227,278.8968,0.2446,367.9477,-0.0877,7.4493,8.3711,9.939,7.9439,7.5287,3.2904,2.0269,131.8757,25512.5405,70.4227,29.5773,0.1245,0.0236,0.8479,0.0798,9.8307,0
16,600089,特变电工,0.22,0.13,1.7,50129.35,6.26,23.1472,8006.6543,2.1555,0.6585,136.6743,0.5441,165.4108,0.1646,546.7801,-1.97,-12.9834,22.8398,11.7263,-28.8127,25.3387,1.3171,1.0115,41.5954,377.7828,39.5839,60.4161,-0.4739,-0.0434,-5.5237,-0.0718,-9.964,0
18,600104,上汽集团,0.72,0.83,4.22,970667.97,4.13,13.069,234852.5098,20.1012,5.9556,15.1118,4.0128,22.4282,0.5802,155.1189,21.5792,21.8105,8.8306,18.8498,15.2566,8.7388,1.0459,0.917,46.101000000000006,4184.852,38.2577,61.7423,-0.0663,-0.0209,-1.1087,-0.0338,-3.8806,0
20,600115,东方航空,0.2,0.14,3.64,198300.0,7.41,11.9239,26753.0,1.8491,15.2049,5.9191,10.7815,8.3476,1.5531,57.9486,9.0357,-27.680999999999997,10.6732,8.3303,-29.6201,10.5008,0.2339,0.2022,4.2799,-494.8387,25.9241,74.0759,0.2383,0.027999999999999997,2.9546,0.0378,9.2284,0
21,600118,中国卫星,0.11,0.05,1.15,6007.32,4.71,14.6337,1273.9265,1.0773,0.461,195.2278,0.8371,107.514,0.1713,525.394,13.6269,10.238999999999999,9.016,-8.9847,0.0,6.2092,2.1368,1.7217,66.781,-776.3456,62.7726,37.2274,-0.1364,-0.0171,-2.5693,-0.0458,-4.8296,0
22,600153,建发股份,0.1,0.2,2.43,58117.61,1.19,4.9782,48632.4612,17.153,11.2715,7.9847,0.4624,194.6367,0.2954,304.6716,24.7367,33.4861,32.9751,38.0672,33.3333,10.3624,1.6217,0.5973,19.0171,791.7235,21.6315,78.3685,-0.3419,-0.0806,-25.1699,-0.1028,-15.0221,0
23,600170,上海建工,0.14,0.06,2.08,53283.43,1.71,11.552999999999999,31075.3789,3.4898,1.811,49.6963,0.3505,256.776,0.19899999999999998,452.2613,16.4672,32.3761,12.0623,13.7616,-14.2857,9.7586,1.2592,0.5832,35.084,346.6456,16.2027,83.7973,-0.4437,-0.0724,-20.3729,-0.0863,-11.4107,0
24,600176,中国巨石,0.16,0.21,4.84,61690.1,24.72,45.273999999999994,2494.8448,0.8548,1.6623,54.1419,1.0765,83.6043,0.32,281.25,34.1671,31.0652,14.0076,6.2444,9.3071,13.4128,0.9129,0.7708,18.7144,705.5471,50.9433,49.0567,0.1914,0.0185,0.7687,0.0377,5.622000000000001,-1
25,600177,雅戈尔,0.18,0.14,2.07,50928.49,30.28,59.7145,1681.6601,0.4695,5.0736,17.7389,0.0611,1472.9951,0.0533,1688.5553,-50.4588,-59.6166,7.1013,6.4114,-71.6139,7.6804,0.773,0.5068,17.8042,306.5008,36.3623,63.6377,-0.0243,-0.0006,-0.0802,-0.0009,-0.09699999999999999,0
26,600188,兖州煤业,0.08,0.45,4.01,222753.6,6.88,23.193,32333.709,6.5825,7.8613,11.4485,5.6466,15.9388,0.473,190.2748,-18.6492,37.0594,51.3426,31.9267,27.3876,33.7699,1.2042,1.1229,61.5542,517.5566,41.9928,58.0072,0.1011,0.0164,1.1904,0.0283,5.5799,0
27,600208,新湖中宝,0.11,0.09,2.4,78790.9,26.38,35.1127,2985.6409,0.3471,53.1967,1.6918,0.0313,2875.3994,0.0354,2542.3729,94.316,102.0207,11.6048,7.1986,109.0909,12.595,2.293,0.5812,45.6855,315.7912,25.7607,74.2393,-1.0161,-0.0231,-3.8603,-0.0311,-8.0368,0
28,600276,恒瑞医药,1.65,0.33,5.99,94945.14,24.61,86.4692,3857.1281,1.3616,1.1497,78.2813,0.643,139.9689,0.2593,347.0883,21.7003,20.4842,24.1877,23.5244,-4.2368,24.1885,8.2151,7.767,237.5543,-4814.6181,89.9101,10.0899,0.1285,0.0262,0.5093,0.2599,26.6358,0
29,600309,万华化学,0.54,1.3,13.47,354572.22,26.06,43.0297,13601.9135,4.975,4.4666,20.1496,1.0403,86.5135,0.5401,166.6358,23.5746,59.7443,31.64,16.6999,35.4167,37.1255,0.89,0.6107,9.5937,2190.8913,46.3363,53.6637,0.2639,0.054000000000000006,0.8684,0.1007,12.6964,0
30,600332,白云山,0.19,0.56,4.68,90516.93,13.1,38.5511,6909.1952,4.2497,6.343,14.1889,1.2895,69.7945,0.318,283.0189,30.6597,84.0217,11.1577,8.493,86.9128,10.8924,2.7928,2.4258,160.5094,-1872.4041,70.0125,29.9875,0.1161,0.0278,0.8659,0.0928,10.2083,1
32,600352,浙江龙盛,0.33,0.31,5.68,101908.84,24.08,42.6634,4231.3652,1.3006,1.4929,60.2854,0.1144,786.7133,0.133,676.6917,7.4146,88.7516,13.0236,16.4617,103.2446,13.3004,2.6319,0.858,32.5907,1174.9026,41.2379,58.7621,-0.1269,-0.0109,-0.4975,-0.0185,-4.3521,0
35,600406,国电南瑞,0.28,0.02,0.49,9430.14,2.45,24.8015,3843.9229,0.9147,0.2554,352.3884,0.4812,187.0324,0.1107,813.0081,170.5481,955.8862,137.2374,164.1736,100.0,119.6011,1.5295,1.2371,34.8317,813.9792,48.8673,51.1327,-0.2804,-0.0248,-10.1768,-0.0485,-4.8845,0
36,600415,小商品城,0.09,0.13,6.27,72313.16,89.58,50.3237,807.2357,0.1483,35.6498,2.5246,0.0943,954.4008,0.0939,958.4665,-82.8494,6.515,6.7722,3.4339,8.3333,9.8418,0.8938,0.5720000000000001,20.1784,1343.2001,47.7922,52.2078,-0.8198,-0.0264,-0.9184,-0.0506,-6.3386,0
37,600438,通威股份,0.22,0.08,2.37,32037.52,6.13,18.334,5221.2883,1.3448,6.4831,13.8822,1.9782,45.4959,0.659,136.5706,24.045,20.5524,16.4441,18.2523,20.614,14.276,0.8401,0.5876,34.861,690.3941,51.4574,48.5426,0.0961,0.0183,1.5631,0.0378,4.9816,-1
38,600482,中国动力,0.13,0.12,0.79,20703.11,4.09,14.1438,5061.1088,2.9186,0.6401,140.60299999999998,0.6881,130.7949,0.1553,579.5235,5.1805,-5.7016,5.8726,10.3549,-7.6923,2.4137,2.5734,2.0568,115.5083,-546.7861,65.0303,34.9697,0.0038,0.0004,0.0895,0.0013,0.1536,-1
39,600487,亨通光电,0.18,0.35,4.61,48174.2,7.61,21.1207,6327.5006,4.6533,1.0945,82.2293,0.9519,94.5477,0.3203,280.9866,38.2411,50.622,60.1102,35.8649,58.3818,70.7386,1.3466,0.9622,14.1366,846.8743,39.5104,60.4896,-0.1231,-0.0272,-1.5863,-0.045,-5.3513,-1
41,600522,中天科技,0.18,0.15,2.52,44772.32,6.76,17.0135,6620.996,2.1594,1.0137,88.7837,1.3353,67.4006,0.3527,255.1744,22.7608,1.1964,7.9366,16.6933,-4.4503,8.0141,2.2675,1.7702,66.3481,633.8578,64.4011,35.5989,-0.0811,-0.0191,-1.1904,-0.0537,-6.3397,-1
42,600547,山东黄金,0.25,0.19,2.1,34679.49,2.44,8.5443,14166.3165,7.6281,99.2763,0.9066,3.9283,22.9107,2.0379,44.1631,41.5758,13.2624,5.1759,42.1878,5.5556,5.1697,0.5974,0.299,22.3858,413.83,41.6763,58.3237,0.0125,0.0042,0.47200000000000003,0.0072,1.5078,0
43,600566,济川药业,0.08,0.58,10.07,46683.37,21.94,84.6672,2127.6051,2.6278,1.131,79.5756,1.534,58.6701,0.5248,171.4939,51.4511,60.316,24.8785,39.0145,60.7242,24.8785,2.4935,2.3898,79.6234,16290.9842,65.6708,34.3292,0.2584,0.0741,1.1774,0.21600000000000003,31.1848,0
45,600585,海螺水泥,0.67,0.9,5.21,477806.99,25.46,41.2523,18766.522,3.5413,17.9731,5.0075,2.1375,42.1053,0.3962,227.158,37.5948,114.9194,17.2074,11.7605,121.8941,19.3192,2.582,2.285,138.8052,10806.6043,77.9077,22.0923,0.1627,0.0245,0.623,0.1111,16.1694,0
46,600606,绿地控股,0.2,0.29,5.43,348997.8,4.66,14.5487,74751.8767,6.1432,1.7496,51.4403,0.125,720.0,0.0968,929.7521,27.2096,36.1529,20.8885,14.8823,31.8182,11.7569,1.3267,0.4656,11.1771,1661.9863,11.3264,88.6736,0.0614,0.0053,1.1195,0.006,0.7787,0
47,600637,东方明珠,0.18,0.18,1.57,43708.23,15.61,32.19,2798.9099,1.0596,1.3030000000000002,69.0714,1.1088,81.1688,0.1276,705.3292,-24.4853,-2.0537,3.4862,0.82,8.9242,4.0004,3.0994,2.8388,149.3738,-10726.9133,80.8033,19.1967,0.2527,0.019,1.4648,0.0988,10.1445,0
48,600660,福耀玻璃,0.26,0.22,2.92,56261.79,11.84,41.9154,4747.8421,1.8926,1.3571,66.3179,0.9198,97.8474,0.3019,298.112,13.1085,-18.6905,3.2759,9.8701,-21.4286,3.2744,1.5066,1.2297,77.1283,362.8552,57.9634,42.0366,0.2367,0.0336,1.9976,0.08,10.2992,0
49,600663,陆家嘴,0.11,0.2,3.3,68554.86,52.88,54.8139,1296.4063,0.3856,4.6165,19.4953,0.027000000000000003,3333.3333,0.0361,2493.0748,-49.0853,105.6265,2.4044,-2.5846,52.3916,6.278,1.0823,0.4123,12.7616,564.3888,26.8324,73.1676,-1.5414,-0.0252,-1.7327,-0.0344,-6.1112,0
50,600688,上海石化,0.09,0.16,5.84,177151.3,6.87,23.2545,25759.522,2.3798,9.6802,9.2973,3.0606,29.406,1.2112,74.3065,14.1223,-8.0297,12.5376,18.5661,-8.3799,12.645,1.9283,1.3906,96.8909,-2028.8299,71.8443,28.1557,0.0635,0.0387,0.922,0.1374,13.909,0
51,600703,三安光电,0.22,0.24,4.78,96828.96,49.78,51.1299,1944.9135,0.4768,0.8349,107.7973,0.4733,190.1542,0.1642,548.1121,-2.2625,40.1294,13.9485,10.3055,41.1765,13.9314,6.6897,5.4688,289.1655,3471.1276,77.2748,22.7252,0.4857,0.0352,0.9756,0.155,51.8345,0
52,600704,物产中大,0.08,0.18,4.23,83099.51,1.53,3.2538,54242.0415,12.5948,9.6026,9.3725,2.7675,32.5203,0.9635,93.4094,-6.7883,92.1265,8.715,2.3752,54.1774,9.1111,0.9782,0.6296,21.7554,449.7404,28.094,71.906,-0.0898,-0.0506,-4.7301,-0.0703,-7.742000000000001,0
53,600705,中航资本,0.24,0.09,2.79,79236.58,53.87,43.8972,1470.7034,0.1638,5.0286,17.8976,37.6912,2.3878,0.0111,8108.1081,41.2856,50.3246,8.0362,51.6105,50.0,5.9981,0.8286,0.8284,75.5202,944.9292,12.8004,87.1996,-15.4202,-0.0996,-21.8537,-0.1142,-15.612,0
55,600809,山西汾酒,0.15,0.82,12.47,71007.18,21.91,70.9493,3239.8744,3.7418,57.1771,1.5741,0.4059,221.7295,0.4654,193.382,48.5573,54.5586,14.4453,28.4997,51.8141,13.7219,1.7708,1.2316,30.9367,-28921.7852,58.3808,41.6192,0.0754,0.0234,0.3199,0.0561,5.6326,0
56,600867,通化东宝,0.15,0.16,5.87,27380.22,38.06,73.1362,719.3339,0.4203,1.1889,75.7002,0.2069,434.9928,0.3002,299.8001,27.2347,30.0993,15.9858,5.892,6.6667,15.9193,13.5397,8.7969,252.716,-64529.6605,95.4653,4.5347,0.2353,0.0336,0.6195,0.7406,89.7583,0
57,600886,国投电力,0.21,0.14,3.19,98923.78,10.52,40.3553,9397.1546,1.3847,2.4628,36.5438,4.1498,21.6878,0.6589,136.5913,23.1487,6.5771,7.7027,3.9509,5.1825,8.323,0.4908,0.445,21.433,290.6983,29.6498,70.3502,0.444,0.0196,2.112,0.0279,12.6012,0
60,600977,中国电影,0.09,0.18,3.24,33997.71,15.47,28.1765,2197.3611,1.1769,1.4325,62.8272,1.2116,74.2819,0.1836,490.1961,21.5443,23.1665,6.1616,8.152000000000001,18.1818,6.1293,2.5261,2.2575,132.0581,-3852.4282,67.5626,32.4374,0.6301,0.08199999999999999,3.5836,0.2528,27.3028,0
61,600998,九州通,0.06,0.12,1.2,22147.46,0.99,7.7783,22210.145,11.8286,1.2796,70.3345,1.5431,58.3242,0.4684,192.1435,18.0492,19.7922,48.1017,40.2453,9.0909,49.001999999999995,1.342,0.9666,22.3676,276.0872,33.1306,66.8694,-0.1745,-0.0644,-17.2353,-0.0963,-10.1255,0
64,601012,隆基股份,0.47,0.27,3.76,54318.08,15.65,21.9145,3470.0209999999997,1.7402,0.8448,106.5341,0.8205,109.6892,0.1765,509.915,29.1352,22.5247,40.8497,59.1865,22.7273,39.9227,1.4546,1.1534,51.5906,1627.384,42.6582,57.3418,-0.2065,-0.0206,-1.3393,-0.0359,-5.1083,-1
65,601021,春秋航空,0.13,0.46,3.93,38549.99,11.93,15.4383,3230.2099,3.5229,33.961999999999996,2.65,28.4925,3.1587,0.3974,226.4721,25.6349,27.1203,61.4366,28.9916,21.0526,61.4366,1.7128,1.6952,93.2038,1506.9455,50.1818,49.8182,0.16899999999999998,0.0223,1.4164,0.0447,9.7099,1
66,601088,中国神华,0.54,0.59,3.78,1163300.0,18.47,40.1023,62979.0,3.1664,4.542,19.8151,2.7806,32.3671,0.4568,197.0228,3.1394,-0.5687,-1.7401,-3.0185,-4.878,-3.6746,1.3501,1.204,80.7675,2114.0553,67.9021,32.0979,0.1875,0.0206,0.8339,0.0641,11.1412,0
68,601111,中国国航,0.23,0.19,3.01,262820.2,8.31,15.8321,31606.754,2.176,8.9851,10.0166,16.6019,5.4211,1.6193,55.5796,9.1055,75.6627,9.2546,0.5436,72.7273,8.4347,0.2617,0.2378,8.9682,-303.5749,41.596000000000004,58.403999999999996,0.22899999999999998,0.0308,2.2776,0.0528,10.3617,0
69,601117,中国化学,0.1,0.08,1.4,40014.64,2.68,13.0123,14918.583,3.0242,0.9513,94.6074,0.8088,111.27600000000001,0.212,424.5283,41.8851,18.3184,4.3417,3.2471,33.3333,3.5535,1.439,1.107,46.2724,289.7302,35.4563,64.5437,-0.0316,-0.0054,-1.0192,-0.0084,-0.9670000000000001,0
71,601155,新城控股,0.29,0.15,1.72,36040.98,6.95,36.4057,5178.7795,2.2941,67.0105,1.3431,0.0401,2244.389,0.0352,2556.8182,154.2126,862.2461,61.5761,68.2512,650.0,42.0202,1.1428,0.4841,12.6044,494.1561,13.7409,86.2591,-0.579,-0.0154,-8.0753,-0.0178,-2.2463,0
75,601216,君正集团,0.09,0.09,4.84,78031.92,35.67,44.8455,2187.2319,0.2592,20.9623,4.2934,2.8944,31.0945,0.6904,130.3592,18.3779,45.7972,17.4305,24.9639,46.1295,16.4338,0.6216,0.5605,33.2137,1373.3738,67.6671,32.3329,0.1352,0.012,0.3799,0.0371,4.8299,-1
76,601225,陕西煤业,0.3,0.28,6.2,284141.69,22.57,54.7109,12587.4307,1.2587,2.6623,33.8054,6.3105,14.2619,0.4498,200.0889,2.5542,7.622999999999999,29.344,9.343,3.7037,26.8573,1.0551,1.0202,38.3357,35549.8229,58.2019,41.7981,0.2565,0.0296,0.7528,0.0707,11.6819,0
77,601238,广汽集团,0.08,0.53,5.44,388005.25,20.21,24.5244,19196.535,2.6315,15.4372,5.8301,4.2632,21.1109,0.3094,290.8856,13.6918,1.7465,51.9773,39.8654,-10.1695,53.1079,1.8974,1.7876,142.6739,7872.2096,62.787,37.213,-0.0646,-0.0105,-0.318,-0.0281,-3.9469,-1
79,601360,三六零,0.07,0.07,2.84,47794.5,17.36,70.7187,2751.992,0.4068,1.2354,72.8509,7.4028,12.1576,0.1927,467.0472,477.3356,2927.0158,951.3231,773.8935,69.4915,971.5205,3.5874,3.5606,251.2677,-780.0658,80.3866,19.6134,0.3218,0.0387,1.8379,0.1975,20.8147,-1
81,601390,中国中铁,0.39,0.13,2.04,319742.6,2.16,8.9859,147572.329,6.4599,1.0902,82.5537,0.5376,167.4107,0.2342,384.2869,10.1349,23.6301,11.6693,10.0877,22.4299,11.1194,1.071,0.612,17.894,484.1526,20.9762,79.0238,-0.1814,-0.0321,-7.7069,-0.0406,-4.7780000000000005,0
83,601633,长城汽车,0.08,0.23,4.15,208099.1,7.93,20.4426,26228.7703,2.8736,29.680999999999997,3.0322,3.8949,23.1071,0.3848,233.8877,13.0615,6.5456,3.9422,21.9036,6.4625,3.8124,1.2495,1.1537,27.1171,1815.6595,46.8594,53.1406,-0.0602,-0.0144,-0.7562,-0.0271,-2.9417,0
84,601668,中国建筑,0.97,0.27,3.7,814459.9,3.01,8.8673,270160.69899999996,9.0053,1.9648,45.8062,0.4335,207.6125,0.2325,387.0968,15.0465,15.0575,20.6524,17.8698,12.5,15.3739,1.3122,0.6472,29.5432,960.8457,22.3893,77.6107,-0.3304,-0.0551,-8.4881,-0.071,-9.8921,-1
85,601669,中国电建,0.33,0.13,2.6,191797.48,3.1,14.2529,61776.5034,4.0379,1.3214,68.1096,0.4285,210.035,0.2047,439.6678,16.4218,18.171,38.7682,17.5419,1.129,26.7945,1.0652,0.6272,26.4543,206.3168,20.2878,79.7122,-0.2313,-0.0236,-6.2704,-0.0296,-4.8515,0
86,601766,中国中车,0.64,0.04,1.04,127070.0,3.85,22.7259,32922.913,1.1471,0.4054,222.003,0.4073,220.9673,0.1298,693.3744,-1.9928,2.3372,4.2375,8.1969,0.0,3.9219,1.2372,0.895,26.5058,821.2381,38.4859,61.5141,-0.2852,-0.0252,-6.1193,-0.040999999999999995,-4.6114,0
88,601800,中国交建,0.22,0.21,2.06,343416.4,3.68,12.595999999999998,93253.3593,5.7653,1.3337,67.4814,0.5966,150.8548,0.2088,431.0345,12.7626,7.7277,9.4539,4.4731,10.5263,11.9457,1.0269,0.6957,36.1384,305.2717,24.7288,75.2712,-0.1703,-0.0186,-4.6627,-0.0247,-3.675,0
90,601857,中国石油,0.45,0.06,0.8,1015000.0,1.87,20.6082,542654.0,2.9649,8.5843,10.4843,2.9673,30.3306,1.2369,72.7626,9.9471,43.2514,0.3971,0.3236,100.0,0.2662,0.8217,0.557,23.5141,500.1647,58.0466,41.9534,0.1139,0.0258,4.0635,0.0614,11.2288,0
91,601877,正泰电器,0.16,0.28,3.02,61286.37,12.02,26.9542,5095.1427,2.3682,0.8655,103.9861,1.045,86.1244,0.2409,373.599,27.988000000000003,66.1217,12.1499,11.5311,55.5556,13.3712,1.6171,1.3241,52.3934,559.9789,47.5297,52.4703,0.0217,0.0025,0.1724,0.0048,0.8416,0
93,601898,中煤能源,0.07,0.11,1.57,141082.8,5.47,28.6177,25764.695,1.9432,3.6092,24.9363,2.4235,37.1364,0.5303,169.7153,44.2207,20.1043,4.4795,2.3772,25.0,3.7123,0.846,0.7106,27.9437,470.5404,43.5856,56.4144,0.0319,0.0033,0.3714,0.0058,1.4379,0
94,601899,紫金矿业,0.37,0.05,3.07,108536.26,4.74,15.3563,22863.5948,0.9927,15.9444,5.6446,1.7374,51.8015,0.7824,115.0307,23.8718,25.5069,17.0341,-0.8951,0.0,21.8213,1.0029,0.626,24.6622,371.981,41.9178,58.0822,0.057999999999999996,0.0146,0.958,0.0251,4.4702,0
95,601933,永辉超市,0.32,0.08,3.87,74789.06,3.98,22.7892,18767.1827,1.9609,21.2958,4.2262,2.7266,33.0081,0.958,93.9457,22.9717,-10.0025,-2.477,9.1008,0.0,-3.2194,1.4691,1.0756,43.8829,3041.2618,60.1856,39.8144,0.0809,0.0466,2.325,0.11699999999999999,11.8423,0
96,601985,中国核电,0.21,0.08,2.76,121873.01,14.76,44.8567,8255.27,0.5303,2.2937,39.2379,0.2922,308.0082,0.2332,385.9348,3.6241,0.5429,8.3984,8.9528,0.0,6.1459,0.9398,0.5388,28.875,351.2816,25.8604,74.1396,0.5603,0.0149,2.1191,0.0201,11.5371,0
97,601989,中国重工,0.41,0.01,0.36,27431.26,4.48,8.2168,6115.1584,0.2672,0.6215,144.8109,0.1271,708.1039,0.0433,2078.5219,-41.9313,20.6502,44.6267,6.8046,-13.3333,47.6138,1.5707,1.075,79.7341,32.9331,41.5684,58.4316,-0.0322,-0.001,-0.7627,-0.0017,-0.214,0
99,603019,中科曙光,0.18,0.04,0.72,2280.6,1.55,17.6225,1469.0925,2.2846,0.7445,120.8865,0.8061,111.6487,0.2214,406.5041,78.9136,28.2942,8.4246,50.647,33.3333,8.1506,1.3185,0.9534,36.0885,207.3012,35.7584,64.2416,-0.1572,-0.0247,-11.9109,-0.0385,-4.9123,0
101,603259,药明康德,0.07,0.31,4.51,29065.76,13.57,39.1019,2141.7644,2.2838,1.2981,69.3321,1.7406,51.7063,0.4009,224.4949,21.1275,-15.4797,9.3707,21.9828,-13.8889,11.9885,1.238,1.0549,41.1149,364.5817,55.6034,44.3966,-0.0148,-0.0025,-0.1042,-0.0056,-0.7521,1
102,603260,合盛硅业,0.04,0.94,11.0,63011.69,28.06,43.6946,2245.4985,3.3514,6.9451,12.9588,0.909,99.0099,0.4611,195.1854,55.25,130.4377,104.9385,76.3145,108.8889,107.4175,0.7536,0.5117,24.2722,1329.1355,40.3049,59.6951,-0.0689,-0.0102,-0.2421,-0.0171,-2.2338,0
103,603799,华友钴业,0.11,1.44,13.31,85052.22,24.79,35.1137,3430.7159,5.7885,2.0701,43.4762,0.4331,207.8042,0.2828,318.2461,96.3577,242.3685,47.2959,76.6153,242.8571,46.8443,1.198,0.7164,26.0171,2148.2929,34.9112,65.0888,-0.0469,-0.0083,-0.1891,-0.0127,-1.4239,0
104,603858,步长制药,0.09,0.3,1.56,20623.98,8.48,80.2647,2430.7845,3.5652,1.7586,51.1771,0.3256,276.4128,0.3393,265.252,0.091,-7.1744,3.8895,8.7658,-7.2655,4.0689,1.4387,1.1272,39.5115,2071.4776,72.1434,27.8566,0.0577,0.0075,0.6854,0.027000000000000003,2.9334,0
105,603993,洛阳钼业,0.23,0.07,4.02,155000.23,20.85,44.9007,7432.1366,0.344,2.8704,31.3545,0.7204,124.9306,0.1848,487.01300000000003,28.5274,85.8354,33.6922,11.4787,75.0,101.3049,2.8072,2.423,188.2395,976.3286,47.5496,52.4504,0.34600000000000003,0.0262,1.3857,0.0499,17.4465,0
108,000063,中兴通讯,0.63,0.4,5.29,168702.0,5.84,33.3387,28879.881,6.8881,1.0834,83.0718,0.7174,125.45299999999999,0.2737,328.8272,12.1784,35.4959,5.7921,-1.4586,37.931,8.1507,1.2239,0.8973,31.563,1333.6154,31.7113,68.2887,-0.0059,-0.0012,-0.0959,-0.0018,-0.2038,-1
109,000069,华侨城Ａ,0.23,0.14,2.05,112089.97,17.68,63.6024,6338.4852,0.7726,13.1865,6.8252,0.0204,4411.7647,0.0358,2513.9665,2.9744,26.9887,38.6207,51.358000000000004,47.9957,20.6885,1.8666,0.6617,33.7508,342.6456,28.5349,71.4651,-1.0396,-0.0276,-6.3881,-0.0386,-6.5781,0
110,000157,中联重科,0.25,0.05,1.0,37676.39,5.92,25.3292,6360.4644,0.816,0.287,313.5889,0.5448,165.1982,0.1006,894.6322,20.5795,266.3073,1.9785,-9.0272,354.5455,3.0096,2.5122,2.1790000000000003,70.1564,272.2231,45.1849,54.8151,0.0713,0.0053,1.2226,0.0097,1.7682,0
111,000333,美的集团,1.94,0.8,6.87,525623.1,7.53,25.6223,69737.52799999999,10.5919,3.7412,24.0565,1.8541,48.5411,0.4052,222.1125,16.704,20.4857,18.1067,11.7975,19.403,20.8934,1.4664,1.2436,46.5518,7173.6742,34.8055,65.1945,0.0635,0.0175,0.7845,0.0269,3.7232,0
112,000402,金 融 街,0.08,0.18,1.84,54793.71,15.98,44.4621,3427.4598,1.1467,10.8626,8.2853,0.0292,3082.1918,0.0391,2301.7903,-34.7321,6.0882,6.9627,12.4038,1.8333,6.4141,3.0773,0.8055,46.3716,334.9654,25.525,74.475,-2.2230000000000003,-0.0574,-13.0132,-0.0771,-25.6943,0
113,000413,东旭光电,0.18,0.07,1.36,42443.84,9.09,20.6764,4665.7516,0.8142,0.5286,170.2611,0.7923,113.5933,0.0992,907.2581,115.0484,0.2748,37.626,44.3774,-12.5,38.6464,2.1801,1.9758,123.1857,383.2946,47.2154,52.7846,-0.2416,-0.0164,-2.6088,-0.031,-5.1705,0
114,000415,渤海租赁,0.06,0.09,1.73,54224.7,7.31,48.598,7413.146,1.1986,3.6227,24.8433,3373.6246,0.0267,0.1399,643.3167,-21.9726,5.407,-8.4354,2.3139,35.3395,-0.5705,0.9361,0.9361,74.3677,132.9805,11.9764,88.0236,0.7398,0.0188,9.2939,0.0214,9.0617,0
115,000423,东阿阿胶,0.15,0.93,6.0,60941.58,35.93,67.1129,1695.8739,2.5929,3.3015,27.2603,0.1501,599.6003,0.17300000000000001,520.2312,1.1654,0.2093,16.7396,14.2985,0.8005,16.8283,4.5249,2.7895,82.8165,-1792396.3530000001,82.2399,17.7601,-0.2287,-0.0304,-0.6395,-0.1711,-17.6071,0
116,000538,云南白药,0.35,0.77,4.35,80624.53,12.72,30.4562,6337.4442,6.0855,4.5543,19.7615,0.4997,180.1081,0.2481,362.75699999999995,7.2559,12.2622,14.4451,13.2217,10.0,14.5461,3.4093,2.2318,49.7935,2592.5009,66.2572,33.7428,0.0513,0.0114,0.4037,0.0337,4.2683,0
117,000553,安道麦A,0.04,0.83,10.39,203202.7,31.26,34.7474,6499.51,2.6565,1.1391,79.0097,0.5532,162.6898,0.2847,316.1222,891.0288,3360.7336,883.7182,1202.3907,740.2427,883.7182,2.1849,1.4172,54.8645,6791.9972,50.9549,49.0451,-0.0332,-0.0054,-0.1062,-0.011000000000000001,-2.1124,0
118,000596,古井贡酒,0.11,1.15,8.61,58107.92,22.69,79.7335,2559.879,5.0831,105.6893,0.8516,0.2438,369.155,0.3711,242.5222,17.8008,41.3169,16.9888,11.597999999999999,41.9753,17.3959,1.9483,1.391,44.5839,-12877.8267,64.464,35.536,0.0758,0.0169,0.3277,0.0475,4.9332,1
119,000625,长安汽车,0.1,0.29,2.88,139179.34,6.95,12.003,20010.7469,4.1666,10.3564,8.6903,3.5899,25.0703,0.3207,280.6361,13.263,-43.2341,6.6875,-4.0541,-42.0,6.5212,1.2087,1.1085,45.9171,-1000.9503,45.5362,54.4638,0.1317,0.0246,1.9425,0.0452,5.1377,0
120,000656,金科股份,0.1,0.02,0.8,17077.01,3.2,20.3663,5321.7342,0.9966,3.6430000000000002,24.7049,0.0392,2295.9184,0.0363,2479.3388,15.3076,76.2389,2.3685,41.4446,0.0,0.9661,1.6983,0.4597,18.9222,232.2447,13.785,86.215,-0.18899999999999997,-0.0062,-4.8134,-0.0072,-1.1444,0
121,000661,长春高新,0.37,1.24,4.64,21021.57,20.37,89.3683,1031.5638,6.064,1.7479,51.4904,0.0588,1530.6122,0.1893,475.4358,39.268,45.1024,15.491,17.342,47.619,11.2575,2.5239,1.6769999999999998,48.9519,-23930.4634,69.0777,30.9223,-0.201,-0.0266,-0.6607,-0.0859,-9.2731,0
122,000671,阳光城,0.09,0.06,1.17,22446.4,5.21,25.0142,4301.9116,1.0621,8.8374,10.184,0.0245,3673.4694,0.0211,4265.4028,77.5626,-14.0589,54.3008,44.4574,10.8,45.3549,1.6979,0.5926,27.3277,-202.1377,13.1963,86.8037,0.6291,0.0119,13.7376,0.0138,2.1866,0
123,000703,恒逸石化,0.13,0.43,5.74,70175.8,4.45,5.1278,15747.3201,9.5529,12.5954,7.1455,5.9409,15.1492,1.3569,66.3277,77.994,58.3767,17.6863,34.5731,53.5714,10.3928,0.6411,0.4766,18.4537,2018.5770000000002,44.0193,55.9807,0.0111,0.0046,0.2212,0.0083,0.9227,-1
124,000709,河钢股份,0.1,0.04,0.9,37287.9,1.48,11.5263,25033.9548,2.3575,9.1391,9.8478,0.9348,96.2773,0.4693,191.775,-11.6045,-36.3521,1.5543,2.3496,-42.623000000000005,1.5032,0.4858,0.2695,15.5778,149.7229,25.0123,74.9877,0.16899999999999998,0.022000000000000002,9.8647,0.0293,3.7731,0
125,000725,京东方A,0.66,0.06,2.35,201869.26,9.36,20.7693,21566.813,0.6197,1.4581,61.7242,1.7419,51.6677,0.2201,408.905,-1.3185,-25.646,10.270999999999999,22.9179,-15.942,6.9614,1.9412,1.7261,109.1575,737.7111,40.4989,59.5011,0.3338,0.0274,3.7164,0.046,14.5228,-1
129,000786,北新建材,0.12,0.27,3.87,49048.16,19.63,35.4783,2497.5789,1.3964,12.495,7.2029,1.1551,77.9153,0.4427,203.2979,40.3559,224.9775,22.3598,11.8814,226.1905,22.6166,2.1707,1.5931,23.8842,3178.2523,79.3921,20.6079,0.0778,0.0119,0.3943,0.0576,7.3299,0
130,000858,五 粮 液,1.85,1.31,8.91,497101.31,35.76,73.1929,13897.66,3.6611,105.8117,0.8506,0.3537,254.4529,0.2056,437.7432,36.804,39.4406,15.2916,17.3595,38.3316,15.0686,3.6906,3.1513,219.9033,-2512.5758,75.1913,24.8087,0.1725,0.0301,0.4599,0.1214,12.309000000000001,0
131,000876,新 希 望,0.3,0.14,2.85,60370.9,4.07,8.5127,14806.708999999999,3.512,22.9149,3.9276,2.6333,34.1776,1.2522,71.8735,1.3156,3.2282,0.9708,12.1522,-6.6667,-0.1747,0.8587,0.5054,28.3648,821.5089999999999,60.2855,39.7145,0.0007,0.0002,0.0128,0.0006,0.0731,0
132,000895,双汇发展,0.2,0.32,7.02,106389.14,8.86,19.7208,11994.431999999999,3.6351,100.5899,0.8947,3.2449,27.7358,1.1640000000000001,77.3196,-1.7808,21.9454,3.8623,2.8852,21.0665,3.9608,1.5844,1.1347,88.5002,10837.4228,70.6258,29.3742,0.1051,0.0537,1.133,0.1827,18.8599,0
133,000898,鞍钢股份,0.07,0.22,3.13,159000.0,7.39,16.8596,21513.0,2.9735,9.3739,9.6011,1.4039,64.1071,0.7029,128.041,11.0578,47.4466,12.0903,-1.7696,48.6486,12.2057,0.9338,0.5379,6.4809,724.6291,56.4143,43.5857,-0.0306,-0.0071,-0.4144,-0.0164,-1.8827,0
134,000938,紫光股份,0.06,0.24,0.98,24862.72,2.45,21.3512,10111.7529,9.7013,1.871,48.1026,1.6362,55.0055,0.4889,184.0867,30.0779,-17.8182,6.5149,16.0936,-21.1221,5.6037,1.7635,1.3647,35.8486,3018.2668,68.616,31.384,0.0859,0.0203,2.0017,0.0647,7.4131,0
135,000961,中南建设,0.13,0.1,2.51,37950.89,3.34,19.7922,11347.2577,3.0587,1.5159,59.3707,0.0797,1129.2346,0.0657,1369.8629999999998,98.6489,193.9471,7.2401,55.086000000000006,151.9704,8.8756,1.4067,0.493,12.5494,673.7458,9.2174,90.7826,-0.23199999999999998,-0.0138,-5.8614,-0.0152,-2.0486,0
136,000963,华东医药,0.18,0.68,7.56,65919.84,8.41,31.6535,7836.7448,8.0615,1.3895,64.7715,1.5918,56.5398,0.5884,152.9572,9.6147,22.3277,16.1207,13.8278,-39.4121,15.7229,2.0426,1.5523,23.8349,13621.6511,54.7595,45.2405,-0.0711,-0.0321,-0.8069,-0.071,-8.2239,0
137,001979,招商蛇口,0.4,0.73,8.11,577804.9,63.05,49.4488,9163.1249,1.1592,35.4837,2.5364,0.0264,3409.0909,0.0305,2950.8197,32.0384,135.4146,25.316,37.8018,170.3704,27.3055,1.7669,0.7165,25.2425,-5329.5395,27.8523,72.1477,-0.9988,-0.0254,-1.5709,-0.0352,-5.1557,0
138,002007,华兰生物,0.21,0.22,4.35,20733.85,36.9,61.3562,561.8862,0.6041,0.6992,128.7185,0.1755,512.8205,0.1501,599.6003,4.436,-18.053,7.7186,9.7568,-18.7978,8.9597,11.1897,7.4864,59.8828,-8972.8883,93.6659,6.3341,0.0718,0.0075,0.1974,0.1183,11.8267,0
139,002008,大族激光,0.24,0.34,4.85,36449.46,21.54,40.5813,1692.0637,1.5857,0.4983,180.6141,0.3905,230.4738,0.1703,528.4792,11.1954,132.8945,39.5828,46.2477,142.8571,41.5799,1.9015,1.4064,43.2134,497.9756,49.8954,50.1046,-0.0886,-0.0092,-0.4114,-0.0184,-2.5954,0
140,002010,传化智联,0.08,0.03,0.87,9968.89,2.0,10.804,4978.1232,1.528,2.3646,38.0614,2.8899,31.1429,0.4009,224.4949,121.0578,-27.5428,5.0948,49.5648,50.0,3.1373,1.6786,1.4565,60.7323,386.8876,46.958999999999996,53.041000000000004,-0.2665,-0.0495,-13.9231,-0.0934,-16.428,-1
141,002032,苏泊尔,0.1,0.55,8.03,45244.32,9.25,31.0678,4887.0025,5.9504,3.4891,25.7946,1.6980000000000002,53.0035,0.6399,140.64700000000002,23.8295,23.2859,13.5683,16.5247,-4.8193,14.0125,2.1758,1.6627,26.8112,-379341.3844,61.5338,38.4662,0.0902,0.0485,0.9744,0.126,12.6861,1
143,002050,三花智控,0.12,0.12,3.11,24831.15,9.63,27.5049,2577.5473,1.2156,1.4516,62.0006,0.9924,90.6892,0.2887,311.7423,38.4333,44.8878,46.9259,46.9394,33.3333,47.1101,2.364,1.8665,40.4881,473.5388,64.132,35.868,-0.0283,-0.0057,-0.289,-0.016,-1.9,0
144,002065,东华软件,0.11,0.04,1.43,13432.08,7.39,24.0197,1816.672,0.5785,0.3627,248.139,0.3793,237.2792,0.1533,587.0841,41.8699,-71.9765,1.0629,10.3576,-85.6038,1.0845,2.3598,1.6447,21.193,1333.5987,64.1055,35.8945,-0.5501,-0.07,-7.6563,-0.195,-19.8056,0
147,002146,荣盛发展,0.13,0.14,2.16,60062.27,8.6,34.5973,6983.9147,1.6061,8.0228,11.218,0.0368,2445.6522,0.0381,2362.2047,36.6699,33.4924,16.8453,26.1545,27.2727,16.6137,1.4737,0.4496,14.9488,913.3016,15.2243,84.7757,-0.4803,-0.017,-4.8033,-0.02,-2.6587,0
148,002179,中航光电,0.14,0.21,3.36,16737.82,11.33,35.0896,1477.2514,1.8676,0.4671,192.6782,0.6404,140.5372,0.1853,485.6989,3.8577,-13.1127,16.5522,18.8592,-29.9114,17.952,1.827,1.4541,28.7723,839.044,54.0585,45.9415,-0.191,-0.0272,-1.6457,-0.0592,-6.3488,0
149,002236,大华股份,0.21,0.1,2.78,29552.31,8.16,38.9738,3617.6527,1.248,0.4844,185.7969,0.6818,132.0035,0.209,430.62199999999996,36.5867,7.3809,24.8652,40.268,0.0,26.2371,1.8648,1.4637,34.0532,374.1623,52.196000000000005,47.803999999999995,-0.3556,-0.0616,-4.3399,-0.1289,-14.058,0
150,002241,歌尔股份,0.14,0.06,1.23,18380.85,4.54,21.9042,4045.7386,1.2467,0.8291,108.5514,0.9354,96.2155,0.3312,271.7391,-10.6097,-37.1104,34.4132,5.9658,-70.0,34.2159,1.3042,0.8658,39.9018,228.3522,60.4871,39.5129,0.1835,0.0298,4.0994,0.0754,8.6541,-1
152,002304,洋河股份,0.59,2.31,11.12,347514.76,36.43,74.7852,9537.587,6.3289,1026.2079,0.0877,0.1933,465.5975,0.3315,271.4932,25.6835,26.9687,14.4875,14.2708,26.9231,14.4884,2.6158,1.5326,32.7354,23666.1711,74.2683,25.7317,0.1983,0.0426,0.5442,0.1657,17.0518,1
153,002411,延安必康,0.07,0.14,2.35,21586.52,11.88,29.8791,1815.8107,1.185,0.9826,91.5937,1.9232,46.797,0.2862,314.4654,119.6058,32.0239,10.4986,3.721,29.9815,9.6714,1.2904,1.1207,64.509,798.1773,50.0162,49.9838,0.4217,0.0402,3.477,0.0804,17.223,1
154,002415,海康威视,0.83,0.2,5.8,181596.46,19.39,45.0618,9364.8282,1.0149,0.6106,147.39600000000002,1.0039,89.6504,0.2148,418.9944,32.9528,20.3915,24.7817,17.7,-18.7755,24.9082,2.4418,2.1372,66.0289,937.5254,64.617,35.383,-0.4118,-0.0768,-2.1635,-0.2171,-22.1262,0
155,002460,赣锋锂业,0.15,0.48,8.6,35832.37,34.12,46.0781,1050.0929,1.4168,1.9780000000000002,45.5005,0.5489,163.9643,0.2275,395.6044,67.9737,162.7277,64.1984,82.2453,166.6667,64.2398,1.6474,1.2418,45.885,2563.6417,51.8687,48.1313,-0.1299,-0.0165,-0.3808,-0.0342,-4.8166,-1
156,002466,天齐锂业,0.14,0.58,7.21,66021.67,39.55,73.6692,1669.0136,1.4614,4.4666,20.1496,0.9348,96.2773,0.2097,429.1845,56.9165,58.419,61.6853,50.3632,41.4634,76.0636,3.4418,3.2439,209.4307,2840.5305,59.4814,40.5186,0.5792,0.0538,1.2167,0.1327,41.305,0
157,002468,申通快递,0.06,0.25,5.43,37806.08,13.01,17.6851,2905.8351,1.8982,3.7168,24.2144,89.7567,1.0027,0.5285,170.2933,33.4793,17.5036,24.0312,6.7093,19.0476,23.6262,4.1472,4.1302,254.0096,-1988.2693,84.9355,15.0645,-0.1289,-0.0445,-0.9891,-0.2951,-30.1901,-1
158,002475,立讯精密,0.49,0.11,2.54,33288.42,6.16,19.6975,5403.6038,1.703,0.9256,97.2342,1.2165,73.9827,0.3233,278.3792,37.4077,6.7323,16.0403,30.3449,-21.4286,15.7061,1.5313,1.1823,47.8155,350.3998,54.5551,45.4449,0.3445,0.0702,5.8021,0.1546,17.7533,0
159,002493,荣盛石化,0.12,0.17,4.61,63618.61,3.59,5.8389999999999995,17681.5036,4.6335,21.1649,4.2523,3.4627,25.9913,0.8396,107.1939,13.3534,20.160999999999998,87.1807,65.1467,-29.1667,11.7829,0.6192,0.4784,22.2535,-827.3198,40.068000000000005,59.931999999999995,0.008,0.002,0.1998,0.0033,0.3774,-1
160,002508,老板电器,0.1,0.32,5.58,30202.03,18.97,52.3248,1591.9417,1.6774,5.0356,17.8727,0.6883,130.7569,0.2301,391.1343,16.8927,20.0523,26.8787,22.853,-8.5714,26.8589,2.5764,2.1822,112.9486,-2791.8931,66.2563,33.7437,0.35100000000000003,0.0663,1.85,0.1966,20.1604,0
161,002594,比亚迪,0.37,0.02,0.08,10242.5,0.41,17.1438,24737.565,9.0675,0.4749,189.5136,0.9184,97.9965,0.2387,377.0423,17.5397,-66.195,6.7775,24.445,-90.0,5.8381,0.9365,0.7149,8.3857,137.5638,33.0326,66.9674,-0.0088,-0.0012,-0.8251,-0.0018,-0.1951,0
162,002624,完美世界,0.11,0.27,4.43,36012.96,19.97,61.3203,1802.655,1.3711,1.2429,72.4113,0.4045,222.4969,0.16699999999999998,538.9222,-5.6311,23.2036,6.4574,-1.9386,8.0,9.0524,2.5643,2.1412,75.0496,786.0147,56.6592,43.3408,-0.1645,-0.0184,-0.7578,-0.0425,-6.7017,0
163,002625,光启技术,0.03,0.01,0.16,1208.2,12.89,32.0635,93.7164,0.0739,0.3483,258.3979,0.8294,108.5122,0.0126,7142.8571,-12.2809,-30.7366,1.2036,9.5533,-50.0,1.2147,14.502,14.3378,1308.6025,11.95,90.9136,9.0864,0.3778,0.0043,2.8758,0.0469,6.9098,-1
165,002739,万达电影,0.12,0.46,4.55,54060.77,12.72,32.421,4249.7406,3.6189,3.3760000000000003,26.6588,16.5509,5.4378,0.825,109.0909,27.5668,14.1111,10.0744,17.7184,14.0733,9.7736,0.599,0.5791,29.4146,913.1902,52.3151,47.6849,0.2032,0.0373,1.5958,0.0783,9.7989,0
168,300003,乐普医疗,0.2,0.17,4.55,30318.69,21.11,72.5492,1435.8192,0.8058,0.8304,108.3815,0.5751,156.4945,0.2985,301.5075,39.1808,30.7677,2.8768,29.111,30.0229,7.2574,1.2109999999999999,1.0296,39.114000000000004,983.0735,50.3197,49.6803,0.1391,0.0156,0.5984,0.0314,5.4209,0
169,300015,爱尔眼科,0.31,0.14,4.07,21656.8,12.39,44.6609,1746.6355,1.099,3.1499,28.5723,3.5342,25.4655,0.4853,185.4523,45.8614,45.9751,81.1817,102.1609,-9.0,84.944,1.7871,1.6483,116.2092,1532.1905,61.0585,38.9415,0.1688,0.0316,1.2467,0.081,14.9782,0
170,300017,网宿科技,0.17,0.09,2.69,21757.28,14.24,36.2228,1527.0803,0.628,1.0277,87.5742,36.3994,2.4726,0.2904,309.9174,29.9578,5.98,7.9157,17.8236,-63.4027,8.4084,2.6557,2.6417,118.8466,287773.3663,75.7051,24.2949,0.0573,0.0081,0.4222,0.0333,3.9044,-1
171,300024,机器人,0.13,0.04,1.02,6086.67,11.2,33.885,543.1687,0.3481,0.4968,181.1594,0.155,580.6452,0.0892,1008.9686,20.4648,-1.6206,6.6516,20.3175,5.1213,6.6152,3.2186,1.9662,70.27600000000001,1664.6883,68.792,31.208000000000002,-0.5845,-0.0361,-5.5356,-0.1156,-16.5014,0
172,300059,东方财富,0.59,0.07,2.03,30104.68,81.98,73.0308,367.2129,0.0856,1.0198,88.2526,0.6935,129.7765,0.0097,9278.3505,54.12,200.7178,15.8071,42.4403,198.7234,15.8394,1.6085,1.6027,62.5206,902.8365,33.1991,66.8009,6.6292,0.0539,8.0911,0.0807,9.8654,0
173,300070,碧水源,0.12,0.05,0.85,15465.48,6.72,26.5521,2298.4608,0.7307,0.5037,178.6778,1.0931,82.3346,0.1484,606.469,105.3209,-27.5467,22.3903,45.9181,-28.5714,14.9123,0.8625,0.7641,28.841,221.3984,42.4681,57.5319,-0.7121,-0.0339,-10.1324,-0.0589,-8.9257,0
174,300072,三聚环保,0.08,0.33,6.53,59365.87,13.5,25.7096,4396.5056,2.4315,0.4562,197.2819,1.5316,58.7621,0.2051,438.8103,-20.3792,36.7959,56.6608,31.8297,-10.8108,37.3805,2.1619,1.9238,39.6589,945.5021,43.4411,56.5589,-0.5479,-0.094,-3.9587,-0.1663,-24.1557,0
175,300122,智飞生物,0.17,0.16,8.46,25963.24,30.97,54.9615,838.3283,0.5239,0.8981,100.2116,0.5145,174.9271,0.3173,283.6432,416.7305,330.4433,23.8455,79.3488,305.75,23.8455,1.931,1.3901,58.1483,97395.4797,65.9455,34.0545,0.0804,0.0139,0.2596,0.0408,4.34,1
176,300124,汇川技术,0.18,0.12,3.51,19649.94,20.14,45.5406,975.2545,0.586,0.7109,126.6001,0.4602,195.5671,0.1395,645.1613,24.7314,14.0012,14.4351,12.8603,9.0909,15.8105,2.3036,1.8775,65.4736,-1106.6877,65.4834,34.5166,-0.0969,-0.0103,-0.4668,-0.0298,-3.1526,0
177,300136,信维通信,0.15,0.21,7.33,21001.06,24.35,37.318000000000005,862.2098,0.8772,0.6067,148.3435,1.5896,56.618,0.2562,351.2881,20.0287,3.6113,38.6134,58.387,-0.6509,39.3556,1.2787,1.1385,31.0406,829.9735,54.2904,45.7096,0.1998,0.0313,0.8239,0.0685,7.1672,0
178,300251,光线传媒,0.05,0.68,21.17,199278.18,497.26,37.7633,400.74699999999996,0.1366,0.8707,103.3651,0.2468,364.6677,0.0756,1190.4762,-34.2487,953.2196,44.4626,48.0017,1033.3333,45.7663,5.6891,4.9516,134.6841,11773.356000000002,76.304,23.695999999999998,0.0497,0.0015,0.01,0.0061,1.6871,0
179,300408,三环集团,0.16,0.15,4.05,25163.31,31.2,52.2815,806.2722,0.46299999999999997,0.7523,119.6331,0.5732,157.0133,0.1645,547.1125,19.1271,8.6604,15.0921,19.1816,7.1429,15.0343,6.766,5.8011,52.532,4864.1793,81.3873,18.6127,0.3411,0.0361,1.0883,0.1942,37.7921,0
180,300413,芒果超媒,0.07,0.03,0.79,1327.27,1.81,24.7781,731.612,1.8244,3.4778,25.8784,8.1956,10.9815,0.3736,240.8994,3.1552,84.8313,3.3062,-9.2723,38.4937,3.8432,4.198,4.0656,200.3515,-21.0063,78.7562,21.2438,0.0068,0.0023,0.4348,0.0106,1.081,0
181,300433,蓝思科技,0.04,0.04,0.65,10996.83,2.44,27.4956,4494.3527,1.7095,0.9615,93.6037,1.3007,69.1935,0.3379,266.351,9.392999999999999,-56.5994,18.4549,28.2704,-58.6548,18.7391,1.0886,0.8396,44.128,137.8746,48.6748,51.3252,0.3094,0.0399,14.5435,0.0778,12.3652,0
182,300498,温氏股份,1.08,0.27,4.2,140838.65,10.7,18.4066,13154.0315,2.5197,61.4513,1.4646,0.9219,97.6245,0.6753,133.2741,2.745,0.8617,7.3104,16.772000000000002,-20.319000000000003,7.8173,1.8874,0.7174,11.7371,-111998.7083,70.3172,29.6828,0.0247,0.0065,0.2191,0.0218,3.1827,0
