,code,name,weight,eps,roe,net_profits,net_profit_ratio,gross_profit_rate,business_income,bips,arturnover,arturndays,inventory_turnover,inventory_days,currentasset_turnover,currentasset_days,mbrg,nprg,nav,targ,epsg,seg,currentratio,quickratio,cashratio,icratio,sheqratio,adratio,cf_sales,rateofreturn,cf_nm,cf_liabilities,cashflowratio,"label3_('300498', [23.09, 23.32, 24.09, 23.87, 24.13, 24.3, 23.42, 24.06, 23.6, 23.99, 24.2, 24.41, 25.08, 25.01, 25.26, 25.21, 24.0, 24.69, 24.44, 24.9, 25.05, 25.17, 24.97, 24.84, 23.83, 24.13, 24.99, 24.95, 24.93, 24.9, 24.52, 24.09, 24.16, 23.82, 24.16, 24.43, 24.25, 24.93, 25.35, 25.57, 26.1, 26.05, 26.95, 26.69, 26.28, 26.45, 26.01, 26.3, 25.54, 25.11, 25.12, 25.28, 24.91, 25.87, 25.77, 26.16, 26.08, 26.14, 25.88, 26.18], '300498', [23.09, 23.32, 24.09, 23.87, 24.13, 24.3, 23.42, 24.06, 23.6, 23.99, 24.2, 24.41, 25.08, 25.01, 25.26, 25.21, 24.0, 24.69, 24.44, 24.9, 25.05, 25.17, 24.97, 24.84, 23.83, 24.13, 24.99, 24.95, 24.93, 24.9, 24.52, 24.09, 24.16, 23.82, 24.16, 24.43, 24.25, 24.93, 25.35, 25.57, 26.1, 26.05, 26.95, 26.69, 26.28, 26.45, 26.01, 26.3, 25.54, 25.11, 25.12, 25.28, 24.91, 25.87, 25.77, 26.16, 26.08, 26.14, 25.88, 26.18], '300498', [23.09, 23.32, 24.09, 23.87, 24.13, 24.3, 23.42, 24.06, 23.6, 23.99, 24.2, 24.41, 25.08, 25.01, 25.26, 25.21, 24.0, 24.69, 24.44, 24.9, 25.05, 25.17, 24.97, 24.84, 23.83, 24.13, 24.99, 24.95, 24.93, 24.9, 24.52, 24.09, 24.16, 23.82, 24.16, 24.43, 24.25, 24.93, 25.35, 25.57, 26.1, 26.05, 26.95, 26.69, 26.28, 26.45, 26.01, 26.3, 25.54, 25.11, 25.12, 25.28, 24.91, 25.87, 25.77, 26.16, 26.08, 26.14, 25.88, 26.18], '300498', [23.09, 23.32, 24.09, 23.87, 24.13, 24.3, 23.42, 24.06, 23.6, 23.99, 24.2, 24.41, 25.08, 25.01, 25.26, 25.21, 24.0, 24.69, 24.44, 24.9, 25.05, 25.17, 24.97, 24.84, 23.83, 24.13, 24.99, 24.95, 24.93, 24.9, 24.52, 24.09, 24.16, 23.82, 24.16, 24.43, 24.25, 24.93, 25.35, 25.57, 26.1, 26.05, 26.95, 26.69, 26.28, 26.45, 26.01, 26.3, 25.54, 25.11, 25.12, 25.28, 24.91, 25.87, 25.77, 26.16, 26.08, 26.14, 25.88, 26.18], '300498', [23.09, 23.32, 24.09, 23.87, 24.13, 24.3, 23.42, 24.06, 23.6, 23.99, 24.2, 24.41, 25.08, 25.01, 25.26, 25.21, 24.0, 24.69, 24.44, 24.9, 25.05, 25.17, 24.97, 24.84, 23.83, 24.13, 24.99, 24.95, 24.93, 24.9, 24.52, 24.09, 24.16, 23.82, 24.16, 24.43, 24.25, 24.93, 25.35, 25.57, 26.1, 26.05, 26.95, 26.69, 26.28, 26.45, 26.01, 26.3, 25.54, 25.11, 25.12, 25.28, 24.91, 25.87, 25.77, 26.16, 26.08, 26.14, 25.88, 26.18], '300498', [23.09, 23.32, 24.09, 23.87, 24.13, 24.3, 23.42, 24.06, 23.6, 23.99, 24.2, 24.41, 25.08, 25.01, 25.26, 25.21, 24.0, 24.69, 24.44, 24.9, 25.05, 25.17, 24.97, 24.84, 23.83, 24.13, 24.99, 24.95, 24.93, 24.9, 24.52, 24.09, 24.16, 23.82, 24.16, 24.43, 24.25, 24.93, 25.35, 25.57, 26.1, 26.05, 26.95, 26.69, 26.28, 26.45, 26.01, 26.3, 25.54, 25.11, 25.12, 25.28, 24.91, 25.87, 25.77, 26.16, 26.08, 26.14, 25.88, 26.18], '300498', [23.09, 23.32, 24.09, 23.87, 24.13, 24.3, 23.42, 24.06, 23.6, 23.99, 24.2, 24.41, 25.08, 25.01, 25.26, 25.21, 24.0, 24.69, 24.44, 24.9, 25.05, 25.17, 24.97, 24.84, 23.83, 24.13, 24.99, 24.95, 24.93, 24.9, 24.52, 24.09, 24.16, 23.82, 24.16, 24.43, 24.25, 24.93, 25.35, 25.57, 26.1, 26.05, 26.95, 26.69, 26.28, 26.45, 26.01, 26.3, 25.54, 25.11, 25.12, 25.28, 24.91, 25.87, 25.77, 26.16, 26.08, 26.14, 25.88, 26.18], '300498', [23.09, 23.32, 24.09, 23.87, 24.13, 24.3, 23.42, 24.06, 23.6, 23.99, 24.2, 24.41, 25.08, 25.01, 25.26, 25.21, 24.0, 24.69, 24.44, 24.9, 25.05, 25.17, 24.97, 24.84, 23.83, 24.13, 24.99, 24.95, 24.93, 24.9, 24.52, 24.09, 24.16, 23.82, 24.16, 24.43, 24.25, 24.93, 25.35, 25.57, 26.1, 26.05, 26.95, 26.69, 26.28, 26.45, 26.01, 26.3, 25.54, 25.11, 25.12, 25.28, 24.91, 25.87, 25.77, 26.16, 26.08, 26.14, 25.88, 26.18], '300498', [23.09, 23.32, 24.09, 23.87, 24.13, 24.3, 23.42, 24.06, 23.6, 23.99, 24.2, 24.41, 25.08, 25.01, 25.26, 25.21, 24.0, 24.69, 24.44, 24.9, 25.05, 25.17, 24.97, 24.84, 23.83, 24.13, 24.99, 24.95, 24.93, 24.9, 24.52, 24.09, 24.16, 23.82, 24.16, 24.43, 24.25, 24.93, 25.35, 25.57, 26.1, 26.05, 26.95, 26.69, 26.28, 26.45, 26.01, 26.3, 25.54, 25.11, 25.12, 25.28, 24.91, 25.87, 25.77, 26.16, 26.08, 26.14, 25.88, 26.18], '300498', [23.09, 23.32, 24.09, 23.87, 24.13, 24.3, 23.42, 24.06, 23.6, 23.99, 24.2, 24.41, 25.08, 25.01, 25.26, 25.21, 24.0, 24.69, 24.44, 24.9, 25.05, 25.17, 24.97, 24.84, 23.83, 24.13, 24.99, 24.95, 24.93, 24.9, 24.52, 24.09, 24.16, 23.82, 24.16, 24.43, 24.25, 24.93, 25.35, 25.57, 26.1, 26.05, 26.95, 26.69, 26.28, 26.45, 26.01, 26.3, 25.54, 25.11, 25.12, 25.28, 24.91, 25.87, 25.77, 26.16, 26.08, 26.14, 25.88, 26.18])"
0,600004,白云机场,0.12,0.55,7.36,112917.1,14.57,29.7481,7746.8179,3.7436,7.7887,46.2208,77.4748,4.6467,1.9608,183.5985,14.5716,-27.4359,4.2552,20.1843,-32.9268,4.0618,0.3877,0.3815,23.3683,1078.2557,58.1649,41.8351,0.4027,0.1153,2.6846,0.2755,31.9208,0
1,600009,上海机场,0.49,2.2,15.85,423143.2,45.43,51.6881,9313.1147,4.833,7.4412,48.3793,232.7684,1.5466,0.8991,400.4004,15.5132,14.884,12.3769,12.2746,15.1832,12.3897,4.6515,4.6428,383.3223,-2802.2053,92.5822,7.4178,0.4797,0.1444,1.0082,1.9473,195.3678,0
2,600010,包钢股份,0.21,0.07,6.5,332376.18,4.94,15.7213,67187.5606,1.4738,21.7984,16.515,2.8192,127.6958,1.5582,231.0358,25.1544,62.3461,6.3241,1.4718,61.5044,6.3502,0.5614,0.3009,14.6544,269.3863,35.3963,64.6037,0.1064,0.048,2.1471,0.0744,8.9498,0
3,600011,华能国际,0.18,0.07,1.88,143888.14,0.84,11.3044,169861.1648,10.8204,7.3067,49.2698,17.7989,20.226,3.0789999999999997,116.9211,11.414000000000001,12.1513,10.3928,6.535,-36.3636,10.1959,0.4472,0.3781,12.4871,132.82,25.2295,74.7705,0.1701,0.0716,12.0012,0.0958,20.9049,0
6,600018,上港集团,0.18,0.44,14.21,1027634.25,27.01,31.7433,38042.5446,1.6416,14.683,24.5182,1.4281,252.0832,0.7755,464.2166,1.6529,-10.6986,6.8701,2.2177,-10.9281,8.7266,1.5104,1.1353,94.7226,1284.6765,57.0423,42.9577,0.1501,0.0396,0.4977,0.0921,18.0265,0
7,600023,浙能电力,0.11,0.3,6.64,403571.0,7.12,9.4867,56633.6365,4.164,10.1456,35.4834,17.0601,21.1019,2.4143,149.1115,10.6325,-8.7775,0.5151,-2.8233,-6.25,0.6866,1.4296,1.2299,71.8087,497.0951,63.04,36.96,0.1196,0.0618,1.5651,0.1671,41.2629,0
8,600025,华能水电,0.05,0.32,13.87,580273.1,37.39,50.9179,15516.479,0.862,7.0639,50.9633,269.2738,1.3369,1.7478,205.9732,20.7736,155.1885,11.6546,0.2292,128.5714,12.2701,0.1971,0.1965,3.6054,269.2521,27.1912,72.8088,0.7039,0.0649,1.8052,0.0891,25.2481,0
9,600027,华电国际,0.09,0.16,3.65,169539.5,1.91,12.3524,88365.069,8.9592,9.4504,38.0936,24.5384,14.6709,3.485,103.2999,11.8448,192.7869,20.1693,4.0444,256.8182,24.5986,0.3397,0.2941,8.9187,159.2985,29.5964,70.4036,0.2015,0.0791,7.8379,0.1124,23.5735,0
10,600028,中国石化,0.49,0.52,8.67,6308900.0,2.18,16.9539,2891179.0,23.8799,46.0793,7.8126,12.9338,27.834,5.5967,64.3236,22.4976,14.2189,0.4202,-0.2003,23.4597,-1.2223,0.8921,0.5655,29.5551,-9940.1598,53.8626,46.1374,0.0608,0.1104,2.1904,0.2394,31.1217,0
11,600029,南方航空,0.21,0.28,5.51,298300.0,2.07,10.450999999999999,143623.0,11.7079,51.3031,7.0171,77.4544,4.6479,6.8464,52.5824,12.6552,-49.4219,25.7669,12.974,-53.3333,31.0703,0.2876,0.2673,8.7325,187.8426,31.6973,68.3027,0.1364,0.0794,5.667000000000001,0.1163,23.4027,0
13,600031,三一重工,0.7,0.79,21.45,611628.8,10.95,30.6218,55821.504,7.1559,2.8999,124.1422,4.0265,89.4077,1.2672,284.0909,45.6147,183.0376,23.2393,26.6787,189.3158,23.4818,1.5293,1.1876,36.0045,5666.1794,44.0559,55.9441,0.1886,0.1427,1.67,0.2551,31.0204,0
16,600038,中直股份,0.1,0.87,6.83,51033.06,3.9,13.9318,13065.5136,22.1645,6.9803,51.5737,0.8584,419.3849,0.6581,547.0293,8.4445,12.0705,6.6322,6.8163,12.0647,6.9076,1.3563,0.4823,27.5887,-4495.7484,33.3586,66.6414,0.0731,0.0397,1.8706,0.0596,6.2439,0
17,600048,保利地产,0.81,1.59,16.63,1890371.53,9.71,32.4784,194513.8425,16.3525,100.7618,3.5728,0.2875,1252.1739,0.2754,1307.1895,32.9498,32.8905,17.8556,21.5438,20.4545,13.9678,1.7228,0.6563,25.4961,1484.3382,22.0314,77.9686,0.0611,0.0141,0.4548,0.018000000000000002,2.6733,0
18,600050,中国联通,0.39,0.13,2.86,408077.17,1.4,26.5718,290876.7769,9.3747,16.0034,22.4952,92.3236,3.8993,3.8099,94.4907,5.8392,452.3097,3.2317,-5.5534,602.6596,3.5091,0.3551,0.344,15.8018,-8664.2482,58.5017,41.4983,0.326,0.175,10.196,0.4218,44.3557,0
19,600061,国投资本,0.18,0.4,4.62,167945.94,71.03,0.9585,2364.3082,0.5593,4.9823,72.2558,14.6425,24.586,0.0198,18181.8182,235.4893,-33.1114,1.0452,9.1676,-41.1765,0.247,1.3395,1.3381,35.3423,1169.7774,25.6016,74.3984,-5.8896,-0.0896,-6.8757,-0.1204,-15.6433,1
20,600066,宇通客车,0.16,1.01,14.3,230149.44,7.24,25.3254,31745.8446,14.339,1.8318,196.528,6.8643,52.4453,1.1461,314.1087,-4.4432,-26.4996,7.371,1.7519999999999998,-28.3688,7.3625,1.5734,1.3578,16.4593,884.3469,45.5343,54.4657,0.0812,0.0701,1.1071,0.1286,14.5023,0
21,600068,葛洲坝,0.13,0.89,15.65,465770.63,4.62,16.3313,100625.6698,21.8524,6.3373,56.8065,1.4477,248.6703,0.7956,452.4887,-5.7875,1.9224,7.8076,16.7371,-0.5605,4.3193,1.1001,0.6577,17.4794,411.2525,25.2439,74.7561,0.0127,0.0059,0.2144,0.0078,1.0832,0
22,600089,特变电工,0.18,0.49,6.38,204790.92,5.16,19.665,39655.5278,10.6758,3.4873,103.2317,2.9935,120.2606,0.8175,440.36699999999996,3.5901,-4.0824,14.5883,10.762,-19.8005,11.1569,1.3256,1.0517,57.3934,592.5911,42.1004,57.8996,0.0651,0.0279,1.0184,0.0481,6.86,0
24,600104,上汽集团,0.59,3.08,15.67,3600921.06,4.05,13.2534,887626.2073,75.9728,23.7341,15.168,14.1302,25.4773,2.1051,171.0133,3.4556,2.7349,4.6358,8.1871,4.1568,4.0088,1.0943,0.9520000000000001,46.4019,27906.2843,36.3734,63.6266,0.0101,0.0115,0.1854,0.018000000000000002,2.1663,0
25,600111,北方稀土,0.16,0.16,6.47,58379.12,4.18,14.4956,13954.719,3.841,10.2183,35.2309,1.3979,257.5292,0.8558,420.659,36.7577,-16.8967,17.032,15.2018,45.4299,4.2924,2.8181,1.2587,52.8149,347.2432,52.5106,47.4894,-0.0501,-0.0295,-1.2073,-0.062,-11.3949,0
26,600115,东方航空,0.17,0.19,4.93,270900.0,2.35,10.8962,114930.0,7.9439,64.64,5.5693,49.5318,7.2681,6.7161,53.6025,12.9855,-56.8768,5.0143,4.0889999999999995,-57.3446,5.007,0.2181,0.1914,0.9307,165.4536,25.0679,74.9321,0.1944,0.0943,7.5954,0.1259,30.5745,0
27,600118,中国卫星,0.13,0.35,7.82,41764.01,5.5,13.6283,7583.0179,6.4127,3.0786,116.9363,5.4538,66.009,1.005,358.209,2.6781,-4.8772,4.9407,7.0659,0.0,5.5508,2.1794,1.8216,84.2957,-7159.0179,63.6004,36.3996,0.1144,0.0832,1.8497,0.2285,23.9256,0
28,600153,建发股份,0.09,1.65,18.29,467202.36,1.66,8.1053,280381.7907,98.8931,56.0823,6.4191,2.3208,155.1189,1.6332,220.4262,28.2616,58.1446,24.42,24.0502,41.0256,16.6487,1.7473,0.5237,22.3389,656.4702,25.025,74.975,0.017,0.022000000000000002,0.6264,0.0293,4.3153,0
29,600176,中国巨石,0.16,0.68,17.97,237397.83,23.66,45.1095,10032.4233,2.8645,8.0913,44.4922,3.6657,98.2077,1.3275,271.1864,15.960999999999999,10.5323,16.1467,22.502,-7.9826,14.3757,0.5899,0.4541,12.1896,927.6052,48.0084,51.9916,0.385,0.1272,1.6194,0.2446,31.3069,0
30,600177,雅戈尔,0.18,1.03,13.99,367692.92,38.16,54.8425,9635.4793,2.6903,29.3284,12.2748,0.3414,1054.4815,0.2994,1202.4048,-2.0738,1151.5379,16.1804,12.9906,1187.5,15.6228,1.0884,0.6196,34.5678,596.1851,37.5354,62.4646,0.2825,0.036000000000000004,0.7399,0.0576,8.7859,0
31,600183,生益科技,0.21,0.47,16.39,100046.86,8.35,22.1761,11981.0817,5.6581,3.1404,114.6351,5.5711,64.6192,1.4855,242.3426,11.4358,-4.3455,6.5926,0.3501,-36.4865,6.3925,2.0256,1.5628,29.7911,761.7094,53.093,46.907,0.1116,0.1038,1.2556,0.2212,35.399,0
32,600188,兖州煤业,0.06,1.61,13.48,790890.4,4.85,19.4895,163008.47199999998,33.1856,38.0253,9.4674,28.6594,12.5613,2.4698,145.7608,7.79,35.5396,9.9275,4.5116,16.8093,11.0169,1.1152,1.0284,58.0411,543.386,41.7093,58.2907,0.1376,0.1101,2.1052,0.1889,37.9837,0
33,600196,复星医药,0.2,1.07,10.26,270792.34,10.86,58.4028,24918.2736,9.722000000000001,7.252999999999999,49.6346,3.4334,104.8523,1.5075,238.80599999999998,34.4495,-15.7695,12.9491,13.8458,-15.748,10.4666,1.0044,0.821,47.684,594.2876,47.6146,52.3854,0.1184,0.0418,0.9769,0.0798,16.4597,0
34,600208,新湖中宝,0.11,0.29,7.64,250620.17,14.54,28.5332,17227.1147,2.0033,37.4836,9.6042,0.1898,1896.7334,0.1969,1828.3393,-1.5589,-19.6065,4.5196,12.284,-25.641,4.3859,2.0926,0.5071,36.1464,307.7848,24.5844,75.4156,-0.2193,-0.027000000000000003,-1.403,-0.0358,-8.516,0
35,600219,南山铝业,0.12,0.15,4.35,143797.71,7.11,17.3817,20222.362,1.6921,9.5885,37.545,3.4079,105.6369,1.0951,328.7371,18.482,-11.4989,16.1508,13.5941,-11.7647,16.7462,2.3833,1.8092,69.062,794.5895,76.9758,23.0242,0.10800000000000001,0.0418,1.4342,0.1813,23.9163,0
36,600233,圆通速递,0.06,0.67,18.89,190398.29,6.93,13.2203,27465.1445,9.7096,21.9007,16.4378,446.4812,0.8063,3.4951,103.0013,37.448,33.5096,25.9666,41.1886,31.9382,24.7343,1.8285,1.8157,84.3507,-13848.5965,59.0625,40.9375,0.0851,0.11699999999999999,1.2093,0.2858,48.5157,0
37,600276,恒瑞医药,2.02,1.1,23.6,406560.97,23.34,86.5967,17417.9011,4.7304,5.0042,71.9396,2.565,140.3509,1.0706,336.26,25.8916,23.3295,24.1766,23.9578,-3.2797,28.3733,7.2462,6.8329,155.9856,-3538.7529999999997,88.536,11.464,0.1593,0.1241,0.6831,1.0822,111.2518,0
38,600297,广汇汽车,0.09,0.39,9.08,325741.75,1.96,10.3106,166172.992,20.2215,56.9579,6.3205,7.9184,45.4637,1.9814,181.6897,3.3983,-11.7799,4.4023,4.6186,-26.4151,4.7482,1.1205,0.8502,47.8473,274.3138,32.6412,67.3588,0.013000000000000001,0.0153,0.5435,0.0227,2.832,-1
39,600299,安迪苏,0.02,0.35,6.9,92613.07,8.11,34.8944,11417.9818,4.2574,7.4739,48.1676,4.4121,81.5938,1.1113,323.9449,9.8113,-27.4687,0.8188,0.5827,-28.5714,3.3283,3.6711,2.9789999999999996,206.622,-3679.0598,81.0986,18.9014,0.1263,0.0672,1.1859,0.3555,56.3929,0
40,600309,万华化学,0.6,3.88,36.82,1061037.99,17.5,33.8278,60621.1934,22.1729,22.5552,15.9608,5.4173,66.4538,2.2066,163.1469,14.1144,-3.6041,27.6265,16.8393,-5.1345,23.8244,0.9019,0.6651,15.4521,2109.7335,51.0324,48.9676,0.3177,0.2504,1.501,0.5113,58.3922,-1
41,600332,白云山,0.16,2.12,16.93,344098.01,8.14,23.8421,42233.8381,25.9774,7.0471,51.0848,4.9744,72.3705,1.3088,275.0611,101.5528,66.7826,20.1451,81.8213,66.877,14.9081,1.5968,1.2542,59.7982,-60290.9097,44.9548,55.0452,0.1235,0.1013,1.4763,0.1841,19.3585,0
42,600340,华夏幸福,0.24,3.79,35.19,1174579.25,14.01,41.6233,83798.5902,27.9026,3.1416,114.5913,0.20199999999999999,1782.1782,0.2339,1539.1193,40.5182,34.022,-22.9706,9.0051,33.9223,18.0118,1.5168,0.4676,20.3209,1910.8788,13.3547,86.6453,-0.0886,-0.0181,-0.6293,-0.0209,-3.0618,0
43,600346,恒力石化,0.27,0.68,13.29,332261.09,5.53,12.7424,60067.2552,11.8879,227.6028,1.5817,5.0415,71.4073,2.4793,145.2023,169.5053,95.0164,279.426,536.2586,11.4754,285.5601,0.73,0.3892,22.7297,380.0832,22.2834,77.7166,0.0688,0.033,1.2143,0.0424,7.6204,0
44,600352,浙江龙盛,0.26,1.26,22.06,411136.46,21.55,45.4326,19075.7803,5.8634,6.8462,52.5839,0.473,761.0994,0.5672,634.6968,26.3221,54.2095,16.0051,12.6496,66.1888,17.8591,2.4761,0.8647,27.2769,1435.5118,42.0486,57.9514,0.0564,0.0206,0.2555,0.0356,7.3821,0
45,600362,江西铜业,0.12,0.71,5.03,244747.57,1.13,3.6314,215289.8668,62.1734,18.9414,19.006,11.1375,32.3232,3.2447,110.9502,4.9954,43.3818,4.0883,5.5373,54.3478,4.6997,1.507,1.133,49.4675,505.1792,50.5772,49.4228,0.038,0.0795,3.3338,0.1609,17.734,0
46,600372,中航电子,0.06,0.27,6.62,47932.86,6.27,29.6796,7643.4301,4.3448,1.2376,290.8856,1.5383,234.0246,0.4826,745.9594,8.8325,-13.66,6.3762,2.1747,-11.0571,6.4961,1.4489,1.1088,23.1554,285.6603,36.5499,63.4501,0.0046,0.0016,0.0723,0.0025,0.3187,0
47,600383,金地集团,0.22,1.79,18.66,809842.21,16.09,42.6846,50311.8175,11.1442,608.4498,0.5917,0.2938,1225.3233,0.2531,1422.3627,34.7679,27.7227,14.7036,33.8618,17.7632,13.9497,1.6189,0.8216,31.2984,-2212.8196,23.8823,76.1177,-0.0363,-0.0066,-0.1511,-0.0086,-1.3003,0
48,600390,五矿资本,0.03,0.6,7.01,224936.06,27.31,39.4689,8234.8525,2.1969,276.8114,1.3005,24.2833,14.825,0.1679,2144.1334,-16.8943,-4.5219,4.0985,1.9617,-15.4789,3.7107,0.6646,0.662,46.7662,1558.4759,29.8611,70.1389,0.1302,0.0089,0.4007,0.0127,1.5945,0
49,600398,海澜之家,0.07,0.77,28.7,345477.42,18.09,40.84,19089.7284,4.2489,29.8283,12.0691,1.2572,286.3506,0.9688,371.5937,4.8881,3.8025,17.1561,17.9022,4.0541,15.9314,1.6893,0.9541,81.6912,-120510.4874,44.2524,55.7476,0.1267,0.0818,0.7001,0.1467,18.7764,0
50,600406,国电南瑞,0.31,0.93,16.9,416207.46,14.58,28.7425,28540.3708,6.2265,1.7603,204.5106,3.5741,100.7247,0.7416,485.4369,17.9456,20.1759,38.9637,13.8372,17.7215,43.368,1.8318,1.5736,34.4267,-5535.8793,56.1358,43.8642,0.1124,0.0613,0.721,0.1397,14.2306,0
51,600436,片仔癀,0.29,1.89,24.98,114293.29,23.98,42.4199,4766.1569,7.8999,10.92,32.967,1.886,190.8802,1.0089,356.8243,28.3311,44.6295,19.9398,17.8724,41.0448,21.2872,4.0552,2.7623,216.05599999999998,-13042.839,79.7208,20.2792,0.1285,0.092,0.5425,0.4535,47.476000000000006,0
52,600438,通威股份,0.2,0.52,14.43,201874.6,7.33,18.915,27535.1703,7.0923,28.1494,12.7889,13.3154,27.0364,3.4144,105.4358,5.5422,-0.509,11.1029,50.63,0.32799999999999996,10.482999999999999,0.4662,0.3816,18.1891,858.8658,39.5665,60.4335,0.1126,0.0805,1.5261,0.1333,16.5235,1
53,600482,中国动力,0.1,0.78,5.23,134754.44,4.54,16.3335,29661.5281,17.2826,2.7491,130.9519,3.5159,102.39200000000001,0.7986,450.7889,28.1436,21.5724,9.7338,29.4581,13.0435,-0.5924,1.8463,1.4909,62.0792,-6791.5685,54.0837,45.9163,-0.0397,-0.0206,-0.7552,-0.0448,-5.2452,0
54,600487,亨通光电,0.16,1.33,22.09,253158.71,7.47,18.9154,33865.7624,17.7895,4.9922,72.1125,5.846,61.5806,1.5459,232.8741,30.5025,18.4102,22.0445,28.8167,-18.5997,20.0463,1.1547,0.9371,24.4407,703.7091,37.1291,62.8709,0.0547,0.051,0.7,0.0811,8.9505,-1
55,600489,中金黄金,0.1,0.06,1.47,19594.8,0.56,10.4029,34452.3795,9.9829,198.7535,1.8113,3.1305,114.9976,2.2604,159.2638,4.6287,-30.6869,23.539,-1.2029,-25.0,1.2367,1.0407,0.3738,25.0149,178.1731,50.7853,49.2147,0.0702,0.0635,6.4245,0.1291,16.6136,0
56,600498,烽火通信,0.14,0.76,8.65,84385.95,3.48,23.2582,24235.2388,20.7369,3.5813,100.5222,1.7905,201.0612,1.0107,356.1888,15.0977,0.3798,4.0191,0.3078,-2.5641,5.0584,1.3418,0.7744,22.1761,426.2263,36.7604,63.2396,0.0145,0.012,0.3872,0.019,2.0071,0
57,600547,山东黄金,0.25,0.45,4.92,87573.09,1.59,8.7088,54787.8773,24.746,157.0411,2.2924,15.4966,23.2309,8.1207,44.3312,7.3403,-21.4779,36.1561,6.7187,-26.2295,32.4416,0.4622,0.2268,15.0169,283.057,52.0114,47.9886,0.0534,0.0651,3.1237,0.1357,20.548000000000002,0
58,600566,济川药业,0.06,2.08,34.74,168786.33,23.41,84.7936,7208.2058,8.8464,3.9475,91.197,3.9106,92.0575,1.7861,201.5565,27.7596,37.9032,23.9904,17.0322,37.7483,23.9904,2.6129,2.4221,95.1489,44948.7999,69.9961,30.0039,0.2371,0.2192,1.0126,0.7306,102.4787,0
59,600570,恒生电子,0.42,1.04,19.83,64537.04,19.77,97.1051,3262.8792,5.2814,18.0685,19.9242,3.1139,115.6106,1.1012,326.9161,22.383000000000003,56.5588,3.9142,6.2233,36.8421,3.5308,1.0803,1.0746,20.8428,36346.2426,54.9262,45.0738,0.2872,0.1507,1.3814,0.3344,34.4771,0
60,600583,海油工程,0.12,0.02,0.35,7977.8,0.72,9.2688,11052.1212,2.4997,3.1545,114.1227,4.3664,82.4478,0.8487,424.1782,7.7989,-83.6941,-0.9682,6.1743,-81.8182,-0.9696,2.0706,1.6391,28.9415,-80.4055,75.9703,24.0297,0.0341,0.0125,4.7152,0.052000000000000005,5.6048,0
61,600585,海螺水泥,0.71,5.63,29.66,2981428.48,23.21,36.738,128402.6257,24.23,112.027,3.2135,15.1437,23.7723,2.1762,165.426,70.4969,86.4782,26.5906,22.4367,88.2943,26.0414,2.7552,2.5249,143.8481,-8258.9881,77.8468,22.1532,0.2808,0.2411,1.177,1.0884,137.8825,0
62,600588,用友网络,0.3,0.32,10.27,61213.04,7.94,69.95100000000001,7703.495,4.0208,5.3402,67.4132,86.3659,4.1683,0.9864,364.9635,21.4362,44.6704,13.5133,8.4575,18.5185,12.3356,1.135,1.1320000000000001,75.2683,966.9903,50.2727,49.7273,0.2652,0.1342,2.5212,0.2699,27.7983,0
63,600606,绿地控股,0.18,0.93,17.14,1137478.47,3.26,15.3527,348426.4575,28.6342,6.9222,52.0066,0.5313,677.5833,0.4122,873.3624,20.0749,18.0604,16.5583,22.1574,25.6757,12.1144,1.2412,0.4443,11.9033,701.9168,10.5085,89.4915,0.121,0.0407,2.6319,0.0455,5.6439,0
64,600655,豫园股份,0.09,0.86,12.2,302073.69,8.94,25.7207,33777.1967,8.703,47.8176,7.5286,1.4811,243.0626,1.0366,347.2892,97.3976,420.3134,182.4057,253.5215,75.5647,158.9094,1.6067,0.7534,54.8837,1318.3584,37.7391,62.2609,0.2243,0.0889,2.2141,0.1428,20.9904,0
65,600663,陆家嘴,0.08,1.0,22.03,335024.77,26.5,53.9746,12638.7696,3.7594,30.7032,11.7252,0.2731,1318.1985,0.3496,1029.7483,35.5423,11.689,12.7992,-3.7786,7.0462,12.4015,1.0487,0.4314,11.3309,652.5276,29.1762,70.8238,0.3416,0.0553,1.0517,0.078,12.625,0
66,600690,海尔智家,0.51,1.21,21.0,744022.89,4.05,29.0003,183316.5602,28.7852,16.0247,22.4653,5.9322,60.6857,2.0079,179.2918,15.1092,7.9428,17.9257,10.0595,6.5141,22.3086,1.1771,0.8976,46.7727,1338.2529,33.0716,66.9284,0.1033,0.1136,1.9379,0.1697,23.6437,0
67,600705,中航资本,0.18,0.35,12.9,316596.48,42.5,45.0971,7448.6837,0.8298,20.9229,17.206,274.2975,1.3124,0.0483,7453.4161,30.5178,12.6377,47.8907,28.0903,12.9032,19.1117,0.9364,0.9363,80.7669,714.9419,13.8111,86.1889,-5.232,-0.1298,-9.8936,-0.1506,-22.3201,0
68,600741,华域汽车,0.31,2.55,18.52,802717.69,5.1,13.798,157170.235,49.8522,6.4493,55.82,12.687999999999999,28.3733,1.9688,182.8525,11.8751,14.3979,9.3993,8.3602,22.4627,9.8851,1.1884,1.0207,44.7,-9939.1827,40.8625,59.1375,0.0597,0.0701,0.8976,0.1186,13.7726,0
69,600760,中航沈飞,0.09,0.53,9.89,74323.94,3.68,9.0906,20150.8646,14.3894,9.7548,36.9049,2.0711,173.8207,0.9564,376.4115,3.554,5.9627,12.2703,7.7686,3.9216,10.2334,1.1398,0.6332,48.3046,-884.0103,28.8464,71.1536,0.0117,0.0083,0.3155,0.0116,1.2196,0
70,600795,国电电力,0.19,0.06,2.48,136926.39,2.09,18.608,65489.652,3.3327,11.0042,32.7148,21.7549,16.548,3.5714,100.8008,9.4537,-34.5636,-1.8945,-0.5904,-41.9048,-1.4022,0.2546,0.2181,5.9701,140.2337,26.1576,73.8424,0.3537,0.085,12.8051,0.1151,31.6631,0
73,600848,上海临港,0.07,0.39,6.55,43531.07,22.56,56.5885,1929.4216,1.7228,5.3964,66.7111,0.1251,2877.6978,0.1951,1845.2076,-6.8954,4.0539,7.6415,18.2765,5.4054,4.6234,2.7299,0.9467,65.9526,497.2501,51.8671,48.1329,-0.7768,-0.0966,-3.5043,-0.2007,-40.78,0
74,600867,通化东宝,0.13,0.41,17.63,83860.55,31.14,72.3338,2692.9275,1.3239,4.8885,73.6422,0.7947,453.0011,1.1934,301.6591,5.7989999999999995,-0.1397,4.3383,14.9517,-16.3265,4.3385,3.2879,1.9847,51.4871,9557.742,86.6554,13.3446,0.3256,0.1605,1.0453,1.2028,126.8344,-1
75,600886,国投电力,0.21,0.63,12.44,436409.84,10.64,40.4062,41011.3727,6.0435,9.3365,38.5583,18.1047,19.8843,2.7661,130.1471,29.5971,27.7058,15.6085,5.962999999999999,31.3458,23.3555,0.4941,0.451,21.6118,291.8551,31.799,68.20100000000001,0.4686,0.0871,2.2943,0.1277,54.6476,0
76,600887,伊利股份,1.39,1.06,24.33,643974.96,8.15,37.8219,78976.3887,12.9935,83.6984,4.3012,9.6789,37.1943,2.9088,123.7624,16.9199,7.4828,11.0833,-3.4364,7.0707,11.2025,1.2757,0.9884,57.645,-12472.566,58.8941,41.1059,0.1092,0.1812,1.3368,0.4407,44.9892,0
77,600900,长江电力,1.12,1.03,16.31,2261093.64,44.14,62.8907,51213.9657,2.3279,17.5415,20.5228,79.8161,4.5104,5.2068,69.1404,2.128,1.6563,5.2876,-1.3030000000000002,1.5713,5.2568,0.1669,0.1631,9.3914,561.3488,48.2863,51.7137,0.7759,0.1345,1.7549,0.26,69.9254,0
81,600968,海油发展,0.04,0.13,8.03,106590.35,3.67,12.3397,28974.7468,3.4909,3.4005,105.8668,43.215,8.3304,2.6101,137.9257,22.2374,-9.2736,5.4649,3.5773,-9.4499,6.132999999999999,1.0245,0.9762,8.8919,716.3043,50.1774,49.8226,0.0554,0.0578,1.4293,0.11599999999999999,14.197000000000001,0
82,600989,宝丰能源,0.05,0.56,30.31,369551.56,28.31,46.8971,13052.2903,2.2503,607.7201,0.5924,14.4178,24.9691,4.9534,72.6774,6.1098,26.41,19.357,7.1891,27.2727,19.357,0.3042,0.2364,19.1754,905.4538,50.9989,49.0011,0.2502,0.1217,0.8836,0.2484,43.6503,0
83,600998,九州通,0.07,0.73,7.19,134057.88,1.53,8.6326,87136.3586,46.4067,5.0047,71.9324,6.1069,58.9497,1.7335,207.6723,17.8428,-6.2084,4.3221,28.1006,-16.092,0.9107,1.2889,0.9751,28.707,311.0735,30.5695,69.4305,0.013999999999999999,0.0183,0.8846,0.0264,2.7606,0
84,601006,大秦铁路,0.34,0.98,14.0,1454415.54,18.56,24.8164,78344.6485,5.2697,13.5105,26.6459,38.3045,9.3984,2.9546,121.8439,40.8152,23.2716,13.4308,14.302999999999999,8.8889,7.1361,1.6707,1.5862,100.9153,7598.0694,78.4272,21.5728,0.2283,0.1226,1.1078,0.5681,97.7048,0
87,601021,春秋航空,0.11,1.67,12.49,150284.0,11.45,9.6815,13114.0413,14.3026,126.0604,2.8558,109.2549,3.295,1.6637,216.3852,19.5382,19.1235,57.4295,28.9916,5.6962,57.4295,1.3179,1.3001,70.5406,2491.9786,50.1392,49.8608,0.2208,0.109,1.9269,0.2185,41.7485,0
90,601088,中国神华,0.42,2.21,13.94,4386700.0,16.6,41.1203,264101.0,13.2783,24.2217,14.8627,14.389000000000001,25.0191,1.4434,249.4111,6.172999999999999,-0.0167,7.9607,3.5468,-2.6060000000000003,8.7155,1.8909,1.8101,58.522,1814.8556,68.8732,31.1268,0.3341,0.1503,1.633,0.4828,71.5248,0
91,601117,中国化学,0.13,0.39,6.31,193177.39,2.37,11.636,81445.4771,16.5103,4.8525,74.1886,4.8816,73.7463,1.1091,324.5875,39.0533,30.3173,14.595999999999998,10.9067,21.875,15.8697,1.3869999999999998,1.14,51.1238,4419.4537,36.0931,63.9069,0.0603,0.0506,2.3601,0.0792,8.9209,0
92,601155,新城控股,0.23,4.69,41.91,1049128.63,19.38,36.6873,54133.310999999994,23.9875,378.825,0.9503,0.3088,1165.8031,0.2667,1349.8313,33.5778,95.0176,96.1255,79.9839,73.0627,47.8566,1.1718,0.5262,20.1375,1973.2631,15.4266,84.5734,0.0705,0.0116,0.3126,0.0137,1.6927,0
95,601212,白银有色,0.04,0.0,0.26,2590.07,0.04,5.2327,61946.5743,8.8838,116.258,3.0966,5.5139,65.2895,2.8560000000000003,126.0504,9.38,-40.3142,-7.4508,-2.7373,-88.5714,-6.8262,0.8915,0.4766,17.3433,139.3274,28.0089,71.9911,0.0489,0.0663,13.4186,0.0921,12.5168,0
96,601225,陕西煤业,0.25,1.1,22.91,1099282.98,19.21,48.6908,57223.725999999995,5.7223,13.0496,27.5871,30.6694,11.7381,1.9626,183.4301,12.3642,1.294,13.3496,14.3467,5.7692,14.5622,1.0985,1.0611,45.7323,32324.7881,55.081,44.919,0.3453,0.1639,1.2404,0.3649,68.8941,0
97,601238,广汽集团,0.08,1.07,14.97,1090264.54,15.24,18.561,71514.5189,6.9889,40.4912,8.8908,11.5598,31.1424,1.0944,328.9474,0.521,1.1466,10.6608,10.4658,-35.1515,10.3497,1.6349,1.4687,106.2921,-7768.3466,58.9773,41.0227,-0.0177,-0.0096,-0.1158,-0.0234,-3.1312,0
101,601390,中国中铁,0.34,0.72,10.81,1719813.8,2.33,9.8999,737713.8509999999,32.2931,5.5948,64.3455,3.2606,110.4091,1.1248,320.0569,6.9236,22.7601,30.8888,11.6804,7.3244,23.4275,1.0469,0.7815,25.0222,426.6259,23.5653,76.4347,0.0162,0.0127,0.6859999999999999,0.0166,1.9217,0
104,601600,中国铝业,0.16,0.04,1.89,87023.0,0.48,8.8385,180240.15399999998,12.0935,37.8733,9.5054,8.0531,44.7033,2.833,127.0738,0.0885,-31.9855,3.2899,0.3645,-51.1111,32.7684,0.7879,0.5142,28.4901,154.1953,33.687,66.313,0.0732,0.0656,8.2008,0.099,17.6398,0
105,601607,上海医药,0.16,1.37,10.34,388106.29,2.43,14.183,159084.3969,55.9744,4.3271,83.1966,6.4558,55.7638,1.965,183.2061,21.5803,9.8202,17.0316,34.4852,4.7659,14.6418,1.3576,0.9934,27.5164,534.2602,36.5964,63.4036,0.0197,0.0247,0.7035,0.039,4.5628,0
106,601633,长城汽车,0.08,0.57,10.27,520731.4,5.32,16.686,97799.8592,10.7151,46.3873,7.7607,16.2639,22.1349,1.4444,249.2384,-2.6786,4.0499,6.9646,1.1338,3.7273,6.9,1.2107,1.1293,36.8424,-1211.4795,47.1274,52.8726,0.2014,0.1762,3.7537,0.3332,36.0644,0
107,601668,中国建筑,0.85,0.87,15.97,3824132.4,3.18,11.8913,1199324.525,28.5654,7.8576,45.8155,1.805,199.446,0.9586,375.5477,13.7764,18.6524,25.6153,20.0426,-18.6916,13.5995,1.277,0.6817,34.786,568.0979,23.0559,76.9441,0.0086,0.0055,0.1863,0.0072,0.9668,0
108,601669,中国电建,0.23,0.48,9.73,769514.31,2.61,14.7737,294677.9445,19.2612,6.678,53.9084,1.9891,180.9864,0.9352,384.9444,10.7435,23.1958,20.2992,23.8405,1.1278,9.2795,0.9626,0.5828,28.2154,298.0417,20.0309,79.9691,0.0651,0.0269,1.9331,0.0336,5.4256,0
109,601698,中国卫通,0.04,0.12,4.39,41825.87,15.52,43.95,2693.9855,0.7483,8.2571,43.5988,137.7433,2.6136,0.8921,403.5422,2.7911,3.2787,6.9146,2.4177,7.6923,5.1545,1.2622,1.2582,106.3559,-895.2893,78.9539,21.0461,0.7849,0.1233,2.8363,0.5859,85.6528,0
110,601727,上海电气,0.13,0.2,5.33,301652.5,2.98,20.7615,101157.525,6.8696,4.3279,83.1812,2.569,140.1323,0.6833,526.855,27.1721,9.4365,4.1218,9.6195,8.1266,3.1567,1.2684,1.0349,39.0119,656.0397,33.6976,66.3024,0.0094,0.0043,0.1733,0.0066,0.7936,0
112,601800,中国交建,0.15,1.15,11.18,1968041.58,4.0,13.4865,490872.1283,30.348000000000003,6.4802,55.5538,4.7992,75.0125,1.0545,341.394,1.671,-4.8081,16.3835,12.9659,-4.9587,8.7753,1.0034,0.9057,41.0544,491.1812,24.9545,75.0455,0.0185,0.0095,0.4483,0.0126,1.8959,0
113,601808,中海油服,0.07,0.01,0.21,7080.23,0.32,10.946,21945.8776,4.5992,3.0836,116.7467,15.46,23.2859,1.0565,340.7478,25.8623,24.5204,-0.0011,1.1234,114.4928,-0.0723,1.2762,1.1951,19.8427,214.6075,46.4303,53.5697,0.1901,0.0559,47.0539,0.1043,24.5274,0
114,601828,美凯龙,0.04,1.2,10.63,447741.12,31.44,66.1954,14239.7925,4.0112,9.9741,36.0935,25.9049,13.897,0.9404,382.8158,29.9309,9.9914,3.1045,14.2722,6.1947,3.1842,0.6209,0.611,34.9318,492.6109,40.8583,59.1417,0.4114,0.0528,1.2449,0.0893,23.1412,0
117,601877,正泰电器,0.21,1.68,17.16,359155.96,13.09,29.668000000000003,27420.8327,12.7455,4.0098,89.78,4.8646,74.00399999999999,1.2185,295.4452,17.1002,25.5562,8.1555,7.7616,25.3731,8.3177,1.4011,1.1288,35.4288,1189.8768,46.7567,53.2433,0.1058,0.0609,0.7709,0.1145,16.9538,0
121,601888,中国国旅,0.59,1.59,20.56,309474.82,6.58,41.4595,47007.3212,24.0757,48.8376,7.3714,6.0077,59.9231,2.5638,140.4166,66.2076,34.0976,23.8023,28.2589,22.2805,15.6928,2.5121,1.7496,144.856,-76321.8915,69.2219,30.7781,0.0579,0.1014,0.6918,0.3294,34.9301,0
122,601898,中煤能源,0.06,0.26,3.78,343457.8,3.29,28.6403,104140.06599999999,7.8544,18.2728,19.7014,9.4668,38.0276,1.9966,180.3065,28.3727,40.0694,4.3337,6.3573,44.4444,3.5164,0.8023,0.6829,34.527,340.7072,41.8207,58.1793,0.196,0.0771,3.2781,0.1326,29.5401,0
123,601899,紫金矿业,0.44,0.18,11.7,409377.36,3.86,12.5883,105994.2461,4.6021,92.0594,3.9105,7.7991,46.1592,3.5855,100.4044,12.1055,44.1911,25.5849,26.383000000000003,12.5,15.5879,0.818,0.4776,27.9319,588.7561,41.8799,58.1201,0.0965,0.0907,2.1853,0.156,27.491,0
126,601919,中远海控,0.14,0.12,5.52,123002.64,1.01,8.462,120829.5288,11.8271,16.2029,22.2182,34.3967,10.4661,2.4227,148.5945,33.5665,-37.3513,28.9228,71.292,-53.8462,10.7257,0.6793,0.6331,38.2916,229.5902,24.7006,75.2994,0.0673,0.0356,2.6867,0.0473,9.1584,0
132,603019,中科曙光,0.2,0.67,12.49,43060.46,4.75,18.3049,9056.8795,14.0848,3.9535,91.0586,4.0938,87.9379,1.1916,302.1148,43.8919,43.1266,17.9215,30.5315,39.5833,21.3476,1.5567,1.1109,38.6319,482.8473,30.7624,69.2376,0.0697,0.0479,1.3497,0.0692,12.0783,0
133,603156,养元饮品,0.09,3.59,25.67,267752.68,32.87,49.9645,8144.2439,10.8118,294.8336,1.2209999999999999,4.9593,72.5909,0.7288,493.9627,5.2148,15.9163,60.9753,36.6635,-23.0949,60.9753,3.8913,3.6685,114.1953,-3228.3489,77.2299,22.7701,0.2534,0.1349,0.7707,0.5926,60.7627,0
134,603160,汇顶科技,0.34,1.65,19.72,74249.86,19.95,52.1835,3721.2917,8.149,5.9576,60.427,3.8308,93.9751,0.8645,416.4257,1.0783,-16.2856,17.8357,20.989,-15.3846,17.8357,3.7674,3.4335,48.29600000000001,-59264.6949,76.8438,23.1562,0.3311,0.2305,1.6594,0.9954,101.9917,0
135,603259,药明康德,0.52,2.23,23.98,226052.31,23.51,39.4511,9613.6836,8.2539,5.3535,67.2457,6.9322,51.9316,1.1131,323.4211,23.8038,79.9679,169.5934,80.178,70.229,178.8862,3.1383,2.8852,153.1238,4691.4032,80.1388,19.8612,0.1706,0.0724,0.7029,0.3644,43.6045,0
136,603260,合盛硅业,0.03,4.19,42.19,280517.74,25.32,40.8407,11076.4102,16.5319,30.2574,11.8979,3.7143,96.9227,2.3921,150.4954,59.3719,83.6588,46.893,13.3999,68.9516,46.468,0.8063,0.3944,12.2003,1813.8786,49.9852,50.0148,0.1126,0.0777,0.4374,0.1553,21.2061,0
137,603288,海天味业,0.64,1.62,32.66,436481.3,25.62,46.4671,17034.4751,6.3082,6936.9911,0.0519,8.1259,44.3028,1.2343,291.6633,16.8,23.65,18.0519,23.3091,23.6641,18.0527,2.5711,2.3754,153.8203,-3322.0559,68.9435,31.0565,0.35200000000000004,0.2977,1.3732,0.9585,97.5281,0
138,603501,韦尔股份,0.24,0.32,10.08,13880.44,3.5,23.4108,3963.5094,8.6954,4.6608,77.24,4.138999999999999,86.9775,1.5949,225.7195,64.7401,-6.2579,38.1091,62.8326,-5.8824,38.6341,0.8885,0.5725,15.1552,332.2275,35.7485,64.2515,0.0014,0.0012,0.0467,0.0018,0.1857,0
139,603799,华友钴业,0.23,1.84,22.68,152809.85,10.57,28.4674,14450.763,17.4158,12.757,28.2198,2.0032,179.7125,1.3375,269.1589,49.6988,-19.1431,38.3902,14.6935,-42.5,26.1626,1.2132,0.602,25.8879,397.1863,44.1258,55.8742,0.1261,0.0956,1.1954,0.1711,20.3006,-1
140,603833,欧派家居,0.11,3.77,22.72,157185.83,13.65,38.3752,11509.3865,27.3848,53.9428,6.6737,9.9066,36.3394,2.5408,141.6877,18.5291,20.975,21.441,14.9956,17.4455,21.4411,1.3342,1.1318,78.9827,-5642.6792,67.9911,32.0089,0.1754,0.1815,1.284,0.5670000000000001,63.3055,0
141,603899,晨光文具,0.14,0.88,26.16,80684.73,9.45,25.8295,8534.9886,9.2771,13.3575,26.9512,6.6129999999999995,54.4382,2.4130000000000003,149.1919,34.2591,28.8083,19.9983,29.3787,27.249000000000002,20.3548,1.9449,1.4502,49.655,-11963.8346,61.5881,38.4119,0.09699999999999999,0.1458,1.0249,0.3796,39.2783,0
142,603993,洛阳钼业,0.22,0.22,11.72,463558.4,17.85,37.6793,25962.8628,1.202,13.7371,26.2064,2.6264,137.0698,0.6639,542.2503,7.5176,43.2312,8.035,3.4536,53.5714,7.3163,2.451,2.037,166.7694,1186.9916,49.001999999999995,50.998000000000005,0.3634,0.0932,1.8319,0.1828,59.0443,0
143,000002,万科Ａ,1.25,3.06,23.24,3377265.17,11.34,37.4816,297679.3311,26.9657,197.2095,1.8255,0.276,1304.3478,0.2574,1398.6014,22.5537,32.4225,26.2205,31.1695,20.4724,17.4025,1.1543,0.4856,16.7943,1224.6038,15.4144,84.5856,0.1129,0.022000000000000002,0.6823,0.026000000000000002,2.9965,0
145,000069,华侨城Ａ,0.22,1.29,18.98,1058887.06,21.99,60.3492,48142.3432,5.867999999999999,115.8998,3.1061,0.1437,2505.2192,0.2401,1499.3753,13.7009,21.2037,17.8484,35.272,22.5387,13.5929,1.616,0.511,18.8233,845.2332,26.2308,73.7692,-0.2074,-0.0339,-0.884,-0.046,-6.8857,0
146,000100,TCL集团,0.51,0.26,11.98,346821.1,3.05,18.3085,113360.076,8.3662,7.9704,45.1671,5.6408,63.8207,1.4134,254.705,1.5977,14.6838,12.4277,20.2565,17.8145,2.5122,1.0187,0.7664,33.9966,608.022,31.5784,68.4216,0.0925,0.0544,2.5796,0.0795,13.3019,0
147,000157,中联重科,0.24,0.26,5.25,201985.7,7.03,27.0885,28696.5429,3.675,1.2875,279.6117,2.2698,158.6043,0.4334,830.6414,23.3046,56.7835,1.4157,12.3965,52.9412,1.6577,1.7757,1.5347,47.7027,312.1035,41.4828,58.5172,0.1765,0.0542,2.5882,0.0926,12.779000000000002,0
150,000338,潍柴动力,0.48,1.08,22.73,865752.73,5.43,22.3348,159255.8323,19.9138,11.9168,30.2095,6.1042,58.9758,1.528,235.6021,5.0712,26.6645,10.477,8.2463,27.0588,11.5615,1.2199,0.9866,45.5193,18493.3626,30.3295,69.6705,0.1398,0.1084,1.9149,0.1557,25.1212,0
151,000413,东旭光电,0.1,0.38,6.83,216360.75,7.66,17.7502,28211.7,4.9232,2.5341,142.0623,5.5239,65.1713,0.6135,586.7971,62.7314,17.018,4.2613,7.2289,15.1515,5.1688,1.6708,1.5417,72.8282,478.8363,46.0528,53.9472,0.0138,0.0053,0.1711,0.0099,1.4276,0
152,000415,渤海租赁,0.05,0.37,6.8,227932.4,5.52,36.5997,41290.683,6.6764,18.419,19.545,4685.5982,0.0768,0.7915,454.8326,14.9059,-15.584000000000001,55.5683,-4.8522,-14.2791,12.9603,1.0008,1.0006,25.5424,129.4257,19.2754,80.7246,0.4949,0.0715,7.6699,0.0886,37.1892,0
153,000423,东阿阿胶,0.12,3.19,19.72,208486.61,28.41,65.9902,7338.3162,11.2202,10.4311,34.5122,0.7157,503.0041,0.7191,500.6258,-0.4615,2.0847,14.7647,12.0712,1.9835,14.8081,4.3668,3.0014,86.6184,15702.1187,81.6802,18.3198,0.1375,0.0728,0.4836,0.3971,40.9198,0
154,000425,徐工机械,0.18,0.26,8.28,204573.37,4.6,16.6889,44410.0056,5.6691,2.7295,131.8923,3.7816,95.1978,1.0854,331.675,52.4488,99.8179,26.1256,23.0658,86.4286,25.46,1.6905,1.3130000000000002,41.824,-12021.708,49.5356,50.4644,0.0745,0.054000000000000006,1.6096,0.107,12.2514,0
155,000596,古井贡酒,0.12,3.37,24.03,169523.16,19.51,77.7569,8686.1403,17.248,332.7117,1.082,0.8642,416.5702,1.1456,314.2458,24.6518,46.8838,17.3738,23.2158,47.806999999999995,17.6946,2.0994,1.5397,46.6372,-4493.3785,64.187,35.813,0.1659,0.1152,0.8277,0.3216,33.5028,-1
156,000625,长安汽车,0.14,0.14,1.45,68072.84,1.02,14.6532,66298.2704,13.8045,41.2274,8.7321,11.8084,30.4868,1.2513,287.7008,-17.1398,-89.9651,-2.7606,-11.9069,-90.604,-2.8441,1.0012,0.8873,23.1245,-54.1287,49.3673,50.6327,-0.0586,-0.0416,-5.3742,-0.0821,-9.0071,0
157,000629,攀钢钒钛,0.08,0.36,52.81,309017.67,20.38,27.5152,15161.4018,1.765,73.6359,4.8889,11.8477,30.3856,3.0421,118.3393,60.6804,243.8484,69.4726,13.2941,258.01,71.9998,1.5818,1.2926,61.4776,2329.7619,64.8246,35.1754,0.1173,0.1499,0.5624,0.4262,49.603,-1
158,000630,铜陵有色,0.1,0.07,4.01,70876.77,0.83,5.3133,84589.1244,8.0358,71.2714,5.0511,7.6846,46.8469,3.4879,103.214,2.6189999999999998,32.2205,4.8901,-1.6893,40.0,3.7473,1.1057,0.6306,27.0737,225.8427,41.4664,58.5336,0.067,0.1206,5.7804,0.20600000000000002,26.5708,0
159,000651,格力电器,2.28,4.36,33.36,2620278.77,13.22,30.2282,198123.1771,32.9341,29.3208,12.277999999999999,7.5579,47.6323,1.0673,337.2997,33.6084,17.1953,38.7222,16.8705,17.2043,39.2287,1.2665,1.1396,71.7115,-3198.1925,36.9037,63.0963,0.136,0.1072,1.0213,0.17,17.0851,0
160,000656,金科股份,0.11,0.72,19.45,388591.85,9.42,28.5716,41233.6764,7.722,26.79,13.4378,0.2197,1638.5981,0.2307,1560.4681,18.632,75.9214,68.8549,46.6019,105.7143,17.2581,1.5502,0.3815,21.6906,10592.0745,16.3705,83.6295,0.0322,0.0058,0.3306,0.0069,0.9657,0
161,000661,长春高新,0.52,5.92,20.85,100649.54,18.72,85.1024,5374.9947,31.5967,8.5657,42.0281,0.436,825.6881,0.9115,394.9534,31.0252,57.6971,21.6463,28.0436,52.1851,19.6393,2.2432,1.6141,64.1231,-5346.963000000001,67.2048,32.7952,0.1645,0.0939,0.6044,0.2864,30.3413,0
162,000671,阳光城,0.09,0.66,16.38,301785.96,5.34,26.0587,56470.0907,13.9429,63.6538,5.6556,0.3108,1158.3012,0.2604,1382.4885,70.2797,75.3028,34.2177,23.5154,29.4118,19.9925,1.5008,0.5943,24.1321,1140.6182,15.5772,84.4228,0.3866,0.0829,5.5886,0.0982,13.9195,0
163,000703,恒逸石化,0.12,0.8,13.41,196205.28,2.3,3.9113,84947.6883,32.3246,65.3045,5.5126,34.8755,10.3224,6.1498,58.5385,32.1447,21.6619,40.4774,79.2257,-20.0,48.7719,0.6944,0.5785,37.8898,451.277,37.3448,62.6552,0.0197,0.0281,0.7464,0.0448,7.0371,-1
164,000709,河钢股份,0.08,0.32,7.18,362631.43,2.99,14.2974,120956.9933,11.390999999999998,36.8632,9.7658,4.5672,78.8229,2.0449,176.0477,10.987,106.0961,23.6939,9.781,88.2353,23.015,0.5133,0.3404,21.8693,222.7616,28.2407,71.7593,0.0825,0.0478,2.2789,0.0667,7.7569,0
165,000723,美锦能源,0.07,0.44,19.43,179720.19,11.86,29.9676,15146.5638,3.702,10.1495,35.4697,6.2253,57.8285,2.481,145.1028,23.7688,68.865,-3.6307,35.2256,69.2308,-7.9110000000000005,0.7766,0.564,13.3326,1490.623,43.3379,56.6621,0.1013,0.0821,0.7419,0.145,16.6135,0
166,000725,京东方A,0.83,0.1,4.0,343512.8,3.53,20.3922,97108.8649,2.7906,5.4872,65.6072,7.3825,48.763999999999996,0.9737,369.7237,3.5269999999999997,-63.3623,15.4127,18.7107,-53.9171,1.2344,1.602,1.4094,82.7304,228.9547,39.5875,60.4125,0.2645,0.0845,8.9185,0.1398,41.273999999999994,0
167,000768,中航飞机,0.17,0.2,3.51,55803.82,1.66,6.103,33468.3208,12.0883,3.2843,109.6124,2.3504,153.1654,0.9291,387.4717,7.6877,7.0726,9.4323,17.5723,18.3793,2.1176,1.4052,0.918,31.1242,-1158.2099,40.3217,59.6783,0.0419,0.0293,2.7638,0.0491,5.0269,0
168,000786,北新建材,0.16,1.46,18.61,246598.02,19.62,35.3154,12564.9107,7.437,142.093,2.5336,6.4039,56.2157,2.2472,160.1994,12.545,5.3408,15.5513,11.1563,11.3654,15.0413,2.4432,1.8904,21.1812,7867.8088,80.6281,19.3719,0.2215,0.1554,1.1217,0.8021,120.2888,0
169,000858,五 粮 液,1.82,3.47,22.8,1338424.67,33.43,73.8028,40030.1896,10.3127,337.9489,1.0652,0.9383,383.6726,0.5662,635.8177,32.6083,39.1899,19.1042,21.3918,36.3422,19.037,3.772,3.2024,236.4327,-1614.8975,75.6374,24.3626,0.3077,0.1431,0.8774,0.5872,59.4817,0
170,000895,双汇发展,0.22,1.49,34.06,491450.12,10.07,21.4154,48767.4034,14.7799,415.5486,0.8663,10.71,33.6134,4.9316,72.9986,-3.3301,12.5456,-9.4917,-3.21,13.7728,-11.2399,1.2005,0.6805,32.1975,11544.9528,62.6422,37.3578,0.1065,0.2325,1.0233,0.6222,63.8903,0
171,000898,鞍钢股份,0.05,1.1,14.82,795200.0,7.56,16.1958,105157.0,14.5348,42.7207,8.4268,7.1161,50.5895,3.7905,94.9743,24.7266,41.6964,4.1261,0.9192,41.8065,3.9801,0.8217,0.4209,6.5777,780.3535,58.2789,41.7211,0.0789,0.0921,1.043,0.2208,25.3275,0
172,000938,紫光股份,0.2,1.17,6.59,170374.86,3.52,21.2361,48305.7859,33.1037,7.6488,47.0662,6.9917,51.4896,2.0533,175.3275,23.6358,11.4929,5.532,14.0547,-22.7002,5.617000000000001,1.6399,1.2767,41.5794,904.6446,62.7872,37.2128,0.1008,0.1003,1.6601,0.2695,30.2996,0
173,000963,华东医药,0.14,1.55,24.87,226722.92,7.39,28.9879,30663.3743,21.0286,5.8307,61.7422,5.9804,60.1966,2.3718,151.7835,10.1738,26.8483,18.3527,20.2053,-15.3005,18.4062,1.7656,1.2418,33.0143,3421.4653,54.2506,45.7494,0.0665,0.1061,0.8515,0.23199999999999998,27.5646,-1
174,002001,新和成,0.23,1.43,20.54,307888.46,35.45,53.3742,8683.3817,4.0412,5.1152,70.3785,2.6987,133.3976,0.773,465.718,39.2659,80.7933,15.8537,20.6353,-8.9172,15.8593,2.3378,2.0213,57.1738,15127.078000000001,73.9234,26.0766,0.4215,0.1669,1.1813,0.6399,80.1385,0
175,002007,华兰生物,0.23,1.23,22.36,113951.29,35.42,64.9788,3216.8987,3.4587,3.8115,94.45100000000001,0.9332,385.7694,0.7613,472.8753,35.8386,50.4969,19.2172,24.4044,38.8329,18.4388,6.6378,4.9672,59.391000000000005,250377.1328,88.904,11.095999999999998,0.4018,0.1991,1.0687,1.7942,179.4161,0
176,002008,大族激光,0.28,1.61,21.33,171862.86,15.58,37.4792,11029.4857,10.3362,2.7007,133.2988,2.6557,135.5575,1.0192,353.2182,-4.59,0.8399,18.019000000000002,34.3335,3.2051,19.2828,1.6022,1.2374,56.6983,-42305.8975,45.3743,54.6257,0.0722,0.042,0.4617,0.077,10.0107,0
177,002010,传化智联,0.07,0.25,6.93,81898.53,4.06,12.0068,20148.0699,6.1845,10.8401,33.21,10.5345,34.1734,1.6312,220.6964,4.854,66.5446,7.7439,24.298000000000002,78.5714,6.3448,1.1477,0.9693,48.7896,388.4691,45.0152,54.9848,0.0231,0.0156,0.518,0.0283,3.9804,-1
178,002024,苏宁易购,0.28,1.44,16.83,1332755.9,5.44,14.9986,244956.573,26.311,62.7746,5.7348,10.203,35.2837,2.2312,161.3482,30.3461,212.1973,5.4804,26.8257,220.0,2.4807,1.4061,1.1684,51.2735,1229.5287,44.2232,55.7768,-0.0566,-0.0696,-1.0974,-0.1247,-14.8079,0
179,002027,分众传媒,0.45,0.4,46.92,582297.48,40.01,66.2127,14551.2851,0.9913,3.7295,96.5277,992.4498,0.3627,1.2545,286.9669,21.1239,-3.0329,36.3719,22.2886,-18.3673,36.9105,3.4118,3.4109,104.0916,-7312.2144,75.6932,24.3068,0.26,0.1989,0.6531,0.8182,107.2456,-1
180,002044,美年健康,0.29,0.26,13.54,82064.83,9.7,47.5608,8458.4502,2.7096,5.011,71.8419,42.3175,8.5071,1.6272,221.2389,35.7032,40.1051,5.6903,31.0518,8.3333,1.0718,0.8726,0.8536,42.9111,622.2418,44.6094,55.3906,0.1819,0.0941,1.5816,0.1698,23.1231,0
181,002050,三花智控,0.21,0.61,15.65,129234.98,11.92,28.5861,10835.9907,5.0857,6.2322,57.7645,3.9853,90.33200000000001,1.1733,306.8269,13.0959,4.8307,9.7767,12.8297,1.6667,9.3897,2.0211,1.5983,28.1442,-2848.1654,62.4459,37.5541,0.1188,0.0924,0.9819,0.2461,26.8649,0
182,002081,金螳螂,0.1,0.8,17.16,212341.16,8.46,19.5091,25088.5961,9.4913,1.3697,262.8313,106.8629,3.3688,0.943,381.7603,19.49,12.7118,15.7904,18.163,9.589,15.1972,1.4911,1.4817,15.7684,5004.3708,40.8532,59.1468,0.0657,0.0495,0.7596,0.0837,8.4736,0
183,002120,韵达股份,0.15,1.6,28.84,269799.37,19.47,28.0179,13855.9897,8.0898,32.0855,11.22,314.5757,1.1444,1.8563,193.9342,38.7601,63.9276,119.6857,92.3593,22.1374,119.9058,1.5697,1.5637,29.6347,-20633.2939,63.8335,36.1665,0.2681,0.2054,1.4274,0.568,57.3319,0
184,002146,荣盛发展,0.12,1.74,24.89,756460.55,13.42,31.4642,56367.617,12.9635,30.4298,11.8305,0.3018,1192.8429,0.2874,1252.6096,45.6377,36.1487,23.7595,18.7913,31.8182,22.0797,1.3741,0.4879,19.6861,1463.7541,15.9642,84.0358,0.3107,0.0769,2.1157,0.0915,11.3525,0
185,002153,石基信息,0.09,0.43,6.83,46348.25,14.96,44.9063,3097.5194,2.9032,6.8345,52.6739,5.65,63.7168,0.5619,640.6834,4.604,27.6957,64.6499,50.692,10.2564,58.2287,5.3728,5.1162,445.1174,-280.8121,86.9387,13.0613,0.1612,0.0488,0.9202,0.3738,38.5365,0
186,002179,中航光电,0.15,1.22,17.81,95376.07,12.2,32.5618,7816.0187,9.8819,2.3705,151.8667,3.1921,112.7784,0.8378,429.6968,22.8583,16.5225,21.0485,32.4601,15.5819,23.665,1.9505,1.5967,48.6095,-20233.5909,49.4563,50.5437,0.0029,0.0017,0.0224,0.0034,0.4077,0
187,002202,金风科技,0.24,0.88,14.03,321660.39,11.19,25.9632,28730.6073,8.079,1.9267,186.84799999999998,4.6855,76.8328,0.8706,413.5079,14.3304,4.249,12.7801,11.7825,5.4112,10.0258,1.0417,0.8836,19.2729,484.8512,32.5391,67.4609,0.1088,0.0384,0.9521,0.0569,9.8902,0
188,002230,科大讯飞,0.4,0.27,6.94,54206.6,6.84,50.0261,7917.2219,3.7835,2.6649,135.0895,4.1001,87.8027,1.0553,341.1352,45.4119,28.9644,3.2599,14.7091,-18.1818,3.2831,1.3354,1.1566,46.4386,-3853.3617,53.6625,46.3375,0.145,0.075,1.8579,0.1619,19.7521,0
189,002236,大华股份,0.27,0.87,22.16,252942.65,10.68,37.1614,23665.6881,7.8948,2.6694,134.8618,5.0914,70.7075,1.2188,295.3725,25.5843,9.1639,21.8067,23.5176,6.0976,20.5641,1.6933,1.4517,37.71,-2151.5232,48.9676,51.0324,0.0404,0.0363,0.3682,0.071,7.602,0
190,002241,歌尔股份,0.4,0.27,5.73,86772.27,3.65,18.815,23750.5878,7.3188,3.5232,102.1798,5.8938,61.0811,1.755,205.1282,-6.9944,-59.9159,1.8252,11.9375,-60.2941,2.0586,1.0273,0.7635,17.7778,412.3734,51.0709,48.9291,0.0958,0.0765,2.6957,0.1564,16.9216,0
193,002294,信立泰,0.06,1.39,23.43,145822.33,31.34,79.7141,4651.8762,4.4472,5.6864,63.3089,1.7996,200.0445,1.3003,276.8592,11.9915,1.2319,11.5724,15.1568,0.0,10.0445,5.093999999999999,4.2484,95.5595,-41510.032999999996,86.9244,13.0756,0.2882,0.1696,0.9217,1.2971,198.5907,0
194,002304,洋河股份,0.48,5.39,25.95,811518.98,33.58,73.7033,24159.802000000003,16.0318,3475.0561,0.1036,0.4749,758.0543,0.7503,479.8081,21.2967,22.6105,14.0012,14.5767,22.3864,13.9911,2.2955,1.4066,30.3,-16540.1791,67.8409,32.1591,0.3749,0.1827,1.1159999999999999,0.5682,57.9513,0
195,002311,海大集团,0.2,0.9,20.21,143728.17,3.4,10.7718,42156.6288,26.6609,45.4171,7.9265,9.1437,39.3714,5.2113,69.0807,29.4871,20.9938,20.2868,31.9534,15.3846,19.634,1.3368,0.64,24.9789,906.2927,47.3574,52.6426,0.0246,0.0596,0.698,0.1133,14.9007,0
196,002411,延安必康,0.06,0.26,4.39,40419.38,4.78,25.3938,8446.8073,5.5125,3.3711,106.7901,10.0543,35.8056,1.3024,276.4128,57.3547,-52.7199,2.9386,3.5268,-54.7124,2.7636,0.6271,0.5558,14.1106,351.3874,46.4988,53.5012,0.0477,0.0196,0.9467,0.0366,4.2002,1
197,002415,海康威视,1.0,1.24,33.99,1135286.92,22.77,44.8534,49837.1325,5.401,3.182,113.1364,5.1537,69.8527,1.0142,354.9596,18.9275,21.3723,24.0491,23.101,20.3883,23.8226,2.1703,1.9386,108.9998,-2831.8094,59.8008,40.1992,0.1829,0.1436,0.8008,0.3571,36.8848,0
198,002422,科伦药业,0.16,0.85,9.81,121294.42,7.41,59.5631,16351.7902,11.3566,3.1025,116.0355,2.4159,149.0128,1.3491,266.8446,42.9984,56.2706,8.1925,4.9047,63.4615,8.1372,1.2169,0.9303,17.6028,311.1478,44.1544,55.8456,0.1806,0.1006,2.3302,0.1801,28.4747,0
199,002460,赣锋锂业,0.25,1.07,26.93,122328.69,24.44,36.104,5003.8829,3.8049,6.6289,54.3077,2.2679,158.7372,0.8017,449.0458,14.1541,-16.6621,97.3,69.028,-46.0441,96.2656,2.0653,1.5683,94.0016,1791.1358,58.9996,41.0004,0.1369,0.0507,0.5599,0.1236,17.8809,-1
200,002466,天齐锂业,0.2,1.93,22.97,220011.22,35.23,67.5969,6244.42,5.4677,13.8354,26.0202,3.8996,92.3172,1.0644,338.2187,14.1568,7.379,12.245,150.1922,-0.5155,11.7588,0.8817,0.7539,44.2947,871.6228,26.7447,73.2553,0.5797,0.0811,1.2908,0.1107,82.5113,0
201,002468,申通快递,0.04,1.34,26.39,204918.9,12.04,16.2401,17013.0034,11.1137,19.5412,18.4226,484.9747,0.7423,2.8319,127.1231,34.4132,37.9074,26.4084,34.6999,38.1443,25.9083,1.8886,1.8805,123.2837,-2324.8655,72.1871,27.8129,0.153,0.2193,1.2686,0.7886,79.7774,0
202,002475,立讯精密,1.08,0.66,17.95,272263.11,7.59,21.0475,35849.9642,8.7128,3.9372,91.4355,6.8963,52.2019,1.7726,203.0915,57.0569,60.9671,19.7484,35.5412,24.5283,19.7836,1.3434,1.0678,22.2347,1187.5213,45.7579,54.2421,0.0877,0.0862,1.1169,0.159,18.292,0
203,002594,比亚迪,0.4,0.93,4.96,278019.4,2.13,16.4003,130054.707,47.6715,2.5712,140.0124,4.7064,76.4916,1.1937,301.5833,22.7919,-27.6746,1.2284,9.2486,-33.5714,0.3529,0.9883,0.7625,11.1969,246.3294,31.1937,68.8063,0.0963,0.0644,3.5214,0.0935,10.7429,0
204,002601,龙蟒佰利,0.12,1.15,17.09,228572.87,21.89,41.2001,10440.5885,5.138,9.0621,39.7259,3.4971,102.9424,1.5411,233.5994,1.7848,-10.3766,-5.2512,0.3709,-8.0,-3.5988,0.8803,0.6152,22.9258,1271.536,60.3814,39.6186,0.1945,0.0971,0.8752,0.245,27.6405,0
205,002602,世纪华通,0.22,0.43,7.28,96226.31,11.84,38.2367,8123.9971,3.4795,8.1566,44.136,10.6991,33.6477,1.966,183.1129,132.7245,22.5451,172.3969,161.0951,-43.4211,174.5659,3.3809,3.117,176.2287,23454.2913,82.912,17.088,0.1145,0.0555,0.9672,0.325,52.8902,0
206,002607,中公教育,0.08,0.22,71.89,115288.74,18.48,59.0772,6236.9878,7.6029,149.9022,2.4016,7.4877,48.0788,2.2957,156.8149,-6.412999999999999,1532.5405,52.4001,55.6249,144.4444,54.4903,0.7395,0.7395,15.6265,-52888.7123,41.0153,58.9847,0.2257,0.1955,1.2212,0.3314,33.9154,1
207,002624,完美世界,0.18,1.3,20.41,170610.16,21.23,55.8122,8033.765,6.1102,4.5148,79.7378,1.9099,188.4915,0.764,471.2042,1.3109,20.5132,5.9428,-3.6577,14.0351,5.9638,2.7499,2.2037,107.8446,1241.4551,58.2597,41.7403,-0.0162,-0.0081,-0.0739,-0.0195,-3.3149,0
211,002739,万达电影,0.11,0.74,10.64,129463.15,9.18,30.3233,14088.1337,7.997999999999999,9.7999,36.7351,54.0234,6.6638,2.9459,122.2037,6.4913,-14.7162,7.6859,-0.1454,-43.0542,7.8152,0.6985,0.669,20.7455,665.9403,54.5641,45.4359,0.1244,0.0758,1.3556,0.1669,26.9488,-1
212,002773,康弘药业,0.08,1.04,18.42,69494.38,23.82,92.1676,2917.4451,4.3315,13.7102,26.2578,1.0678,337.1418,0.8485,424.2781,4.6994,7.8772,15.2536,13.273,7.8542,15.2536,5.5048,5.095,402.1383,-1636.5102,78.615,21.385,0.1203,0.0675,0.5049,0.3158,56.5972,0
213,002841,视源股份,0.05,1.55,34.1,100427.41,5.91,20.0707,16983.6898,25.9102,231.1575,1.5574,10.2502,35.1213,3.5828,100.4801,56.2781,53.7874,39.747,41.3475,-9.8837,35.6992,1.5986,1.1352,95.4502,5471.7651,50.3423,49.6577,0.105,0.2547,1.6801,0.5129,53.1042,0
214,002916,深南电路,0.13,2.49,20.38,69725.24,9.17,23.1296,7602.1417,27.1505,6.297000000000001,57.1701,4.9224,73.1351,1.8867,190.8093,33.6772,55.5908,17.5416,14.5367,16.9014,17.5094,1.2067,0.8232,18.7832,1454.3127,43.6788,56.3212,0.1156,0.1031,1.2589,0.1831,25.4014,0
215,002938,鹏鼎控股,0.09,1.3,19.75,277122.15,10.71,23.1919,25854.7803,11.1856,4.2997,83.7268,8.5206,42.2505,1.6675,215.8921,8.0848,51.6549,45.6294,17.7683,39.7849,45.6294,1.7457,1.5091,77.5276,4301.9685,65.3944,34.6056,0.2402,0.22699999999999998,2.2408,0.6559999999999999,65.917,0
216,300003,乐普医疗,0.25,0.68,19.13,121869.29,19.17,72.7484,6356.3048,3.5676,3.5295,101.9975,2.3282,154.6259,1.1701,307.666,40.0794,26.2855,-6.2499,18.1583,35.3651,-1.0582,1.1256,0.9706,48.7046,752.4976,43.5911,56.4089,0.2361,0.0993,1.1957,0.17600000000000002,29.6003,0
217,300015,爱尔眼科,0.37,0.43,18.55,100893.73,12.59,46.9967,8008.5740000000005,3.3601,11.4718,31.3813,13.4146,26.8364,2.3189,155.246,34.3079,34.4477,9.11,3.3689999999999998,-14.0202,9.1395,1.5803,1.4044,63.1841,3163.0271,62.0215,37.9785,0.1748,0.1454,1.3134,0.3829,68.5706,0
218,300017,网宿科技,0.12,0.33,9.67,80415.15,12.68,33.2379,6337.4606,2.6049,4.0687,88.4803,189.3475,1.9013,1.1883,302.9538,17.9574,-2.3653,8.9132,16.3447,-2.9412,9.0597,2.3568,2.3481,89.5698,-1104.6563,72.7243,27.2757,0.11599999999999999,0.0616,0.9218,0.2257,28.392,0
219,300024,机器人,0.12,0.29,7.3,44935.09,14.51,31.4671,3094.7269,1.9834,2.8747,125.2305,0.8386,429.2869,0.4788,751.8797,26.0548,2.5703,4.9108,12.9777,3.9336,4.8518,2.8233,1.6715,82.7385,1725.1893,66.2712,33.7288,0.0177,0.0057,0.1201,0.017,2.22,0
221,300059,东方财富,0.6,0.19,6.32,95869.54,73.2,71.6447,1309.5807,0.2533,4.4601,80.7157,2.5791,139.5836,0.037000000000000005,9729.7297,17.7324,50.9376,6.9125,-4.8603,24.8656,6.9313,1.7819,1.7744,58.7604,816.4084,39.4244,60.5756,2.0368,0.067,2.7836,0.1106,13.8283,1
222,300070,碧水源,0.12,0.4,6.69,124451.95,10.8,29.8139,11517.8094,3.6558,2.2013,163.5397,5.266,68.3631,0.6809,528.712,-16.3393,-47.8447,9.8873,24.2199,-50.0,4.0754,0.9068,0.8201,30.7473,343.4161,38.5368,61.4632,0.1133,0.023,0.9655,0.0375,6.3375,0
223,300122,智飞生物,0.21,0.91,40.78,145136.65,27.75,54.7668,5228.3077,3.2676,3.9072,92.1376,1.9609999999999999,183.5798,1.515,237.6238,289.4257,235.7504,42.3269,65.8633,235.963,42.3269,1.8207,1.117,30.3453,9414.7218,61.3919,38.6081,0.11199999999999999,0.086,0.4035,0.2227,23.0948,0
224,300124,汇川技术,0.23,0.71,19.99,116689.84,19.86,41.8118,5874.3578,3.5299,3.4674,103.8242,2.9788,120.854,0.7956,452.4887,22.9641,10.7531,14.1354,14.1728,9.2308,15.0354,2.1872,1.8279,14.6626,-9936.4749,63.2643,36.7357,0.0802,0.0456,0.3899,0.1242,13.3984,0
225,300136,信维通信,0.25,1.01,30.55,98780.04,20.98,36.5115,4706.9094,4.8246,2.688,133.9286,6.8059,52.8953,1.2506,287.8618,37.0372,11.1477,33.2571,35.3195,10.8799,33.4323,1.8323,1.579,44.3565,2576.3668,51.3379,48.6621,0.1294,0.0844,0.6153,0.1734,28.8367,0
227,300144,宋城演艺,0.17,0.89,16.38,128718.65,40.08,66.42699999999999,3211.1928,2.2106,64.0415,5.6214,289.8845,1.2419,1.2579,286.1913,6.1962,19.479,29.5629,23.5586,21.9178,15.5617,2.5056,2.5026,138.711,-141848.5977,89.5654,10.4346,0.513,0.1523,1.2894,1.4594,147.4183,0
228,300347,泰格医药,0.29,0.94,17.52,47218.39,20.52,43.107,2300.6597,4.5996,3.2573,110.521,4912.2121,0.0733,1.5604,230.7101,36.3731,52.5702,7.6328,19.4415,56.8627,6.5926,1.3265,1.3261,58.2875,8298.1438,70.8951,29.1049,0.22699999999999998,0.122,1.0305,0.4193,43.208999999999996,0
229,300408,三环集团,0.18,0.76,19.95,131872.93,35.16,54.1978,3750.0729,2.1509,3.8743,92.92,2.5873,139.1412,0.7299,493.2182,19.8182,21.8994,18.3198,14.1587,20.6349,18.5558,5.0395,4.398,86.7343,9071.6654,82.7485,17.2515,0.4105,0.1814,1.1631,1.0515,143.6707,0
230,300413,芒果超媒,0.18,0.92,17.43,86556.85,8.95,37.0356,9660.6614,9.758,12.4136,29.0005,5.3159,67.7214,1.8124,198.6316,223.7747,1354.3448,230.041,432.5368,411.1111,235.8889,1.4023,1.0439,40.884,-3813.4158,46.8506,53.1494,-0.039,-0.0311,-0.4064,-0.0586,-6.0996,1
231,300433,蓝思科技,0.2,0.16,3.79,63700.74,2.29,22.6308,27717.4968,7.0585,4.6468,77.4727,8.6288,41.7207,1.9276,186.7607,16.9368,-70.3121,1.7309999999999999,20.7651,-79.4872,1.9422,0.7201,0.582,22.492,250.8387,39.6084,60.3916,0.1758,0.113,8.113999999999999,0.1871,24.3747,0
232,300498,温氏股份,0.9,0.75,11.89,395743.53,6.91,16.8531,57235.997,10.7711,331.6113,1.0856,3.9303,91.5961,2.76,130.4348,2.8367,-39.1898,6.6057,10.0132,-41.9193,5.9845,1.6414,0.6709999999999999,13.5349,4351.5357,65.9379,34.0621,0.1135,0.1204,1.5259,0.3534,48.894,0
