date,open,close,high,low,volume
2013-01-04,154.255,150.573,154.255,149.162,58370.0
2013-01-07,149.802,148.645,149.802,147.343,41271.0
2013-01-08,147.837,153.411,153.418,147.837,65286.0
2013-01-09,153.891,157.493,158.366,153.891,53749.0
2013-01-10,156.86,156.074,157.893,154.983,30527.0
2013-01-11,155.506,153.717,156.547,152.712,37009.0
2013-01-14,151.708,152.378,153.018,147.568,68183.0
2013-01-15,151.919,153.418,154.328,150.486,52635.0
2013-01-16,149.162,149.889,150.471,148.201,69501.0
2013-01-17,149.154,149.256,151.112,148.812,36201.0
2013-01-18,149.998,148.259,150.238,145.604,55318.0
2013-01-21,147.561,143.566,147.561,142.831,74779.0
2013-01-22,142.475,144.672,145.327,137.52,73815.0
2013-01-23,142.613,144.781,145.167,141.012,51013.0
2013-01-24,143.996,142.584,145.596,141.74,59474.0
2013-01-25,137.52,137.556,139.557,135.41,80007.0
2013-01-28,135.337,129.88,136.647,129.516,158290.0
2013-01-29,128.061,129.632,130.964,125.15,115447.0
2013-01-30,128.825,131.058,132.783,128.555,71376.0
2013-01-31,131.844,130.171,132.281,129.349,37816.0
2013-02-01,130.156,130.229,132.259,129.538,45265.0
2013-02-04,130.971,127.428,131.662,126.605,64964.0
2013-02-05,127.297,134.195,134.245,126.46,87825.0
2013-02-06,134.595,133.831,134.66,132.426,46195.0
2013-02-07,133.154,134.733,135.737,131.932,48567.0
2013-02-08,134.718,136.69,137.083,134.1,41572.0
2013-02-18,137.01,130.746,137.01,130.244,56569.0
2013-02-19,130.229,129.458,131.4,128.643,37737.0
2013-02-20,128.788,129.443,130.957,127.348,36582.0
2013-02-21,127.5,130.986,134.755,127.369,53832.0
2013-02-22,131.699,135.039,135.773,131.699,62864.0
2013-02-25,133.882,131.764,134.864,131.16,34549.0
2013-02-26,131.481,129.058,133.882,129.028,43754.0
2013-02-27,128.505,128.621,130.025,127.741,34158.0
2013-02-28,129.37,127.333,129.37,125.15,56786.0
2013-03-01,126.824,126.475,128.032,125.871,38003.0
2013-03-04,126.402,127.129,128.512,126.402,52072.0
2013-03-05,127.639,127.333,128.395,126.504,36974.0
2013-03-06,128.061,128.948,129.007,126.351,49227.0
2013-03-07,130.52,133.78,137.229,130.476,85190.0
2013-03-08,135.344,133.976,136.428,133.642,35959.0
2013-03-11,133.736,134.755,134.973,132.288,34965.0
2013-03-12,135.337,132.557,135.41,130.971,25393.0
2013-03-13,132.717,133.758,135.351,132.717,30769.0
2013-03-14,132.79,130.2,134.442,129.996,35124.0
2013-03-15,129.167,128.767,131.481,127.406,35961.0
2013-03-18,128.716,123.295,128.716,122.378,78231.0
2013-03-19,122.385,120.188,123.564,119.7,63414.0
2013-03-20,120.246,123.63,124.124,119.402,71894.0
2013-03-21,123.331,121.352,123.331,120.639,65392.0
2013-03-22,121.134,123.004,123.622,120.574,45578.0
2013-03-25,122.967,122.989,124.255,122.313,31966.0
2013-03-26,123.04,123.608,124.575,122.538,32480.0
2013-03-27,123.702,121.359,123.986,120.348,47662.0
2013-03-28,120.843,121.381,122.371,118.1,41490.0
2013-03-29,121.694,122.866,123.382,120.799,47717.0
2013-04-01,122.305,120.021,122.574,119.751,29128.0
2013-04-02,120.13,119.118,120.763,118.798,32524.0
2013-04-03,119.096,119.22,120.057,118.733,21990.0
2013-04-08,117.976,119.562,120.057,116.746,37732.0
2013-04-09,119.249,119.038,119.984,118.383,24194.0
2013-04-10,119.329,123.666,124.503,118.383,70858.0
2013-04-11,123.695,122.909,124.423,122.458,29729.0
2013-04-12,122.909,125.318,126.897,122.604,59800.0
2013-04-15,125.347,125.689,126.358,123.71,28336.0
2013-04-16,123.695,125.994,127.479,123.404,39137.0
2013-04-17,126.314,129.872,130.076,126.278,42974.0
2013-04-18,128.934,130.353,130.971,128.068,41956.0
2013-04-19,130.535,130.411,130.884,128.708,39238.0
2013-04-22,130.171,126.394,130.171,126.242,42745.0
2013-04-23,126.242,125.012,127.319,124.932,30952.0
2013-04-24,125.31,127.239,127.333,123.913,30402.0
2013-04-25,126.62,128.57,129.196,126.038,25359.0
2013-04-26,129.087,126.598,129.516,125.885,16307.0
2013-05-02,125.878,124.503,125.914,122.989,28586.0
2013-05-03,125.005,125.478,126.62,124.132,21460.0
2013-05-06,125.878,129.37,129.501,125.136,30196.0
2013-05-07,130.258,136.567,137.04,130.258,71020.0
2013-05-08,136.647,137.44,138.247,135.431,42416.0
2013-05-09,137.709,143.472,143.486,137.709,70134.0
2013-05-10,143.348,143.421,146.193,142.62,48776.0
2013-05-13,143.421,143.835,146.688,140.99,32579.0
2013-05-14,142.686,139.113,143.413,138.255,36431.0
2013-05-15,138.888,141.638,143.093,138.771,23264.0
2013-05-16,141.165,141.776,145.895,139.703,45462.0
2013-05-17,141.216,142.548,142.94,140.43,33556.0
2013-05-20,143.195,141.885,144.418,141.485,30944.0
2013-05-21,141.798,141.9,142.438,140.801,23102.0
2013-05-22,142.358,145.138,145.96,141.958,46149.0
2013-05-23,145.232,147.299,150.246,145.232,62247.0
2013-05-24,148.434,146.2,150.741,145.524,45073.0
2013-05-27,146.957,146.71,147.052,144.068,26778.0
2013-05-28,146.891,147.081,147.932,145.196,23676.0
2013-05-29,147.706,146.608,150.522,146.506,32340.0
2013-05-30,146.106,145.705,147.575,144.803,25019.0
2013-05-31,146.229,143.413,146.542,143.341,24590.0
2013-06-03,144.141,147.037,147.379,143.472,40256.0
2013-06-04,147.197,146.76,149.38,146.724,42356.0
2013-06-05,146.971,146.375,147.343,145.218,23724.0
2013-06-06,146.404,146.731,149.016,146.404,33877.0
2013-06-07,146.628,147.493,150.303,145.426,25478.0
2013-06-13,146.636,146.328,149.161,144.299,44998.0
2013-06-14,146.057,145.809,146.546,142.472,32518.0
2013-06-17,145.997,142.397,146.531,142.194,29689.0
2013-06-18,142.157,144.028,144.141,140.173,27377.0
2013-06-19,143.449,146.418,146.921,141.435,28909.0
2013-06-20,146.14,144.096,146.906,143.246,25586.0
2013-06-21,142.818,143.667,147.207,140.909,39654.0
2013-06-24,143.998,139.496,144.291,139.166,40807.0
2013-06-25,139.451,142.668,143.013,132.289,51352.0
2013-06-26,141.653,141.826,142.653,138.865,32903.0
2013-06-27,141.826,142.472,144.554,141.353,34135.0
2013-06-28,141.924,144.569,145.388,141.924,28070.0
2013-07-01,144.314,146.012,146.523,143.555,25828.0
2013-07-02,145.997,148.763,149.544,144.757,33453.0
2013-07-03,149.477,148.778,150.153,147.395,35424.0
2013-07-04,148.101,147.763,150.198,147.733,24214.0
2013-07-05,147.973,148.139,149.83,147.973,17779.0
2013-07-08,147.958,146.666,148.717,145.043,24113.0
2013-07-09,147.523,144.329,147.523,143.322,20233.0
2013-07-10,143.697,145.674,145.869,141.954,33244.0
2013-07-11,146.207,147.275,147.673,144.314,46056.0
2013-07-12,146.628,141.894,147.876,141.811,42991.0
2013-07-15,142.322,141.247,142.863,138.978,36607.0
2013-07-16,141.405,143.502,143.75,139.406,37011.0
2013-07-17,143.164,140.473,143.382,140.391,27388.0
2013-07-18,140.533,139.083,140.872,138.053,25699.0
2013-07-19,139.038,132.274,139.038,131.162,73319.0
2013-07-22,132.011,131.425,133.086,130.05,27062.0
2013-07-23,132.214,134.965,135.491,131.5,28756.0
2013-07-24,134.822,131.23,134.822,130.087,44067.0
2013-07-25,131.816,134.326,135.123,130.989,39540.0
2013-07-26,133.018,131.493,133.62,131.44,19045.0
2013-07-29,130.974,128.75,130.974,128.509,26883.0
2013-07-30,127.983,126.578,128.72,124.444,42113.0
2013-07-31,127.517,126.63,128.66,126.029,14590.0
2013-08-01,127.743,129.178,129.636,127.051,24852.0
2013-08-02,129.854,132.289,133.89,129.779,29240.0
2013-08-05,132.289,131.891,132.845,130.689,18065.0
2013-08-06,130.711,131.688,131.891,129.787,26562.0
2013-08-07,131.365,132.552,134.266,130.561,28377.0
2013-08-08,132.582,131.636,133.289,131.064,16076.0
2013-08-09,131.853,129.884,132.334,128.464,22889.0
2013-08-12,129.862,134.003,134.093,129.644,39390.0
2013-08-13,133.777,135.235,135.649,132.643,25435.0
2013-08-14,135.19,134.288,137.031,134.07,21721.0
2013-08-15,134.416,133.364,136.175,133.311,15365.0
2013-08-16,133.417,131.064,136.024,130.801,34973.0
2013-08-19,131.816,131.643,132.199,130.012,19357.0
2013-08-20,130.876,130.471,131.515,129.787,31250.0
2013-08-21,131.523,131.282,131.628,129.561,23103.0
2013-08-22,131.215,131.575,132.778,130.779,15501.0
2013-08-23,132.244,130.005,132.252,128.885,19529.0
2013-08-26,130.095,130.719,131.515,129.261,16885.0
2013-08-27,130.591,130.125,130.591,129.261,24436.0
2013-08-28,129.388,127.683,129.388,127.435,30603.0
2013-08-29,127.758,126.615,128.013,126.337,21804.0
2013-08-30,126.615,126.841,127.006,125.916,25861.0
2013-09-02,120.844,114.17,120.844,114.155,224970.0
2013-09-03,113.479,113.975,114.832,111.976,123211.0
2013-09-04,114.23,114.306,115.395,113.93,76789.0
2013-09-05,114.125,112.93,114.832,112.201,71283.0
2013-09-06,112.803,112.938,113.404,112.555,37783.0
2013-09-09,113.479,113.441,113.87,112.637,69270.0
2013-09-10,113.329,113.945,114.14,112.788,54093.0
2013-09-11,114.043,114.659,114.817,112.727,69012.0
2013-09-12,114.704,114.028,115.132,113.637,47723.0
2013-09-13,113.997,114.245,116.094,113.967,68254.0
2013-09-16,114.696,112.464,114.696,112.419,58877.0
2013-09-17,111.976,106.189,112.126,105.596,109057.0
2013-09-18,105.964,106.64,107.001,104.836,67317.0
2013-09-23,106.708,105.821,106.715,105.25,65409.0
2013-09-24,105.964,102.807,106.911,102.732,98819.0
2013-09-25,102.62,101.575,103.333,99.967,69789.0
2013-09-26,100.703,101.77,102.372,100.703,47227.0
2013-09-27,101.823,100.748,102.326,100.545,34639.0
2013-09-30,100.651,102.161,102.439,100.342,50460.0
2013-10-08,102.026,102.71,103.258,100.846,56867.0
2013-10-09,102.657,102.95,103.258,102.056,40815.0
2013-10-10,102.958,102.988,103.243,102.394,29045.0
2013-10-11,101.68,103.348,103.581,101.68,36455.0
2013-10-14,103.672,104.949,105.009,103.198,55274.0
2013-10-15,105.017,108.406,108.82,104.521,69277.0
2013-10-16,109.947,108.399,110.999,106.79,94813.0
2013-10-17,108.662,108.361,109.571,107.843,48621.0
2013-10-18,108.587,107.452,108.902,106.715,35574.0
2013-10-21,107.85,109.037,109.195,106.866,47022.0
2013-10-22,108.82,107.782,108.82,107.279,24581.0
2013-10-23,107.662,107.985,108.729,106.873,26215.0
2013-10-24,107.692,108.0,108.196,107.241,26255.0
2013-10-25,107.474,102.755,107.474,101.906,58584.0
2013-10-28,102.041,100.681,102.785,100.147,32141.0
2013-10-29,100.816,99.801,101.199,98.824,35182.0
2013-10-30,99.937,99.644,100.177,99.17,25343.0
2013-10-31,99.689,101.537,102.589,99.576,34893.0
2013-11-01,100.951,101.59,102.086,100.553,22154.0
2013-11-04,101.793,102.462,102.935,101.658,19436.0
2013-11-05,102.056,103.792,104.002,101.229,27843.0
2013-11-06,103.92,104.949,105.971,103.333,44449.0
2013-11-07,104.731,104.438,105.122,102.732,21358.0
2013-11-08,104.16,102.311,105.205,102.214,21537.0
2013-11-11,103.709,104.874,106.475,102.341,52328.0
2013-11-12,104.776,108.85,109.233,104.498,69478.0
2013-11-13,108.286,108.759,110.06,107.542,31881.0
2013-11-14,108.97,108.271,108.97,106.482,24042.0
2013-11-15,108.023,107.797,108.684,106.79,33597.0
2013-11-18,108.218,107.835,108.865,107.316,41571.0
2013-11-19,107.843,107.332,108.369,106.189,41166.0
2013-11-20,107.271,106.76,107.407,106.264,25517.0
2013-11-21,106.475,104.205,106.933,104.123,32991.0
2013-11-22,104.205,104.062,104.724,103.694,28110.0
2013-11-25,103.544,105.911,106.61,103.348,26181.0
2013-11-26,105.956,105.197,106.595,105.047,16406.0
2013-11-27,105.205,105.175,106.107,104.16,15679.0
2013-11-28,105.197,106.588,107.204,105.197,22240.0
2013-11-29,105.964,106.294,106.452,105.152,20423.0
2013-12-02,105.22,102.792,105.415,102.582,42892.0
2013-12-03,102.62,103.394,103.649,101.71,32882.0
2013-12-04,103.303,104.07,104.476,102.635,33510.0
2013-12-05,104.04,102.95,104.04,102.92,19326.0
2013-12-06,102.785,104.273,104.536,102.206,29150.0
2013-12-09,104.16,103.664,104.235,102.206,25371.0
2013-12-10,103.341,102.92,103.634,102.356,25392.0
2013-12-11,102.852,102.499,103.409,102.334,19868.0
2013-12-12,102.454,102.507,103.213,102.356,18306.0
2013-12-13,102.379,102.507,103.251,102.372,19267.0
2013-12-16,102.214,99.929,102.522,99.854,32869.0
2013-12-17,99.914,100.109,101.252,99.501,15641.0
2013-12-18,99.944,99.568,100.327,99.433,20105.0
2013-12-19,100.17,98.561,100.252,98.524,17813.0
2013-12-20,98.636,95.18,99.012,94.691,38556.0
2013-12-23,95.014,95.074,95.924,94.781,19222.0
2013-12-24,95.443,95.149,95.969,94.977,27897.0
2013-12-25,95.443,94.886,95.721,94.608,18439.0
2013-12-26,94.691,93.744,94.864,93.293,34156.0
2013-12-27,94.09,94.841,95.615,93.744,25455.0
2013-12-30,95.029,93.534,95.428,93.18,32166.0
2013-12-31,93.188,96.48,97.179,92.061,57546.0
2014-01-02,96.187,94.676,96.187,94.39,21976.0
2014-01-03,94.127,93.173,94.541,92.609,23341.0
2014-01-06,92.346,90.731,93.864,90.708,30229.0
2014-01-07,90.265,90.603,91.196,89.581,18039.0
2014-01-08,90.55,89.731,91.069,88.686,31989.0
2014-01-09,89.43,89.686,91.535,89.13,47886.0
2014-01-10,89.438,89.633,90.505,88.716,21126.0
2014-01-13,89.656,90.099,91.925,89.491,37646.0
2014-01-14,90.332,91.166,91.527,89.355,23474.0
2014-01-15,90.565,89.25,91.046,88.716,19720.0
2014-01-16,89.318,91.677,92.023,89.235,39119.0
2014-01-17,91.535,90.407,92.173,90.272,32363.0
2014-01-20,91.61,95.285,95.668,90.948,60090.0
2014-01-21,94.691,95.435,96.728,94.203,35404.0
2014-01-22,95.428,100.831,101.312,94.916,73667.0
2014-01-23,100.838,100.771,101.755,99.02,40258.0
2014-01-24,100.327,101.83,101.973,99.583,35780.0
2014-01-27,101.372,105.776,108.053,101.199,83510.0
2014-01-28,105.596,104.626,106.715,103.333,36401.0
2014-01-29,105.047,102.965,106.009,102.574,31520.0
2014-01-30,102.582,99.35,102.92,98.449,37223.0
2014-02-07,99.245,100.62,101.169,98.494,23865.0
2014-02-10,100.703,99.846,101.004,98.343,36251.0
2014-02-11,99.801,100.733,101.891,99.275,43006.0
2014-02-12,100.853,100.816,101.432,100.185,19283.0
2014-02-13,100.726,101.958,104.002,100.711,38567.0
2014-02-14,101.748,107.392,107.467,101.748,67410.0
2014-02-17,108.293,112.712,113.471,108.293,87465.0
2014-02-18,112.307,110.48,112.307,109.812,33640.0
2014-02-19,110.51,112.374,114.215,110.51,31482.0
2014-02-20,112.352,111.968,113.915,111.224,23188.0
2014-02-21,111.224,112.036,112.84,111.059,34125.0
2014-02-24,112.051,110.939,113.539,109.428,31178.0
2014-02-25,111.224,106.993,111.525,105.964,46279.0
2014-02-26,105.633,106.738,108.955,104.498,26513.0
2014-02-27,106.828,108.932,109.564,105.227,25646.0
2014-02-28,108.97,112.742,113.329,108.932,41926.0
2014-03-03,112.727,116.432,116.477,111.472,48816.0
2014-03-04,114.321,115.283,119.709,114.23,50866.0
2014-03-05,115.756,120.122,120.235,114.23,47211.0
2014-03-06,120.4,121.746,121.971,117.988,42741.0
2014-03-07,121.746,124.368,125.653,120.273,58110.0
2014-03-10,123.85,117.943,124.601,115.756,49985.0
2014-03-11,117.236,121.881,122.948,116.56,38561.0
2014-03-12,121.054,119.138,122.948,117.071,36763.0
2014-03-13,118.439,123.902,124.075,118.071,42637.0
2014-03-14,123.294,123.151,124.752,121.595,24933.0
2014-03-17,124.0,125.105,125.248,121.753,32198.0
2014-03-18,126.48,128.75,132.417,126.48,59473.0
2014-03-19,127.683,131.042,131.515,127.006,35365.0
2014-03-20,130.989,127.141,131.14,127.006,33895.0
2014-03-21,126.585,128.81,129.246,124.376,40318.0
2014-03-24,128.509,128.727,132.064,127.683,26320.0
2014-03-25,126.555,125.36,126.555,116.928,62403.0
2014-03-26,124.075,119.108,124.834,119.01,57376.0
2014-03-27,118.484,118.484,120.844,117.537,38044.0
2014-03-28,118.604,114.711,119.484,113.486,48272.0
2014-03-31,114.238,116.26,118.274,114.23,30583.0
2014-04-01,116.267,122.114,122.159,116.034,34046.0
2014-04-02,122.302,124.481,127.502,121.017,46698.0
2014-04-03,125.924,124.233,126.022,122.873,26918.0
2014-04-04,123.737,123.294,124.226,120.994,23206.0
2014-04-08,123.188,123.654,124.316,121.002,25927.0
2014-04-09,124.015,122.76,125.225,121.843,21618.0
2014-04-10,122.7,127.389,128.524,119.867,54177.0
2014-04-11,129.261,132.327,134.972,129.261,90225.0
2014-04-14,131.29,131.034,133.251,130.012,26824.0
2014-04-15,130.163,131.132,132.169,130.163,25880.0
2014-04-16,130.538,128.524,131.185,127.9,22040.0
2014-04-17,128.359,131.666,132.267,127.916,29744.0
2014-04-18,131.515,131.748,133.597,130.238,19601.0
2014-04-21,130.771,129.298,132.252,129.261,18333.0
2014-04-22,129.261,129.358,131.613,128.9,22344.0
2014-04-23,129.321,132.312,132.635,129.283,32482.0
2014-04-24,132.38,132.086,132.8,130.538,12581.0
2014-04-25,126.24,123.767,126.255,121.588,95877.0
2014-04-28,121.806,122.339,123.669,120.1,33028.0
2014-04-29,122.347,122.94,124.361,122.099,27996.0
2014-04-30,123.211,123.158,123.467,122.144,19220.0
2014-05-05,122.873,120.43,122.873,118.048,36743.0
2014-05-06,120.243,120.836,122.272,120.243,13622.0
2014-05-07,121.452,120.739,121.452,119.942,11960.0
2014-05-08,120.844,120.746,122.114,120.558,14697.0
2014-05-09,120.739,120.708,121.971,120.468,16721.0
2014-05-12,121.964,120.926,121.971,119.867,26194.0
2014-05-13,120.821,120.799,121.452,119.912,15939.0
2014-05-14,120.235,116.688,120.941,115.741,34016.0
2014-05-15,116.47,117.349,118.048,116.109,16983.0
2014-05-16,117.349,116.605,118.063,116.237,18467.0
2014-05-19,114.606,111.209,114.982,111.179,56250.0
2014-05-20,111.3,108.955,112.307,107.918,46885.0
2014-05-21,108.293,113.479,113.975,108.181,38737.0
2014-05-22,113.404,112.765,115.433,112.464,18678.0
2014-05-23,112.727,114.456,114.817,112.712,14009.0
2014-05-26,116.41,115.41,116.41,114.869,8910.0
2014-05-27,114.982,115.132,117.049,114.877,13035.0
2014-05-28,114.899,115.688,116.485,114.832,12501.0
2014-05-29,115.531,115.951,117.184,115.328,10106.0
2014-05-30,115.921,115.147,116.695,114.997,9217.0
2014-06-03,114.982,114.809,116.109,114.418,13048.0
2014-06-04,114.974,113.592,115.268,112.742,10494.0
2014-06-05,113.569,116.312,116.485,112.224,20678.0
2014-06-06,116.244,115.425,116.973,114.448,9477.0
2014-06-09,114.456,115.155,116.034,114.456,10034.0
2014-06-10,115.17,116.335,116.703,115.17,19305.0
2014-06-11,116.297,115.688,116.771,115.14,10781.0
2014-06-12,115.786,114.704,115.786,114.321,11499.0
2014-06-13,114.749,114.839,115.606,113.599,16970.0
2014-06-16,114.907,116.049,116.32,114.531,16237.0
2014-06-17,115.959,115.125,115.959,114.381,16364.0
2014-06-18,115.583,115.418,116.072,115.283,14024.0
2014-06-19,115.403,114.779,115.884,114.606,11551.0
2014-06-20,114.756,115.117,115.433,114.471,12019.0
2014-06-23,115.358,117.469,117.522,115.252,28983.0
2014-06-24,117.702,122.925,123.098,117.65,38532.0
2014-06-25,123.438,120.805,123.438,120.185,38171.0
2014-06-26,120.805,120.304,121.442,120.108,36348.0
2014-06-27,120.117,119.234,120.117,118.248,26477.0
2014-06-30,119.913,120.592,121.365,119.25,24399.0
2014-07-01,121.111,120.414,121.111,119.59,11946.0
2014-07-02,120.635,120.677,120.907,119.76,12068.0
2014-07-03,120.788,121.68,121.799,120.1,19331.0
2014-07-04,121.799,121.731,122.461,121.221,15402.0
2014-07-07,121.289,122.444,122.546,120.788,22879.0
2014-07-08,122.393,120.762,122.453,119.777,21091.0
2014-07-09,120.609,119.964,121.348,119.777,14328.0
2014-07-10,119.862,119.794,120.465,119.42,12159.0
2014-07-11,120.159,120.499,121.535,119.862,18432.0
2014-07-14,120.499,127.209,128.16,120.185,46534.0
2014-07-15,126.648,130.64,134.199,126.648,58787.0
2014-07-16,130.674,131.286,133.163,130.674,24459.0
2014-07-17,130.878,130.589,132.118,129.103,20191.0
2014-07-18,130.454,136.73,140.145,129.698,74896.0
2014-07-21,136.229,136.73,138.344,134.7,30143.0
2014-07-22,135.558,138.616,139.295,135.558,29820.0
2014-07-23,137.597,139.202,140.145,137.257,27836.0
2014-07-24,139.092,138.896,143.627,137.852,35682.0
2014-07-25,139.295,139.194,141.037,136.798,27833.0
2014-07-28,139.491,139.508,142.684,138.378,42968.0
2014-07-29,139.55,136.798,139.55,136.119,36017.0
2014-07-30,136.527,134.632,136.527,132.925,54876.0
2014-07-31,134.446,136.127,136.221,133.316,25206.0
2014-08-01,136.042,138.429,139.55,135.575,43259.0
2014-08-04,138.446,139.635,140.671,137.843,38848.0
2014-08-05,139.295,141.207,141.555,137.316,38357.0
2014-08-06,139.975,138.718,140.807,137.597,20317.0
2014-08-07,138.531,136.408,139.627,136.323,25396.0
2014-08-08,137.563,137.716,138.726,135.728,23819.0
2014-08-11,138.004,138.506,138.616,137.181,20070.0
2014-08-12,137.435,137.631,138.234,136.025,19604.0
2014-08-13,137.631,138.013,139.958,136.577,34454.0
2014-08-14,137.614,137.138,138.82,136.985,22958.0
2014-08-15,137.767,137.206,138.013,136.858,21802.0
2014-08-18,137.597,135.686,137.852,135.134,41698.0
2014-08-19,135.686,134.777,135.686,134.581,32095.0
2014-08-20,134.828,137.597,137.648,134.624,37084.0
2014-08-21,137.597,135.873,137.869,135.049,18872.0
2014-08-22,135.898,135.278,136.229,134.836,18636.0
2014-08-25,135.278,134.836,136.025,134.454,15376.0
2014-08-26,134.624,133.961,135.405,133.316,16589.0
2014-08-27,133.961,132.815,134.012,132.653,13828.0
2014-08-28,132.501,132.518,134.505,132.501,17618.0
2014-08-29,132.501,134.395,134.7,131.651,23838.0
2014-09-01,134.369,134.581,135.473,133.953,16450.0
2014-09-02,134.887,138.072,138.14,134.225,41246.0
2014-09-03,138.089,139.992,142.2,138.072,42042.0
2014-09-04,139.89,140.196,140.943,139.024,23975.0
2014-09-05,140.739,142.277,142.829,140.323,34731.0
2014-09-09,142.396,139.363,142.667,139.295,20562.0
2014-09-10,139.041,139.219,140.145,138.455,17867.0
2014-09-11,139.185,137.58,139.992,137.155,31875.0
2014-09-12,137.164,137.979,138.149,136.17,17356.0
2014-09-15,137.512,135.397,137.52,134.879,32543.0
2014-09-16,136.323,133.741,136.408,133.367,34823.0
2014-09-17,134.598,134.395,135.507,133.639,25841.0
2014-09-18,134.216,135.261,135.371,133.418,26482.0
2014-09-19,135.261,136.62,136.73,134.624,22665.0
2014-09-22,136.501,133.299,136.501,133.214,37191.0
2014-09-23,133.095,133.758,133.775,132.806,34546.0
2014-09-24,132.917,136.059,136.323,132.161,43448.0
2014-09-25,136.679,137.758,139.278,136.662,56851.0
2014-09-26,137.172,137.86,138.548,135.219,22716.0
2014-09-29,137.877,137.996,138.616,137.079,23488.0
2014-09-30,138.225,137.707,138.438,136.917,21574.0
2014-10-08,136.747,136.518,136.832,134.029,45652.0
2014-10-09,135.788,135.906,136.11,134.692,36244.0
2014-10-10,135.066,135.066,135.728,133.944,43147.0
2014-10-13,134.038,132.585,134.097,130.53,53176.0
2014-10-14,131.651,131.575,133.341,131.176,28895.0
2014-10-15,131.439,133.622,133.843,131.405,22238.0
2014-10-16,132.585,133.622,134.361,132.585,23949.0
2014-10-17,134.199,134.522,135.091,133.265,30976.0
2014-10-20,134.522,133.282,134.624,132.84,32910.0
2014-10-21,133.35,134.59,135.337,133.01,39911.0
2014-10-22,134.573,135.117,135.439,133.775,22836.0
2014-10-23,134.683,135.091,136.136,134.106,31917.0
2014-10-24,135.006,134.947,135.805,133.936,19980.0
2014-10-27,133.324,133.775,135.134,131.558,27970.0
2014-10-28,133.622,134.828,135.134,133.503,20548.0
2014-10-29,134.879,134.454,135.524,133.758,21423.0
2014-10-30,134.199,132.008,134.199,131.736,49087.0
2014-10-31,132.05,133.078,133.265,131.099,36421.0
2014-11-03,133.138,132.144,133.248,132.033,24670.0
2014-11-04,132.067,128.585,132.067,128.254,55943.0
2014-11-05,128.296,124.134,128.296,123.582,76719.0
2014-11-06,124.134,124.984,125.272,124.015,36362.0
2014-11-07,125.001,125.74,125.96,124.95,41507.0
2014-11-10,127.404,130.606,130.615,126.555,62325.0
2014-11-11,131.057,130.25,131.821,129.112,47706.0
2014-11-12,129.935,129.859,130.454,127.574,30823.0
2014-11-13,129.715,128.746,129.723,127.133,49155.0
2014-11-14,128.729,133.596,133.885,128.177,75225.0
2014-11-17,142.693,135.94,142.693,135.898,150416.0
2014-11-18,136.747,132.203,137.444,131.651,63497.0
2014-11-19,132.135,130.012,132.203,129.621,46290.0
2014-11-20,129.851,127.982,129.885,127.821,46258.0
2014-11-21,127.88,130.063,130.122,127.574,41990.0
2014-11-24,130.7,130.759,131.651,129.103,53878.0
2014-11-25,130.309,131.345,131.524,129.783,53231.0
2014-11-26,131.311,132.458,132.806,130.708,63858.0
2014-11-27,131.651,133.078,133.537,130.802,96551.0
2014-11-28,132.985,132.365,132.985,130.097,88288.0
2014-12-01,132.985,135.949,136.747,132.501,121740.0
2014-12-02,135.091,136.866,136.917,134.412,99268.0
2014-12-03,137.97,140.0,142.948,137.902,117322.0
2014-12-04,141.419,147.899,148.214,141.419,117781.0
2014-12-05,151.178,145.173,152.002,143.203,112901.0
2014-12-08,143.406,146.914,149.904,142.013,100894.0
2014-12-09,146.09,146.821,158.508,145.666,151890.0
2014-12-10,148.638,152.817,155.858,148.638,106656.0
2014-12-11,152.885,149.394,154.533,148.885,54882.0
2014-12-12,150.15,149.989,153.726,149.488,51055.0
2014-12-15,149.997,156.317,156.368,149.004,70964.0
2014-12-16,156.028,153.42,156.028,151.28,51129.0
2014-12-17,152.877,152.095,154.117,151.017,60020.0
2014-12-18,152.622,152.325,154.754,152.036,38567.0
2014-12-19,152.087,153.582,154.567,151.187,49631.0
2014-12-22,152.588,156.368,156.529,149.386,73623.0
2014-12-23,156.096,160.411,164.343,154.592,85650.0
2014-12-24,159.68,155.484,162.908,153.463,63554.0
2014-12-25,155.561,157.837,157.981,153.743,44071.0
2014-12-26,157.208,159.315,160.529,155.433,42677.0
2014-12-29,159.765,155.841,161.379,154.584,89838.0
2014-12-30,155.433,158.695,159.663,154.992,56171.0
2014-12-31,157.642,161.056,161.379,157.132,46269.0
2015-01-05,161.056,172.013,173.474,160.266,94515.0
2015-01-06,169.872,168.029,172.047,166.492,55020.0
2015-01-07,166.509,163.876,169.448,161.37,54797.0
2015-01-08,164.776,162.874,165.218,161.498,40525.0
2015-01-09,161.719,161.642,166.28,161.472,53982.0
2015-01-12,161.379,158.347,163.579,156.673,49914.0
2015-01-13,158.831,157.03,160.139,156.792,36708.0
2015-01-14,157.132,155.586,158.406,153.633,52403.0
2015-01-15,156.189,158.041,158.321,154.992,48585.0
2015-01-16,158.151,158.075,159.68,157.964,39978.0
2015-01-19,153.735,149.046,155.603,145.64,64679.0
2015-01-20,149.505,151.254,153.31,146.94,61022.0
2015-01-21,151.416,154.89,155.348,150.507,52674.0
2015-01-22,154.898,153.93,156.588,152.885,38254.0
2015-01-23,152.987,153.752,155.671,152.979,33084.0
2015-01-26,154.329,155.263,155.858,153.777,35649.0
2015-01-27,155.28,152.979,155.28,151.187,41883.0
2015-01-28,152.036,150.736,153.225,150.592,30680.0
2015-01-29,149.658,149.615,151.187,148.638,32492.0
2015-01-30,150.329,150.49,153.735,149.912,47508.0
2015-02-02,149.072,148.486,149.828,147.364,33983.0
2015-02-03,150.745,151.501,151.739,149.658,27792.0
2015-02-04,152.163,150.549,154.652,150.337,35293.0
2015-02-05,152.01,147.832,153.65,147.789,41239.0
2015-02-06,148.333,148.299,149.912,147.449,37102.0
2015-02-09,149.292,156.537,157.217,148.638,87293.0
2015-02-10,156.962,155.331,157.302,154.117,53638.0
2015-02-11,154.924,155.561,156.495,154.652,22894.0
2015-02-12,156.274,155.917,156.699,154.592,25050.0
2015-02-13,156.376,155.0,156.707,154.074,40127.0
2015-02-16,155.043,155.697,155.968,153.921,39521.0
2015-02-17,155.9,154.771,156.189,154.508,34172.0
2015-02-25,155.433,156.249,157.727,153.828,59935.0
2015-02-26,156.113,158.525,160.011,155.9,62297.0
2015-02-27,158.746,162.271,165.201,158.661,63370.0
2015-03-02,162.058,161.999,164.606,160.529,31098.0
2015-03-03,160.784,157.939,163.078,157.268,42999.0
2015-03-04,158.822,158.992,159.689,156.792,40662.0
2015-03-05,157.141,157.574,158.856,156.325,36206.0
2015-03-06,157.429,155.96,158.389,155.663,25470.0
2015-03-09,157.812,162.704,163.918,156.113,43486.0
2015-03-10,162.177,159.536,162.653,159.069,29637.0
2015-03-11,159.536,163.061,163.927,159.51,40583.0
2015-03-12,163.927,163.715,166.467,162.568,38496.0
2015-03-13,163.672,161.302,164.691,160.173,25479.0
2015-03-16,161.43,164.572,165.201,158.839,31160.0
2015-03-17,165.617,167.129,168.76,165.532,45904.0
2015-03-18,167.155,169.405,169.864,166.067,39304.0
2015-03-19,168.632,165.863,169.015,164.827,33539.0
2015-03-20,164.946,164.054,165.617,162.126,51373.0
2015-03-23,165.345,165.694,167.112,164.097,40979.0
2015-03-24,165.88,166.212,167.698,163.163,60079.0
2015-03-25,163.927,163.74,165.711,163.129,42240.0
2015-03-26,164.394,168.649,169.788,163.078,67105.0
2015-03-27,168.174,165.243,168.649,163.884,40144.59
2015-03-30,165.354,167.129,168.981,164.012,63451.0
2015-03-31,167.053,166.441,170.526,164.793,88130.0
2015-04-01,166.501,165.914,167.8,165.184,76875.0
2015-04-02,166.441,165.269,167.834,163.825,62981.0
2015-04-03,164.776,167.163,167.333,163.74,51210.0
2015-04-07,167.197,170.442,170.79,166.305,59824.0
2015-04-08,171.996,173.695,178.944,171.223,135857.0
2015-04-09,173.678,169.872,174.867,169.066,62399.0
2015-04-10,169.864,170.059,172.412,169.541,102019.0
2015-04-13,171.189,173.185,173.686,168.972,91356.0
2015-04-14,173.27,174.969,177.755,173.236,81903.0
2015-04-15,177.602,174.714,178.179,173.406,55005.0
2015-04-16,177.135,192.185,192.185,176.523,86014.0
2015-04-17,202.913,197.528,211.236,193.892,192094.0
2015-04-20,195.353,198.776,208.688,194.504,130588.0
2015-04-21,203.847,218.651,218.651,203.847,122401.0
2015-04-22,228.309,224.138,228.478,218.38,134635.0
2015-04-23,224.232,217.471,224.376,214.872,86030.0
2015-04-24,213.937,219.552,220.562,208.102,100531.0
2015-04-27,218.779,217.258,227.459,214.88,78973.0
2015-04-28,215.738,210.548,219.645,209.835,87291.0
2015-04-29,209.028,212.154,214.889,209.028,59300.0
2015-04-30,213.317,214.235,216.502,210.43,64064.0
2015-05-04,214.6,216.562,219.985,212.358,54739.0
2015-05-05,214.039,204.654,214.039,203.745,73700.0
2015-05-06,207.227,206.123,209.784,203.855,60324.0
2015-05-07,208.094,208.034,213.937,206.021,68102.0
2015-05-08,209.045,215.882,216.485,208.858,57805.0
2015-05-11,213.615,218.66,219.127,212.341,61345.0
2015-05-12,218.456,216.095,218.456,214.039,47031.0
2015-05-13,215.568,217.777,223.357,214.464,58913.0
2015-05-14,217.649,213.538,220.41,213.377,41853.0
2015-05-15,213.538,208.238,215.305,205.214,54185.0
2015-05-18,208.094,204.815,208.094,203.932,35363.0
2015-05-19,204.739,212.375,212.527,204.017,47637.0
2015-05-20,214.039,215.696,220.834,211.746,63771.0
2015-05-21,217.437,219.637,221.938,215.747,47669.0
2015-05-22,220.562,234.305,235.103,220.486,66649.0
2015-05-25,229.328,243.623,245.033,228.478,67473.0
2015-05-26,243.427,242.527,246.315,241.185,60914.0
2015-05-27,242.51,235.188,245.738,231.876,46934.0
2015-05-28,233.787,221.777,238.671,220.919,60884.0
2015-05-29,220.843,224.087,228.478,220.741,57783.0
2015-06-01,224.181,230.568,231.859,220.664,65816.0
2015-06-02,229.753,226.457,229.753,221.395,64635.0
2015-06-03,225.234,223.204,226.457,220.843,46424.0
2015-06-04,223.365,219.314,225.081,203.847,92362.0
2015-06-05,219.229,215.602,222.618,208.943,85738.0
2015-06-08,213.623,224.775,227.238,212.171,96007.0
2015-06-09,225.081,220.01,229.158,217.861,77851.0
2015-06-10,217.131,221.726,226.678,215.568,80462.0
2015-06-11,220.834,220.885,224.656,218.94,52954.0
2015-06-12,222.635,225.93,231.876,221.684,90909.0
2015-06-15,226.763,221.59,231.027,220.902,100014.0
2015-06-16,219.985,215.696,225.761,214.464,69303.0
2015-06-17,215.704,216.664,218.932,211.491,58388.0
2015-06-18,214.906,207.219,216.418,204.357,61506.0
2015-06-19,208.833,199.863,211.058,198.768,67608.0
2015-06-23,203.677,214.252,217.309,198.861,81247.0
2015-06-24,212.341,221.862,225.251,210.345,95706.0
2015-06-25,222.108,213.861,222.558,212.519,66521.0
2015-06-26,212.358,205.928,217.224,199.855,99332.0
2015-06-29,210.956,209.487,217.861,193.485,165071.0
2015-06-30,209.487,218.838,220.681,208.943,126298.0
2015-07-01,216.587,218.702,228.054,213.173,103326.0
2015-07-02,216.842,221.089,240.03,208.102,118459.0
2015-07-03,216.587,212.179,221.259,205.716,109605.0
2015-07-06,227.587,215.772,227.621,203.422,272799.0
2015-07-07,212.341,207.397,217.929,203.422,167562.0
2015-07-08,194.504,201.18,208.085,186.656,289140.0
2015-07-09,201.18,219.085,221.182,197.901,138203.0
2015-07-10,218.286,225.582,240.37,214.005,256149.0
2015-07-13,219.135,218.923,225.574,213.19,148926.0
2015-07-14,216.587,211.534,216.74,209.962,96768.0
2015-07-15,210.217,213.411,214.634,206.633,104077.0
2015-07-16,213.411,213.691,215.891,210.863,72814.0
2015-07-17,217.736,217.061,218.678,213.686,56418.0
2015-07-20,215.977,214.038,216.691,211.556,67933.0
2015-07-21,210.843,210.757,213.173,209.179,51789.0
2015-07-22,209.179,206.45,211.081,205.927,70855.0
2015-07-23,207.268,208.742,209.75,205.157,64748.0
2015-07-24,209.655,208.428,212.688,207.991,57390.0
2015-07-27,206.327,191.608,210.415,191.114,76944.0
2015-07-28,190.03,195.706,199.139,187.767,86703.0
2015-07-29,197.56,197.522,199.671,192.188,66507.0
2015-07-30,198.559,195.83,198.559,195.012,41134.0
2015-07-31,196.533,196.657,196.752,193.015,40736.0
2015-08-03,194.917,199.253,199.661,193.015,54553.0
2015-08-04,198.967,201.544,203.455,198.967,59533.0
2015-08-05,202.457,196.999,203.332,196.761,43143.0
2015-08-06,196.086,194.879,197.294,193.015,39249.0
2015-08-07,197.284,196.752,198.34,195.487,39521.0
2015-08-10,196.828,201.858,202.523,195.041,56496.0
2015-08-11,201.858,200.384,201.962,199.68,50897.0
2015-08-12,199.661,199.167,203.75,198.482,45824.0
2015-08-13,201.097,199.205,201.097,195.868,35180.0
2015-08-14,200.146,199.652,201.002,198.958,30666.0
2015-08-17,197.788,196.077,198.549,193.966,53858.0
2015-08-18,196.8,191.171,197.294,190.496,51285.0
2015-08-19,189.925,191.703,192.217,188.432,50261.0
2015-08-20,190.952,185.475,191.114,185.314,39645.0
2015-08-21,182.1,177.165,185.276,176.966,75620.0
2015-08-24,172.097,161.296,172.573,159.927,89812.0
2015-08-25,159.223,167.904,173.533,158.025,123080.0
2015-08-26,168.066,174.836,179.228,166.392,91572.0
2015-08-27,180.655,187.377,190.068,175.796,87052.0
2015-08-28,185.409,183.174,185.685,177.926,89925.0
2015-08-31,180.027,185.761,185.884,176.072,62730.0
2015-09-01,182.385,184.81,185.409,178.753,87432.0
2015-09-02,180.759,185.038,185.409,179.894,106945.0
2015-09-07,183.127,179.428,184.458,179.371,32216.0
2015-09-08,179.19,180.008,181.102,175.901,33098.0
2015-09-09,180.788,182.423,184.334,180.788,35215.0
2015-09-10,181.016,183.707,183.792,179.837,26852.0
2015-09-11,182.442,183.422,184.553,181.653,16932.0
2015-09-14,182.965,192.568,192.825,178.658,86175.0
2015-09-15,188.271,192.064,192.083,185.523,51884.0
2015-09-16,190.172,194.489,199.234,188.004,37198.0
2015-09-17,192.635,188.261,195.678,187.89,26423.0
2015-09-18,188.832,189.621,191.009,188.261,15642.0
2015-09-21,188.271,189.497,190.828,188.261,16527.0
2015-09-22,190.895,189.469,191.285,189.193,16457.0
2015-09-23,187.453,185.143,189.203,184.553,22344.0
2015-09-24,186.169,184.458,186.626,183.317,13886.0
2015-09-25,184.448,183.945,185.314,180.179,24455.0
2015-09-28,182.062,181.967,182.842,179.923,12341.0
2015-09-29,180.227,180.816,181.957,179.038,18409.0
2015-09-30,180.873,180.949,182.062,180.816,11634.0
2015-10-08,189.003,187.805,191.665,187.31,34391.0
2015-10-09,189.003,187.263,189.117,186.835,15721.0
2015-10-12,189.212,188.347,194.432,188.119,49030.0
2015-10-13,188.347,188.965,190.248,188.347,15751.0
2015-10-14,189.193,188.1,189.687,187.32,15213.0
2015-10-15,188.413,190.153,190.515,187.843,16550.0
2015-10-16,191.323,190.866,192.445,189.602,19238.0
2015-10-19,194.86,192.749,194.86,191.969,26121.0
2015-10-20,192.083,192.036,192.901,191.285,14784.0
2015-10-21,192.141,190.458,192.587,187.32,22349.0
2015-10-22,190.391,192.568,192.759,189.621,23720.0
2015-10-23,195.678,200.603,206.897,195.44,56277.0
2015-10-26,201.573,207.021,207.563,197.769,43346.0
2015-10-27,206.422,204.663,206.973,202.124,22572.0
2015-10-28,204.416,201.991,204.416,201.478,16559.0
2015-10-29,201.573,202.523,204.225,201.573,13454.0
2015-10-30,202.476,203.341,205.186,201.687,12257.0
2015-11-02,204.045,202.105,205.243,202.048,15298.0
2015-11-03,202.447,199.395,205.148,198.15,23173.0
2015-11-04,200.222,204.406,205.376,199.776,30809.0
2015-11-05,204.045,205.908,212.298,202.999,49982.0
2015-11-06,206.659,207.677,207.848,204.958,21695.0
2015-11-09,211.081,209.968,213.61,208.228,40527.0
2015-11-10,209.179,211.442,213.096,208.38,28729.0
2015-11-11,211.09,209.322,212.032,207.848,23815.0
2015-11-12,209.398,209.189,212.032,208.59,16180.0
2015-11-13,207.373,204.53,208.704,204.263,28397.0
2015-11-16,202.048,203.265,205.851,201.573,23916.0
2015-11-17,204.159,203.817,206.802,202.657,21986.0
2015-11-18,203.084,204.102,205.376,203.084,19725.0
2015-11-19,203.474,204.454,205.376,203.379,15262.0
2015-11-20,204.558,203.208,205.167,202.619,22274.0
2015-11-23,202.523,202.162,203.322,202.058,20994.0
2015-11-24,201.943,201.278,202.79,199.671,20469.0
2015-11-25,201.287,202.504,202.523,200.051,24249.0
2015-11-26,202.989,202.371,203.275,201.411,18804.0
2015-11-27,202.039,197.522,202.086,196.467,16220.0
2015-11-30,197.807,203.769,204.216,197.57,33440.0
2015-12-01,202.523,203.284,203.427,200.622,18877.0
2015-12-02,203.931,210.681,215.835,201.573,47891.0
2015-12-03,208.228,209.369,210.51,206.041,22386.0
2015-12-04,209.141,204.72,209.141,204.435,20848.0
2015-12-07,204.425,203.959,206.308,202.714,19255.0
2015-12-08,203.997,201.516,203.997,201.059,17393.0
2015-12-09,201.173,203.921,204.473,201.097,14119.0
2015-12-10,204.425,202.485,205.566,201.563,13786.0
2015-12-11,202.048,201.012,202.048,200.146,13035.0
2015-12-14,199.852,203.569,204.311,198.72,20701.0
2015-12-15,203.284,203.959,204.035,201.649,15088.0
2015-12-16,203.864,203.389,204.083,202.134,20144.0
2015-12-17,203.845,205.243,206.213,203.474,24253.0
2015-12-18,204.9,206.213,208.371,204.53,28460.0
2015-12-21,207.277,215.863,217.908,207.277,59391.0
2015-12-22,215.645,213.962,215.645,212.298,28402.0
2015-12-23,214.361,212.032,215.54,211.746,22374.0
2015-12-24,212.963,213.724,214.58,212.222,15577.0
2015-12-25,213.933,213.458,214.561,211.917,11542.0
2015-12-28,214.39,208.342,214.884,208.228,25594.0
2015-12-29,207.867,209.017,209.597,207.762,15774.0
2015-12-30,209.35,208.095,209.807,206.821,20147.0
2015-12-31,207.487,207.458,208.704,207.106,19673.0
2016-01-04,207.277,199.671,207.277,199.661,17349.0
2016-01-05,199.671,202.352,203.446,197.303,31908.0
2016-01-06,202.314,201.744,203.151,199.005,23760.0
2016-01-07,198.711,192.283,198.711,190.191,8148.0
2016-01-08,194.128,194.565,197.769,190.163,44510.0
2016-01-11,193.167,190.03,193.766,189.592,29702.0
2016-01-12,191.209,187.111,192.16,186.36,40287.0
2016-01-13,189.307,189.954,195.868,188.832,29201.0
2016-01-14,187.415,194.746,195.849,185.894,34776.0
2016-01-15,194.679,189.212,196.039,188.261,26681.0
2016-01-18,188.261,189.621,192.445,187.501,27371.0
2016-01-19,191.114,199.899,199.985,190.172,59110.0
2016-01-20,196.819,192.369,199.823,191.123,40968.0
2016-01-21,191.361,190.41,194.527,190.068,21832.0
2016-01-22,193.12,192.768,193.396,189.031,22733.0
2016-01-25,193.015,192.797,193.481,191.589,13750.0
2016-01-26,191.104,189.222,194.413,188.737,22280.0
2016-01-27,190.144,190.096,191.009,186.074,29840.0
2016-01-28,189.925,186.968,189.925,185.998,17903.0
2016-01-29,187.767,190.781,192.54,187.31,23090.0
2016-02-01,192.16,191.389,192.825,190.058,19178.0
2016-02-02,192.064,194.489,194.727,190.771,17842.0
2016-02-03,192.616,193.643,194.499,191.589,15156.0
2016-02-04,194.727,194.907,195.754,193.529,16624.0
2016-02-05,194.907,193.842,195.088,192.568,14227.0
2016-02-15,190.163,190.553,193.015,189.783,19470.0
2016-02-16,190.695,193.89,197.769,190.695,19223.0
2016-02-17,193.719,192.35,194.841,190.648,20349.0
2016-02-18,193.205,191.789,193.586,191.209,18892.0
2016-02-19,191.703,193.12,193.186,191.237,14238.0
2016-02-22,195.868,197.579,198.074,195.868,27759.0
2016-02-23,197.551,201.962,204.406,196.838,37460.0
2016-02-24,201.763,207.03,207.306,200.631,33129.0
2016-02-25,208.038,201.962,209.636,201.696,39480.0
2016-02-26,202.619,206.175,208.466,200.869,28332.0
2016-02-29,208.219,204.339,210.016,196.628,47712.0
2016-03-01,205.338,207.677,209.464,200.051,34004.0
2016-03-02,208.228,213.192,214.409,207.915,47942.0
2016-03-03,213.933,216.605,220.57,210.757,40193.0
2016-03-04,215.721,227.035,228.348,213.943,85838.0
2016-03-07,226.398,222.148,228.195,219.686,39345.0
2016-03-08,221.825,217.936,221.825,215.835,26147.0
2016-03-09,215.835,216.253,221.207,214.979,16402.0
2016-03-10,217.727,216.843,222.205,216.786,25727.0
2016-03-11,215.397,216.833,220.475,214.409,16320.0
2016-03-14,219.41,213.524,222.015,211.271,45277.0
2016-03-15,213.743,220.513,222.861,213.306,36356.0
2016-03-16,218.896,217.366,221.064,213.933,24250.0
2016-03-17,218.687,218.269,222.586,217.071,28820.0
2016-03-18,220.589,214.884,220.836,214.675,70568.0
2016-03-21,215.512,220.57,220.608,215.502,38547.0
2016-03-22,220.836,222.956,226.465,220.113,41766.0
2016-03-23,223.632,223.413,225.343,221.235,21412.0
2016-03-24,223.441,230.725,233.33,219.923,62068.0
2016-03-25,230.572,232.93,237.504,229.165,44756.0
2016-03-28,232.93,237.304,240.917,232.93,48337.0
2016-03-29,237.323,235.907,238.654,232.417,36688.0
2016-03-30,236.753,236.429,238.084,233.406,27782.0
2016-03-31,237.551,235.46,237.989,234.842,19457.0
2016-04-01,236.705,233.035,238.169,232.512,25146.0
2016-04-05,231.048,233.444,235.327,231.048,25047.0
2016-04-06,233.71,244.559,244.93,233.71,48424.0
2016-04-07,244.255,241.611,244.816,240.195,25536.0
2016-04-08,239.605,237.57,243.304,235.992,23156.0
2016-04-11,238.179,231.732,242.629,231.523,119284.0
2016-04-12,231.713,232.873,232.949,230.192,23339.0
2016-04-13,233.33,230.325,236.401,229.812,54274.0
2016-04-14,230.458,230.82,232.788,229.146,28664.0
2016-04-15,230.706,232.854,232.93,229.336,19029.0
2016-04-18,230.858,231.694,233.9,230.572,18593.0
2016-04-19,232.56,231.219,233.13,229.574,14236.0
2016-04-20,231.229,226.712,232.379,224.202,33708.0
2016-04-21,228.671,228.547,230.382,226.579,29672.0
2016-04-22,229.146,235.231,235.688,228.547,35459.0
2016-04-25,234.965,232.493,235.897,231.333,24990.0
2016-04-26,232.902,231.866,234.737,231.048,15156.0
2016-04-27,232.474,232.835,233.406,231.514,13915.0
2016-04-28,233.739,234.319,234.604,231.999,17156.0
2016-04-29,235.222,238.845,240.014,235.222,46079.0
2016-05-03,238.226,247.212,249.38,238.226,56474.0
2016-05-04,247.212,243.608,249.484,243.399,28636.0
2016-05-05,243.884,245.091,245.453,242.933,13517.0
2016-05-06,244.654,239.814,245.804,238.768,27173.0
2016-05-09,237.827,238.483,240.366,236.762,27799.0
2016-05-10,237.228,239.681,241.507,236.857,33505.0
2016-05-11,239.938,244.236,247.668,239.938,49277.0
2016-05-12,241.526,243.37,243.941,239.605,18894.0
2016-05-13,243.389,238.616,246.166,238.179,28145.0
2016-05-16,238.521,239.253,239.415,235.136,22202.0
2016-05-17,238.664,237.732,239.986,237.542,11785.0
2016-05-18,236.829,232.417,239.463,231.143,28380.0
2016-05-19,233.102,233.682,236.277,232.474,20889.0
2016-05-20,234.699,238.902,239.776,232.303,25501.0
2016-05-23,237.437,241.697,242.448,237.437,18706.0
2016-05-24,241.897,239.548,242.657,237.799,11674.0
2016-05-25,241.963,239.472,242.401,238.664,17785.0
2016-05-26,239.596,240.28,241.317,236.943,18120.0
2016-05-27,240.29,240.024,242.163,239.016,13230.0
2016-05-30,239.13,243.532,243.884,237.704,29806.0
2016-05-31,243.408,251.462,253.506,242.648,53949.0
2016-06-01,252.346,250.815,252.441,250.064,21876.0
2016-06-02,250.074,254.571,255.465,250.074,24760.0
2016-06-03,253.867,269.927,272.636,253.297,64798.0
2016-06-06,268.13,262.472,269.08,261.474,37261.0
2016-06-07,262.9,264.184,264.792,261.483,18753.0
2016-06-08,262.805,260.789,264.193,260.048,23882.0
2016-06-13,259.905,253.924,263.052,253.154,37775.0
2016-06-14,254.542,259.335,260.333,254.542,25587.0
2016-06-15,257.395,262.891,264.136,256.919,27322.0
2016-06-16,261.341,260.542,264.136,260.314,19643.0
2016-06-17,260.143,264.574,268.595,260.143,24705.0
2016-06-20,266.009,262.529,266.095,260.523,19019.0
2016-06-21,263.414,260.342,264.269,259.572,16749.0
2016-06-22,260.304,264.745,265.619,259.354,20884.0
2016-06-23,266.199,262.843,266.199,261.36,13984.0
2016-06-24,261.74,260.304,263.376,254.058,20129.0
2016-06-27,261.474,273.53,277.923,261.474,63642.0
2016-06-28,272.903,274.034,275.413,272.237,24282.0
2016-06-29,273.407,274.006,275.213,270.221,28147.0
2016-06-30,275.755,277.562,283.533,275.755,38022.0
2016-07-01,278.96,277.959,283.506,275.852,26014.0
2016-07-04,278.766,285.468,286.925,277.794,29488.0
2016-07-05,286.565,291.956,294.404,286.565,41707.0
2016-07-06,291.198,308.089,308.876,290.431,47347.0
2016-07-07,306.739,307.817,317.424,303.126,50725.0
2016-07-08,304.534,301.018,306.448,297.376,45545.0
2016-07-11,300.164,306.098,314.704,300.164,57481.0
2016-07-12,306.7,315.413,317.229,305.962,53119.0
2016-07-13,313.762,308.089,315.413,306.011,53448.0
2016-07-14,307.021,307.992,311.596,306.157,29230.0
2016-07-15,308.021,308.41,308.905,306.021,26811.0
2016-07-18,308.391,307.138,310.333,306.603,23352.0
2016-07-19,306.448,299.27,307.225,296.783,41431.0
2016-07-20,299.765,299.707,301.951,298.677,17733.0
2016-07-21,301.251,305.36,308.488,300.134,33009.0
2016-07-22,303.923,299.085,306.157,298.561,28871.0
2016-07-25,298.775,302.33,305.175,298.192,23623.0
2016-07-26,300.144,309.886,310.333,299.649,35555.0
2016-07-27,310.673,305.001,311.402,299.454,39228.0
2016-07-28,303.048,306.982,310.139,302.563,39643.0
2016-07-29,306.04,304.165,309.731,304.02,29007.0
2016-08-01,304.02,298.153,304.942,296.249,31701.0
2016-08-02,298.435,297.424,301.591,294.161,26541.0
2016-08-03,298.192,298.017,299.066,295.424,24039.0
2016-08-04,298.046,297.512,299.484,295.492,21793.0
2016-08-05,297.696,297.152,299.522,296.278,20308.0
2016-08-08,297.366,299.26,299.454,294.365,22007.0
2016-08-09,299.328,306.691,308.556,297.628,39289.0
2016-08-10,306.011,304.806,307.419,304.34,20944.0
2016-08-11,305.36,307.681,312.344,305.001,31939.0
2016-08-12,308.293,307.876,308.293,305.001,23352.0
2016-08-15,306.739,309.634,312.46,305.137,34110.0
2016-08-16,312.761,300.639,313.228,299.163,88378.0
2016-08-17,300.717,299.319,302.048,297.706,43754.0
2016-08-18,299.115,297.638,300.766,296.375,31005.0
2016-08-19,297.026,297.687,298.629,296.055,19140.0
2016-08-22,297.347,298.503,300.698,297.22,20812.0
2016-08-23,298.512,298.075,300.173,297.026,19914.0
2016-08-24,298.211,296.521,298.668,295.113,22779.0
2016-08-25,296.443,294.316,296.618,291.461,25362.0
2016-08-26,294.443,292.801,295.812,291.781,21436.0
2016-08-29,299.163,298.707,299.94,296.443,38055.0
2016-08-30,298.192,297.084,299.649,295.929,21170.0
2016-08-31,297.9,301.29,301.844,296.774,40401.0
2016-09-01,300.814,299.853,303.048,299.406,17185.0
2016-09-02,299.163,297.007,300.571,296.133,18572.0
2016-09-05,297.415,299.649,300.134,297.036,19138.0
2016-09-06,299.649,301.047,301.455,299.503,20625.0
2016-09-07,300.795,297.803,300.795,296.735,29645.0
2016-09-08,296.453,297.046,297.706,295.676,16705.0
2016-09-09,297.852,295.89,298.056,295.278,16222.0
2016-09-12,293.335,289.508,295.278,289.227,38238.0
2016-09-13,291.344,291.81,292.335,290.713,16255.0
2016-09-14,291.49,290.975,293.53,289.46,18527.0
2016-09-19,291.441,291.519,292.918,291.276,12852.0
2016-09-20,292.15,286.497,292.17,285.565,34892.0
2016-09-21,286.594,285.613,286.915,280.815,39037.0
2016-09-22,285.856,288.459,291.373,285.574,29606.0
2016-09-23,288.498,289.139,290.373,286.925,12671.0
2016-09-26,288.479,280.446,288.488,280.271,37176.0
2016-09-27,280.592,282.816,283.603,280.475,17915.0
2016-09-28,283.418,280.135,283.418,279.31,22360.0
2016-09-29,279.591,282.631,284.593,279.591,23705.0
2016-09-30,281.68,289.363,291.033,281.68,29603.0
2016-10-10,289.945,294.268,295.142,289.945,21103.0
2016-10-11,295.278,300.057,300.134,294.307,41736.0
2016-10-12,299.649,297.046,299.649,296.152,19286.0
2016-10-13,297.998,295.171,298.134,294.802,16143.0
2016-10-14,294.763,296.832,297.22,294.501,12690.0
2016-10-17,296.686,293.772,296.735,292.85,18957.0
2016-10-18,293.821,298.347,299.649,293.335,30389.0
2016-10-19,299.649,297.658,299.892,296.346,14123.0
2016-10-20,298.571,296.715,298.571,296.055,14079.0
2016-10-21,296.327,295.462,296.715,293.908,11483.0
2016-10-24,293.918,298.124,298.192,293.918,26246.0
2016-10-25,298.571,303.961,304.02,298.571,43762.0
2016-10-26,304.02,304.68,309.177,302.708,46813.0
2016-10-27,304.01,307.779,309.09,302.087,32951.0
2016-10-28,308.391,307.953,309.294,304.991,20137.0
2016-10-31,309.847,308.828,313.538,307.711,43596.0
2016-11-01,308.828,307.594,309.847,306.496,19512.0
2016-11-02,307.021,306.137,308.06,304.68,20636.0
2016-11-03,305.962,306.798,307.38,305.137,18690.0
2016-11-04,306.924,305.787,309.119,304.972,20619.0
2016-11-07,305.962,306.283,307.905,304.214,16047.0
2016-11-08,307.419,310.819,312.936,306.623,34193.0
2016-11-09,310.819,307.72,312.732,304.797,30004.0
2016-11-10,309.945,309.974,311.79,308.614,17804.0
2016-11-11,308.866,306.04,309.168,305.768,35902.0
2016-11-14,306.496,302.067,306.807,301.096,39920.0
2016-11-15,301.135,305.001,306.594,301.135,24470.0
2016-11-16,304.806,304.165,306.351,303.048,13399.0
2016-11-17,303.126,302.116,304.02,301.621,18337.0
2016-11-18,302.232,301.106,302.854,300.989,19377.0
2016-11-21,302.096,300.62,302.718,299.522,26083.0
2016-11-22,301.397,300.008,301.543,299.522,26424.0
2016-11-23,302.077,303.971,304.02,300.241,34015.0
2016-11-24,304.214,307.837,307.905,302.485,39078.0
2016-11-25,307.944,307.798,308.876,304.428,22369.0
2016-11-28,308.439,310.333,310.994,307.516,49253.0
2016-11-29,311.499,314.665,320.969,310.246,58830.0
2016-11-30,312.004,309.925,314.024,309.313,26752.0
2016-12-01,310.819,311.81,315.277,309.537,27941.0
2016-12-02,311.79,312.538,313.927,309.847,30628.0
2016-12-05,310.042,306.866,315.229,306.759,42060.0
2016-12-06,307.157,317.055,317.21,307.157,38923.0
2016-12-07,317.735,318.055,319.075,314.675,25271.0
2016-12-08,318.599,328.021,330.245,317.618,54475.0
2016-12-09,327.525,328.069,329.682,324.437,34495.0
2016-12-12,328.011,317.482,330.245,316.355,50332.0
2016-12-13,317.463,323.456,325.388,316.161,41780.0
2016-12-14,323.446,322.737,324.485,319.075,32029.0
2016-12-15,322.921,318.638,323.436,316.239,39202.0
2016-12-16,317.618,318.181,320.415,314.296,25051.0
2016-12-19,316.647,316.608,324.777,316.268,30471.0
2016-12-20,316.686,317.113,317.618,312.577,30831.0
2016-12-21,317.521,319.23,319.842,314.277,24711.0
2016-12-22,318.589,315.87,319.036,315.559,14678.0
2016-12-23,314.267,310.848,315.19,309.974,31095.0
2016-12-26,309.877,315.17,315.666,307.128,26001.0
2016-12-27,315.199,316.802,319.366,314.218,20062.0
2016-12-28,317.608,314.432,318.589,314.053,17878.0
2016-12-29,314.704,317.919,318.463,313.733,21225.0
2016-12-30,317.239,324.563,325.67,317.239,34687.0
2017-01-03,324.689,324.961,327.331,323.261,20763.0
2017-01-04,325.019,341.813,342.066,325.0,65257.0
2017-01-05,339.958,336.792,341.366,335.529,41704.0
2017-01-06,336.694,340.696,349.457,336.17,68095.0
2017-01-09,337.821,338.511,342.755,336.597,35405.0
2017-01-10,338.453,338.987,341.901,336.656,31727.0
2017-01-11,338.015,335.539,338.015,333.645,23598.0
2017-01-12,336.607,337.093,337.433,334.626,17779.0
2017-01-13,337.025,334.975,337.423,334.014,18282.0
2017-01-16,334.256,331.673,334.907,329.079,36855.0
2017-01-17,332.77,339.113,341.415,332.188,35188.0
2017-01-18,338.87,344.892,346.534,337.248,46005.0
2017-01-19,344.815,344.543,348.195,341.609,28523.0
2017-01-20,344.717,344.805,347.146,342.901,21344.0
2017-01-23,346.641,341.143,349.477,339.434,32581.0
2017-01-24,341.192,340.259,342.678,336.801,26914.0
2017-01-25,339.939,337.656,339.939,336.267,22990.0
2017-01-26,338.151,334.538,338.792,331.508,37826.0
2017-02-03,336.073,336.898,339.162,335.102,20936.0
2017-02-06,338.491,336.898,338.88,335.063,15680.0
2017-02-07,336.889,333.722,337.433,333.295,20519.0
2017-02-08,333.897,334.334,335.587,332.838,19088.0
2017-02-09,335.102,337.637,338.783,334.723,23324.0
2017-02-10,338.618,335.179,339.783,335.102,24056.0
2017-02-13,334.13,339.715,341.804,332.11,53587.0
2017-02-14,339.511,340.162,342.483,339.084,26558.0
2017-02-15,341.415,338.53,342.328,337.238,26256.0
2017-02-16,338.501,338.103,338.618,335.597,17642.0
2017-02-17,338.89,340.502,344.271,337.53,29102.0
2017-02-20,340.356,350.924,351.925,339.968,61853.0
2017-02-21,351.497,348.447,352.031,346.932,27705.0
2017-02-22,350.264,351.507,356.004,349.671,37130.0
2017-02-23,350.613,351.322,354.994,349.438,23328.0
2017-02-24,351.614,352.216,352.478,349.72,17692.0
2017-02-27,352.09,346.951,352.439,346.563,25400.0
2017-02-28,346.757,344.484,348.894,343.435,27473.0
2017-03-01,344.912,346.378,347.923,344.815,21944.0
2017-03-02,346.476,346.582,346.757,344.358,22103.0
2017-03-03,344.815,346.31,347.942,344.815,14153.0
2017-03-06,347.398,348.661,349.224,346.32,22818.0
2017-03-07,347.758,356.665,358.296,347.758,46286.0
2017-03-08,356.645,356.742,357.918,355.013,16037.0
2017-03-09,356.47,359.287,359.365,355.072,23406.0
2017-03-10,359.307,359.239,366.183,357.791,40951.0
2017-03-13,359.433,360.89,363.59,356.985,27674.0
2017-03-14,360.89,358.899,363.124,357.772,20416.0
2017-03-15,358.899,363.93,364.386,358.423,25155.0
2017-03-16,365.756,364.017,367.446,362.104,25022.0
2017-03-17,362.395,367.621,373.42,362.395,34700.0
2017-03-20,369.583,375.323,375.615,368.009,31545.0
2017-03-21,375.459,382.705,385.124,375.411,48460.0
2017-03-22,379.325,383.162,383.278,373.954,45532.0
2017-03-23,380.782,378.606,382.686,375.508,34504.0
2017-03-24,381.064,375.722,381.938,373.954,33287.0
2017-03-27,374.954,367.951,378.092,367.534,53690.0
2017-03-28,369.049,369.35,370.214,365.853,41187.0
2017-03-29,370.078,372.643,374.731,369.0,37299.0
2017-03-30,372.011,375.061,375.79,371.623,31612.0
2017-03-31,375.119,375.275,376.868,373.157,24474.0
2017-04-05,374.595,378.48,383.657,373.954,40789.0
2017-04-06,377.849,380.666,381.724,375.537,28857.0
2017-04-07,381.715,381.598,382.696,378.422,24097.0
2017-04-10,382.696,378.033,382.696,376.868,28869.0
2017-04-11,376.916,374.236,379.49,369.68,43530.0
2017-04-12,374.236,379.034,379.782,373.76,27002.0
2017-04-13,379.568,386.96,387.154,379.306,45648.0
2017-04-14,387.97,384.104,388.407,383.667,23646.0
2017-04-17,379.782,384.434,386.853,377.402,28793.0
2017-04-18,383.278,393.04,394.886,383.278,49581.0
2017-04-19,391.437,394.099,397.362,391.301,37550.0
2017-04-20,394.439,403.394,408.367,394.439,50457.0
2017-04-21,403.093,389.038,403.676,388.523,49332.0
2017-04-24,389.126,387.115,393.38,377.839,50037.0
2017-04-25,393.186,406.872,408.115,393.186,76192.0
2017-04-26,406.833,405.968,416.381,401.16,56624.0
2017-04-27,403.608,409.348,409.863,398.654,28240.0
2017-04-28,409.883,401.617,410.864,398.139,49505.0
2017-05-02,399.791,400.257,403.093,397.44,23291.0
2017-05-03,399.208,405.628,405.677,399.208,20267.0
2017-05-04,402.734,404.064,406.473,402.734,26709.0
2017-05-05,404.259,404.249,410.65,403.19,37437.0
2017-05-08,404.239,393.846,405.036,393.108,40721.0
2017-05-09,392.836,397.032,398.12,386.581,52801.0
2017-05-10,396.682,398.324,402.549,395.342,26039.0
2017-05-11,396.682,400.335,402.802,394.847,30467.0
2017-05-12,401.724,401.607,403.385,398.246,22337.0
2017-05-15,401.267,407.513,408.29,401.267,33447.0
2017-05-16,407.561,417.779,418.848,406.26,50164.0
2017-05-17,416.691,414.36,417.847,412.69,27515.0
2017-05-18,412.855,417.216,418.343,412.816,24300.0
2017-05-19,417.245,428.172,429.124,417.245,38310.0
2017-05-22,426.443,429.105,433.213,423.685,35321.0
2017-05-23,429.561,441.168,441.431,429.561,48454.0
2017-05-24,439.906,437.4,443.383,433.204,40226.0
2017-05-25,435.836,437.672,439.964,434.661,28898.0
2017-05-26,437.885,438.954,442.528,435.146,27386.0
2017-05-31,437.089,430.231,437.575,427.483,44312.0
2017-06-01,429.804,436.39,437.04,428.357,40604.0
2017-06-02,437.089,434.476,438.012,432.815,21785.0
2017-06-05,435.185,431.659,436.118,429.658,19241.0
2017-06-06,432.203,435.943,436.118,431.455,20402.0
2017-06-07,436.234,446.19,446.802,436.234,38834.0
2017-06-08,448.084,450.988,451.076,445.345,28951.0
2017-06-09,450.92,452.377,457.292,449.716,31430.0
2017-06-12,453.601,459.312,461.799,451.659,35109.0
2017-06-13,459.478,459.468,460.886,453.601,24237.0
2017-06-14,459.225,460.779,463.8,456.981,33768.0
2017-06-15,461.372,450.979,461.838,450.687,50202.0
2017-06-16,448.259,449.357,454.077,448.026,33331.0
2017-06-19,448.706,456.68,456.894,448.706,38536.0
2017-06-20,459.429,452.921,461.255,452.3,34505.0
2017-06-21,456.078,459.147,459.429,452.659,42038.0
2017-06-22,459.448,459.186,464.218,457.681,38242.0
2017-06-23,459.293,459.167,461.255,454.893,31303.0
2017-06-26,459.439,470.774,471.085,458.458,52932.0
2017-06-27,468.967,470.211,471.085,467.054,27980.0
2017-06-28,470.201,461.663,470.201,459.429,37728.0
2017-06-29,462.634,459.439,463.654,456.515,35092.0
2017-06-30,457.982,458.312,460.556,454.378,22427.0
2017-07-03,460.595,447.161,460.595,444.762,49628.0
2017-07-04,445.792,438.954,446.802,436.118,56488.0
2017-07-05,440.013,446.928,447.123,440.013,37540.0
2017-07-06,444.966,442.897,446.996,437.672,42044.0
2017-07-07,444.735,439.726,444.785,435.023,37796.0
2017-07-10,440.624,448.107,448.531,436.768,36624.0
2017-07-11,448.137,456.646,458.076,447.644,44601.0
2017-07-12,459.279,451.065,459.466,448.63,28950.0
2017-07-13,448.975,449.774,455.443,447.329,25951.0
2017-07-14,449.863,450.02,452.337,446.707,17726.0
2017-07-17,450.641,443.769,451.627,440.032,35263.0
2017-07-18,445.662,446.214,447.634,441.728,30684.0
2017-07-19,447.644,450.464,457.129,446.461,56259.0
2017-07-20,449.478,459.939,460.354,449.478,46634.0
2017-07-21,460.423,466.575,468.36,457.169,46792.0
2017-07-24,468.232,471.111,478.555,468.232,42716.0
2017-07-25,475.449,471.269,476.041,469.435,21929.0
2017-07-26,471.357,465.027,474.887,460.028,31470.0
2017-07-27,465.027,467.236,469.188,464.505,19595.0
2017-07-28,464.406,477.145,477.293,461.162,46618.0
2017-07-31,477.224,474.483,481.129,474.266,38412.0
2017-08-01,474.266,473.517,476.238,470.716,27501.0
2017-08-02,473.319,476.08,478.092,471.811,26774.0
2017-08-03,476.909,470.539,480.034,468.971,31768.0
2017-08-04,470.322,467.009,472.274,465.984,18681.0
2017-08-07,465.885,474.818,475.646,464.534,23099.0
2017-08-08,475.252,475.824,477.441,472.787,16051.0
2017-08-09,478.052,483.978,486.078,475.282,41794.0
2017-08-10,484.215,484.747,492.606,482.154,35364.0
2017-08-11,482.154,477.283,489.598,476.711,36572.0
2017-08-14,478.417,492.832,493.099,478.417,39331.0
2017-08-15,493.109,489.026,494.085,488.08,27163.0
2017-08-16,491.028,489.539,491.817,486.098,18587.0
2017-08-17,490.634,485.792,490.634,482.943,25846.0
2017-08-18,485.901,482.795,487.518,481.168,23857.0
2017-08-21,481.168,482.874,487.478,480.123,23546.0
2017-08-22,480.576,480.399,482.627,469.336,42457.0
2017-08-23,478.654,487.094,487.705,477.54,27214.0
2017-08-24,487.074,485.911,489.45,485.132,18156.0
2017-08-25,486.542,486.088,487.331,482.47,17297.0
2017-08-28,486.098,485.151,490.328,484.156,29021.0
2017-08-29,486.118,482.588,487.952,481.178,25176.0
2017-08-30,482.844,486.068,486.838,482.312,18503.0
2017-08-31,487.123,484.274,487.952,482.943,18736.0
2017-09-01,483.337,488.248,489.332,483.17,31451.0
2017-09-04,488.248,485.526,489.707,484.392,18931.0
2017-09-05,485.98,483.13,487.074,482.647,22622.0
2017-09-06,483.14,478.19,485.871,478.052,33006.0
2017-09-07,478.516,474.532,480.083,473.339,33320.0
2017-09-08,471.555,467.729,473.773,467.364,41173.0
2017-09-11,464.495,471.624,475.469,463.4,45374.0
2017-09-12,472.787,478.121,479.196,471.702,34341.0
2017-09-13,478.21,484.747,485.309,474.641,33075.0
2017-09-14,486.088,483.84,487.114,482.144,19399.0
2017-09-15,485.605,482.982,485.605,481.168,16039.0
2017-09-18,483.278,491.984,493.493,483.278,42206.0
2017-09-19,493.296,489.993,495.465,489.066,23054.0
2017-09-20,489.943,489.253,493.02,489.056,17318.0
2017-09-21,488.997,491.787,493.572,485.98,19402.0
2017-09-22,489.943,492.931,493.178,488.859,16343.0
2017-09-25,493.306,500.139,501.085,493.296,32697.0
2017-09-26,499.596,502.16,502.86,496.55,25470.0
2017-09-27,501.795,501.095,503.876,498.985,16671.0
2017-09-28,500.099,511.202,512.917,500.05,25969.0
2017-09-29,508.776,510.393,518.518,508.283,22436.0
2017-10-09,517.196,520.381,528.052,512.819,34891.0
2017-10-10,519.671,532.499,532.923,519.632,31006.0
2017-10-11,530.567,537.902,543.533,530.567,33406.0
2017-10-12,537.37,536.473,539.835,532.618,19646.0
2017-10-13,537.37,548.364,548.808,534.422,27858.0
2017-10-16,552.15,552.84,558.727,548.088,29909.0
2017-10-17,553.116,548.936,553.116,546.244,20977.0
2017-10-18,546.441,552.87,554.714,546.441,19178.0
2017-10-19,553.146,574.444,576.958,552.87,40658.0
2017-10-20,572.866,566.289,572.866,563.755,31534.0
2017-10-23,566.871,565.382,572.373,560.048,23771.0
2017-10-24,563.992,559.387,565.767,555.72,31274.0
2017-10-25,561.774,557.751,563.677,554.191,25076.0
2017-10-26,596.53,596.619,604.418,583.623,115434.0
2017-10-27,593.681,640.535,645.83,591.63,84383.0
2017-10-30,634.047,613.371,634.984,612.306,81007.0
2017-10-31,613.302,609.378,618.814,603.314,51875.0
2017-11-01,612.188,614.288,622.698,610.551,43435.0
2017-11-02,618.173,618.143,620.963,612.306,34249.0
2017-11-03,619.849,630.222,634.432,619.849,48188.0
2017-11-06,632.519,643.917,648.413,631.237,48513.0
2017-11-07,641.472,633.081,647.95,629.246,55564.0
2017-11-08,633.337,641.275,645.337,633.337,43951.0
2017-11-09,638.928,640.969,644.992,635.586,33641.0
2017-11-10,641.324,668.459,673.832,641.324,74078.0
2017-11-13,670.48,678.25,683.081,666.339,49869.0
2017-11-14,677.52,669.248,677.599,667.867,46366.0
2017-11-15,669.248,678.447,680.33,664.564,45036.0
2017-11-16,676.406,709.043,709.881,676.406,60716.0
2017-11-17,686.256,680.587,699.074,668.281,123861.0
2017-11-20,667.325,669.642,676.002,650.76,88305.0
2017-11-21,659.634,667.769,679.157,652.752,96016.0
2017-11-22,667.522,641.413,678.368,640.9,128498.0
2017-11-23,633.012,624.858,636.956,621.397,109599.0
2017-11-24,626.997,621.219,633.505,613.519,76541.0
2017-11-27,625.124,612.592,627.421,604.428,63548.0
2017-11-28,616.309,639.155,639.796,615.264,70291.0
2017-11-29,640.841,629.186,642.842,625.134,46763.0
2017-11-30,626.613,622.166,639.401,617.236,38019.0
2017-12-01,629.078,613.637,630.044,611.448,47192.0
2017-12-04,615.215,628.861,635.083,608.086,54267.0
2017-12-05,625.124,624.099,638.336,621.308,47465.0
2017-12-06,622.659,616.26,635.083,611.32,58174.0
2017-12-07,616.201,608.056,616.24,606.646,51032.0
2017-12-08,606.804,618.498,620.046,606.804,45503.0
2017-12-11,622.166,641.876,642.823,622.166,72849.0
2017-12-12,649.478,642.202,649.547,641.906,47889.0
2017-12-13,645.82,658.855,660.62,641.61,48502.0
2017-12-14,660.6,655.246,661.902,651.253,31967.0
2017-12-15,654.704,644.637,658.599,641.669,32255.0
2017-12-18,650.76,656.449,660.423,649.36,39162.0
2017-12-19,653.718,657.751,663.026,651.746,44072.0
2017-12-20,660.521,675.321,677.244,654.734,63601.0
2017-12-21,673.438,672.196,677.796,666.043,46680.0
2017-12-22,670.48,673.359,676.297,667.532,28317.0
2017-12-25,676.396,678.486,686.552,674.148,36214.0
2017-12-26,678.546,671.279,683.288,667.029,31867.0
2017-12-27,675.272,654.882,675.272,653.225,37722.0
2017-12-28,677.382,708.628,709.821,661.922,124141.0
2017-12-29,707.948,687.725,716.329,681.918,76038.0
2018-01-02,690.2,693.996,700.218,680.232,49612.0
2018-01-03,691.679,705.838,711.3,689.944,52019.0
2018-01-04,711.3,726.751,733.091,709.259,72205.0
2018-01-05,730.626,728.023,735.586,718.025,39989.0
2018-01-08,724.73,741.6,745.909,724.73,52204.0
2018-01-09,741.679,771.565,772.038,741.679,64591.0
2018-01-10,774.01,774.71,777.836,762.651,47714.0
2018-01-11,775.982,763.963,776.968,761.192,50656.0
2018-01-12,762.937,777.382,777.757,756.282,45988.0
2018-01-15,782.352,774.375,787.873,768.114,52473.0
2018-01-16,769.553,762.119,777.57,757.248,65428.0
2018-01-17,759.22,737.459,763.164,728.171,90709.0
2018-01-18,737.459,740.23,754.29,733.673,58978.0
2018-01-19,742.359,739.678,748.275,728.674,50925.0
2018-01-22,741.285,762.809,763.164,741.285,67126.0
2018-01-23,766.921,762.947,769.08,757.84,49549.0
2018-01-24,765.57,753.758,765.59,747.98,43298.0
2018-01-25,750.346,758.392,765.136,740.486,50040.0
2018-01-26,756.499,766.339,766.516,753.304,43978.0
2018-01-29,767.857,726.012,768.755,724.71,74535.0
2018-01-30,725.696,731.691,738.287,719.8,51911.0
2018-01-31,728.654,753.836,760.906,728.654,60402.0
2018-02-01,756.262,747.122,756.558,742.379,50582.0
2018-02-02,741.689,730.034,742.685,714.85,75420.0
2018-02-05,717.039,708.175,719.741,695.722,98995.0
2018-02-06,693.158,698.936,712.484,693.158,88168.0
2018-02-07,709.92,673.862,713.746,672.462,88289.0
2018-02-08,672.649,691.176,707.948,672.649,83409.0
2018-02-09,670.48,673.862,680.232,648.788,105578.0
2018-02-12,681.326,687.715,695.623,675.607,64179.0
2018-02-13,695.15,702.012,704.813,694.637,53389.0
2018-02-14,709.92,708.392,709.92,702.249,30652.0
2018-02-22,717.118,732.056,733.584,713.115,50764.0
2018-02-23,736.542,732.085,745.968,726.682,38158.0
2018-02-26,736.424,733.101,741.521,722.758,43658.0
2018-02-27,738.514,727.648,745.416,726.899,42601.0
2018-02-28,721.752,715.461,731.908,708.934,48330.0
2018-03-01,717.808,731.582,736.394,713.637,44794.0
2018-03-02,727.668,726.1,733.15,719.78,25991.0
2018-03-05,727.846,710.029,731.612,706.992,37234.0
2018-03-06,714.85,708.204,717.414,687.37,64570.0
2018-03-07,704.99,700.099,713.864,699.064,34595.0
2018-03-08,704.004,712.641,713.864,698.088,35349.0
2018-03-09,717.364,718.005,722.314,713.371,30171.0
2018-03-12,719.336,713.815,723.645,712.651,39888.0
2018-03-13,712.878,700.405,716.428,700.06,38577.0
2018-03-14,699.735,716.704,717.887,697.319,37355.0
2018-03-15,717.828,736.019,736.542,717.828,56148.0
2018-03-16,737.134,729.492,743.424,728.536,35855.0
2018-03-19,733.554,742.931,743.434,728.654,38666.0
2018-03-20,739.5,737.262,741.472,729.64,28877.0
2018-03-21,739.609,731.612,742.567,729.64,26742.0
2018-03-22,733.584,715.915,737.528,713.874,37486.0
2018-03-23,691.186,701.105,713.361,690.279,52546.0
2018-03-26,698.088,703.501,705.049,692.054,46256.0
2018-03-27,712.878,704.734,715.718,694.144,47548.0
2018-03-28,690.17,672.501,693.158,659.634,113539.0
2018-03-29,672.649,679.453,688.08,649.192,79081.0
2018-03-30,676.396,674.049,683.791,670.362,36540.0
2018-04-02,670.48,670.539,681.326,664.673,32039.0
2018-04-03,668.508,668.419,677.382,665.935,40235.0
2018-04-04,672.452,684.294,690.624,670.855,56891.0
2018-04-09,687.341,688.524,695.554,680.488,30833.0
2018-04-10,694.933,698.108,698.581,688.682,32043.0
2018-04-11,700.06,695.485,704.773,693.178,25723.0
2018-04-12,694.144,684.481,696.984,682.529,30713.0
2018-04-13,688.721,677.244,691.186,675.489,27549.0
2018-04-16,671.052,671.841,677.234,667.522,32939.0
2018-04-17,675.41,656.873,675.785,656.282,35172.0
2018-04-18,661.606,646.461,661.606,635.97,62616.0
2018-04-19,650.612,670.441,670.48,647.467,44207.0
2018-04-20,671.466,660.876,684.284,658.875,41511.0
2018-04-23,656.686,664.574,670.805,656.686,32659.0
2018-04-24,666.536,680.222,683.791,665.55,47282.0
2018-04-25,679.354,681.296,682.312,673.458,25252.0
2018-04-26,682.312,668.735,682.588,663.578,35047.0
2018-04-27,675.657,653.255,678.723,645.83,57915.0
2018-05-02,650.76,658.48,659.624,636.029,70259.0
2018-05-03,656.676,661.488,664.249,648.788,36326.0
2018-05-04,661.586,653.59,665.382,651.322,37375.0
2018-05-07,650.711,688.396,692.054,648.561,85591.0
2018-05-08,688.258,698.906,702.16,688.258,62497.0
2018-05-09,699.153,692.123,702.328,687.36,32331.0
2018-05-10,693.651,704.191,705.976,693.651,39293.0
2018-05-11,708.628,707.968,720.273,705.68,39141.0
2018-05-14,713.864,732.016,732.598,713.864,51014.0
2018-05-15,735.556,732.657,735.99,723.724,38055.0
2018-05-16,729.64,724.237,735.221,723.014,30795.0
2018-05-17,724.828,717.197,727.175,713.864,28517.0
2018-05-18,713.854,728.97,730.626,711.093,29255.0
2018-05-21,733.584,724.533,736.838,722.225,29059.0
2018-05-22,724.927,729.216,729.482,719.8,16998.0
2018-05-23,729.64,713.647,729.64,713.45,28268.0
2018-05-24,709.92,705.384,718.459,703.018,30416.0
2018-05-25,702.032,706.824,716.822,702.032,26511.0
2018-05-28,707.948,730.034,730.291,705.108,42805.0
2018-05-29,728.457,721.19,739.5,721.042,40820.0
2018-05-30,717.039,715.708,726.978,709.969,37147.0
2018-05-31,720.027,740.614,741.097,720.017,71852.0
2018-06-01,740.614,734.679,744.41,728.417,36177.0
2018-06-04,741.817,771.022,771.939,735.438,73805.0
2018-06-05,775.489,777.017,783.574,766.349,52629.0
2018-06-06,776.968,774.75,789.737,771.348,48969.0
2018-06-07,778.92,770.036,784.412,767.995,39167.0
2018-06-08,769.08,767.059,774.897,759.22,34958.0
2018-06-11,765.185,764.87,774.996,757.573,36547.0
2018-06-12,767.108,788.001,792.251,765.629,55287.0
2018-06-13,788.8,779.265,791.383,777.836,35244.0
2018-06-14,778.94,775.124,782.687,764.328,36159.0
2018-06-15,773.2,773.33,778.58,769.1,31707.0
2018-06-19,769.0,738.0,769.0,737.0,60195.0
2018-06-20,741.0,763.59,765.0,741.0,45838.0
2018-06-21,765.22,759.32,778.89,758.77,39182.0
2018-06-22,754.0,766.53,767.0,750.0,28854.0
2018-06-25,766.0,765.56,778.97,764.9,32934.0
2018-06-26,765.31,754.8,769.88,747.0,46577.0
2018-06-27,752.0,722.44,757.0,721.0,57298.0
2018-06-28,714.0,710.93,719.0,697.0,50833.0
2018-06-29,712.3,731.46,732.3,705.0,32929.0
2018-07-02,734.52,711.55,739.33,703.0,37558.0
2018-07-03,709.76,694.92,715.78,678.23,82837.0
2018-07-04,692.0,690.91,700.0,688.0,37990.0
2018-07-05,700.0,702.39,716.2,700.0,47123.0
2018-07-06,707.0,714.12,720.93,699.26,44156.0
2018-07-09,720.03,727.24,729.86,719.73,40572.0
2018-07-10,729.0,725.76,731.5,713.33,29010.0
2018-07-11,710.0,719.58,724.0,702.22,24278.0
2018-07-12,718.0,737.54,741.17,718.0,40170.0
2018-07-13,742.3,746.99,748.1,735.12,28907.0
2018-07-16,752.3,754.68,764.11,751.03,32474.0
2018-07-17,757.0,742.43,757.0,736.02,27806.0
2018-07-18,742.43,737.44,749.69,735.0,24521.0
2018-07-19,739.0,740.95,743.95,735.02,18078.0
2018-07-20,741.5,741.13,743.13,728.0,30548.0
2018-07-23,736.0,732.07,741.15,720.01,35969.0
2018-07-24,732.68,745.4,747.3,723.0,41808.0
2018-07-25,746.95,743.81,749.88,740.01,21743.0
2018-07-26,748.9,735.62,748.9,734.23,23067.0
2018-07-27,736.0,738.56,744.3,730.0,20913.0
2018-07-30,738.9,719.21,740.66,715.0,42171.0
2018-07-31,720.3,726.44,727.88,719.21,20683.0
2018-08-01,731.4,714.94,732.3,714.11,25237.0
2018-08-02,715.97,695.84,715.97,687.88,55001.0
2018-08-03,695.0,678.99,695.0,676.2,47336.0
2018-08-06,677.0,669.68,684.0,662.25,45248.0
2018-08-07,672.3,686.28,687.83,662.02,39085.0
2018-08-08,687.02,676.22,689.0,671.87,29685.0
2018-08-09,671.0,691.88,694.5,670.12,34485.0
2018-08-10,691.88,687.18,694.77,684.2,23817.0
2018-08-13,683.0,679.22,683.0,666.68,34570.0
2018-08-14,679.22,680.13,684.5,673.51,21696.0
2018-08-15,679.8,662.8,680.0,661.0,34997.0
2018-08-16,652.0,648.44,668.5,640.0,59939.0
2018-08-17,657.5,634.86,657.5,630.01,46574.0
2018-08-20,632.45,644.79,645.55,616.86,48852.0
2018-08-21,647.0,671.49,672.3,647.0,52249.0
2018-08-22,671.0,667.7,673.2,663.0,20675.0
2018-08-23,671.7,670.21,678.5,665.18,27357.0
2018-08-24,669.0,660.3,669.0,656.46,26090.0
2018-08-27,662.0,687.3,687.3,662.0,48016.0
2018-08-28,693.0,681.0,693.78,678.55,32488.0
2018-08-29,682.0,685.85,688.88,679.1,27404.0
2018-08-30,688.21,680.4,692.6,679.01,33788.0
2018-08-31,676.25,659.19,677.0,656.5,58980.0
2018-09-03,652.0,666.21,667.67,650.8,30179.0
2018-09-04,666.8,675.04,676.0,661.6,21540.0
2018-09-05,675.0,657.79,676.99,657.0,28983.0
2018-09-06,652.0,644.0,659.26,640.0,42370.0
2018-09-07,645.5,650.97,658.03,645.14,29240.0
2018-09-10,652.2,644.8,653.81,640.7,21202.0
2018-09-11,645.57,646.0,650.97,640.63,19496.0
2018-09-12,643.0,630.0,644.87,628.01,41157.0
2018-09-13,638.0,631.98,642.0,620.0,47713.0
2018-09-14,633.98,642.9,649.78,628.53,40900.0
2018-09-17,645.0,645.81,652.96,641.06,29112.0
2018-09-18,643.0,666.7,668.0,642.22,37858.0
2018-09-19,666.58,681.42,686.0,666.0,48221.0
2018-09-20,685.2,678.55,686.9,677.36,27519.0
2018-09-21,682.0,700.01,700.01,680.01,42617.0
2018-09-25,695.0,697.02,705.77,693.26,30639.0
2018-09-26,702.1,724.93,732.68,701.99,72287.0
2018-09-27,727.5,724.0,728.0,715.4,40508.0
2018-09-28,726.7,730.0,733.2,718.88,35089.0
2018-10-08,715.41,686.15,719.0,686.15,82745.0
2018-10-09,686.9,695.0,698.71,685.9,40222.0
2018-10-10,697.26,670.92,698.0,669.69,63098.0
2018-10-11,635.01,644.99,668.94,635.01,91581.0
2018-10-12,651.0,668.0,672.68,650.58,54472.0
2018-10-15,669.49,666.9,671.95,660.03,35607.0
2018-10-16,665.98,667.14,679.53,662.01,26393.0
2018-10-17,675.0,665.72,677.3,649.9,43077.0
2018-10-18,660.0,645.94,660.0,644.97,52156.0
2018-10-19,638.0,670.0,675.0,635.08,76199.0
2018-10-22,675.0,693.0,702.02,675.0,73108.0
2018-10-23,689.0,641.74,689.0,635.0,123112.0
2018-10-24,628.11,636.99,650.0,620.0,76112.0
2018-10-25,620.0,619.0,622.5,608.58,75568.0
2018-10-26,619.0,610.1,625.0,607.98,55327.0
2018-10-29,549.09,549.09,549.09,549.09,49076.0
2018-10-30,510.0,524.0,543.0,509.02,204396.0
2018-10-31,527.0,548.9,555.0,522.0,96884.0
2018-11-01,555.0,563.0,585.5,551.25,98106.0
2018-11-02,585.0,599.9,600.0,572.24,89156.0
2018-11-05,593.0,575.8,593.0,571.77,75517.0
2018-11-06,574.0,566.0,574.16,558.01,45566.0
2018-11-07,569.0,566.4,574.95,562.01,38107.0
2018-11-08,574.0,570.34,577.0,568.0,33763.0
2018-11-09,567.22,562.0,569.0,562.0,24336.0
2018-11-12,553.0,552.0,554.2,536.8,67824.0
2018-11-13,546.12,570.0,570.0,543.0,66429.0
2018-11-14,569.96,555.1,569.96,552.55,41766.0
2018-11-15,558.8,559.7,564.8,555.5,30833.0
2018-11-16,561.0,560.0,566.0,558.03,28938.0
2018-11-19,560.3,569.02,572.0,559.11,36179.0
2018-11-20,565.0,561.6,568.0,560.0,26943.0
2018-11-21,554.0,564.7,568.9,553.68,27107.0
2018-11-22,565.15,564.5,567.33,558.0,21213.0
2018-11-23,564.0,556.9,567.3,556.9,20126.0
2018-11-26,558.0,552.11,560.2,552.0,19120.0
2018-11-27,552.0,548.1,554.99,546.5,20233.0
2018-11-28,550.85,557.0,559.19,545.5,27737.0
2018-11-29,566.03,551.6,569.8,549.01,45069.0
2018-11-30,557.0,565.0,568.89,553.0,49010.0
2018-12-03,589.0,601.2,605.0,584.77,83414.0
2018-12-04,602.99,602.23,604.26,595.0,31473.0
2018-12-05,597.5,610.1,616.5,595.0,41588.0
2018-12-06,600.0,591.8,605.98,590.36,37758.0
2018-12-07,595.6,587.0,598.86,584.7,26841.0
2018-12-10,576.0,577.23,587.5,574.18,24640.0
2018-12-11,577.0,582.99,586.55,577.0,16316.0
2018-12-12,588.79,589.0,589.2,582.8,19921.0
2018-12-13,590.0,601.75,606.88,589.6,40399.0
2018-12-14,598.01,592.96,599.8,592.0,24554.0
2018-12-17,592.57,590.52,595.97,585.01,24895.0
2018-12-18,585.88,590.94,591.54,585.0,19222.0
2018-12-19,589.0,577.8,590.99,576.03,25715.0
2018-12-20,576.22,574.5,581.5,568.89,26940.0
2018-12-21,571.0,567.41,573.45,562.21,30640.0
2018-12-24,563.5,568.0,570.91,558.0,19109.0
2018-12-25,562.22,565.79,567.5,553.61,26592.0
2018-12-26,563.81,560.08,568.4,558.0,17866.0
2018-12-27,570.0,563.0,571.85,562.22,29493.0
2018-12-28,563.3,590.01,596.4,560.0,63678.0
2019-01-02,609.98,598.98,612.0,595.01,62286.0
2019-01-03,599.97,590.0,601.66,585.8,30977.0
2019-01-04,587.28,602.0,607.67,582.02,37683.0
2019-01-07,608.0,605.49,612.0,602.22,34750.0
2019-01-08,605.5,604.79,612.0,600.28,28838.0
2019-01-09,609.99,616.12,626.16,609.04,49892.0
2019-01-10,617.13,618.77,624.88,610.25,29043.0
2019-01-11,625.0,635.88,637.0,618.75,38884.0
2019-01-14,633.0,624.6,635.89,621.55,25648.0
2019-01-15,627.86,659.98,661.5,625.0,55764.0
2019-01-16,658.0,661.1,665.65,653.6,42083.0
2019-01-17,663.0,659.25,669.7,655.8,30284.0
2019-01-18,665.0,683.61,690.2,661.5,68609.0
2019-01-21,690.0,686.98,698.88,681.88,47051.0
2019-01-22,686.0,671.0,686.0,665.22,42122.0
2019-01-23,667.22,665.66,674.5,663.13,33624.0
2019-01-24,670.3,672.5,677.83,664.68,29155.0
2019-01-25,675.88,679.7,684.9,669.93,28986.0
2019-01-28,684.0,677.0,693.98,676.03,36102.0
2019-01-29,677.5,685.0,688.0,668.0,30342.0
2019-01-30,684.99,676.0,686.22,676.0,22699.0
2019-01-31,680.0,689.6,689.6,677.56,36696.0
2019-02-01,697.04,692.67,699.0,689.61,30520.0
2019-02-11,695.0,725.3,729.5,688.18,58140.0
2019-02-12,723.0,717.92,725.49,715.2,35091.0
2019-02-13,723.0,735.25,736.16,717.22,35677.0
2019-02-14,731.2,737.16,743.66,730.14,32258.0
2019-02-15,734.88,724.78,734.88,723.02,23237.0
2019-02-18,731.0,740.0,744.95,731.0,37745.0
2019-02-19,740.96,730.76,742.5,726.66,29501.0
2019-02-20,735.0,722.0,735.0,716.06,37882.0
2019-02-21,720.0,720.25,730.48,717.0,29850.0
2019-02-22,717.0,726.01,728.49,714.1,25908.0
2019-02-25,730.75,742.33,744.44,717.99,82622.0
2019-02-26,747.8,727.35,749.18,726.0,57964.0
2019-02-27,733.0,740.7,758.02,731.0,65942.0
2019-02-28,737.9,755.01,763.42,736.95,56986.0
2019-03-01,761.5,789.3,790.0,761.0,63840.0
2019-03-04,795.0,781.86,798.33,777.22,84585.0
2019-03-05,785.0,779.78,789.55,775.88,44830.0
2019-03-06,775.0,768.0,779.5,765.88,46731.0
2019-03-07,762.22,748.6,762.22,745.56,60180.0
2019-03-08,737.9,737.5,746.83,733.65,52275.0
2019-03-11,740.04,758.54,766.95,740.04,53057.0
2019-03-12,763.82,745.01,763.83,739.0,52510.0
2019-03-13,745.5,754.0,760.75,745.5,40561.0
2019-03-14,757.0,778.0,785.0,754.0,62172.0
2019-03-15,776.0,777.3,787.5,764.85,52400.0
2019-03-18,778.8,810.09,814.53,777.0,81318.0
2019-03-19,803.0,792.61,807.92,792.3,40634.0
2019-03-20,790.0,792.8,802.3,785.0,31117.0
2019-03-21,788.0,785.75,792.8,781.5,32573.0
2019-03-22,788.22,794.0,799.98,785.0,30517.0
2019-03-25,786.0,775.6,788.0,773.3,37270.0
2019-03-26,780.0,773.0,785.94,764.1,37595.0
2019-03-27,781.0,788.5,793.88,775.0,42807.0
2019-03-28,793.43,806.8,814.48,785.68,57566.0
2019-03-29,835.0,853.99,866.68,830.17,90933.0
2019-04-01,860.0,859.0,868.95,851.0,60934.0
2019-04-02,859.99,850.0,859.99,836.06,53227.0
2019-04-03,840.12,844.5,851.74,834.21,43056.0
2019-04-04,840.0,865.0,865.8,836.2,55772.0
2019-04-08,900.0,900.2,908.0,890.12,66251.0
2019-04-09,903.0,905.0,908.2,892.51,47989.0
2019-04-10,903.0,947.99,951.9,900.0,67814.0
2019-04-11,948.0,925.2,950.0,905.55,61102.0
2019-04-12,909.0,914.0,919.99,900.01,48612.0
2019-04-15,931.0,907.0,939.0,907.0,45522.0
2019-04-16,904.9,939.9,939.9,901.22,46423.0
2019-04-17,938.0,952.0,955.51,925.0,40761.0
2019-04-18,945.41,945.5,954.68,936.22,19598.0
2019-04-19,943.96,952.56,960.95,931.31,32379.0
2019-04-22,959.5,949.2,978.89,940.61,40627.0
2019-04-23,951.0,974.95,981.22,949.2,48852.0
2019-04-24,979.88,970.0,990.0,951.22,45227.0
2019-04-25,968.79,952.37,973.99,951.22,39801.0
2019-04-26,946.3,945.0,959.88,945.0,43277.0
2019-04-29,945.0,971.97,989.0,935.0,52572.0
2019-04-30,968.0,974.0,984.96,963.11,35943.0
2019-05-06,925.5,906.0,935.0,893.0,135099.0
2019-05-07,893.28,890.0,913.94,870.22,100837.0
2019-05-08,860.0,884.4,901.8,860.0,81882.0
2019-05-09,875.0,858.81,879.87,842.5,91545.0
2019-05-10,875.66,907.12,910.78,868.19,79907.0
2019-05-13,898.86,892.0,910.98,884.0,46637.0
2019-05-14,885.0,886.57,906.0,873.0,59983.0
2019-05-15,890.24,927.0,933.0,890.24,63124.0
2019-05-16,919.0,929.91,932.0,905.0,44540.0
2019-05-17,927.02,906.79,932.3,900.1,49841.0
2019-05-20,900.0,884.96,900.0,871.0,44407.0
2019-05-21,885.0,895.0,910.0,872.02,42385.0
2019-05-22,894.98,888.0,904.0,880.0,32041.0
2019-05-23,881.0,861.0,883.98,856.22,58058.0
2019-05-24,865.0,878.5,885.0,864.44,44034.0
2019-05-27,879.1,879.0,882.99,860.05,39161.0
2019-05-28,877.99,888.0,907.49,875.02,74772.0
2019-05-29,888.01,911.91,924.95,888.01,65646.0
2019-05-30,910.0,905.3,919.99,891.22,40247.0
2019-05-31,900.53,890.0,906.99,890.0,35793.0
2019-06-03,892.0,892.0,901.35,886.28,34479.0
2019-06-04,895.0,875.3,895.43,871.0,39689.0
2019-06-05,884.0,871.6,886.26,870.0,34067.0
2019-06-06,875.62,862.13,875.77,858.0,34786.0
2019-06-10,857.98,871.08,878.95,840.0,55502.0
2019-06-11,876.0,910.89,915.61,875.0,80106.0
2019-06-12,906.22,906.7,910.99,894.0,37747.0
2019-06-13,910.0,910.0,912.3,897.0,32917.0
2019-06-14,911.0,913.0,932.3,910.02,42455.0
2019-06-17,907.0,911.6,926.94,906.02,32769.0
2019-06-18,917.0,917.0,920.0,902.6,29441.0
2019-06-19,940.0,932.01,946.7,932.01,53726.0
2019-06-20,932.5,975.0,975.5,932.2,67271.0
2019-06-21,969.97,976.3,984.49,964.5,45926.0
2019-06-24,978.3,987.1,999.69,975.0,45779.0
2019-06-25,992.0,982.98,999.0,967.0,51295.0
2019-06-26,985.0,979.86,985.0,971.22,29588.0
2019-06-27,985.0,996.35,1001.0,981.12,47978.0
2019-06-28,985.99,984.0,988.88,971.33,31088.0
2019-07-01,1004.52,1031.86,1035.6,1000.22,52337.0
2019-07-02,1025.0,1025.0,1029.5,1016.0,39061.0
2019-07-03,1020.0,987.9,1023.0,981.5,67139.0
2019-07-04,985.8,981.2,990.8,971.22,46216.0
2019-07-05,986.0,999.82,1006.0,976.3,50032.0
2019-07-08,995.05,984.86,997.9,975.0,33613.0
2019-07-09,979.3,976.06,989.0,968.35,31723.0
2019-07-10,980.93,982.52,990.58,977.0,28166.0
2019-07-11,989.96,981.5,998.38,976.0,30514.0
2019-07-12,981.3,986.09,991.5,980.01,28173.0
2019-07-15,967.8,975.93,980.1,951.13,59870.0
2019-07-16,975.45,968.0,982.3,965.0,33245.0
2019-07-17,968.0,963.5,972.99,962.13,25468.0
2019-07-18,961.5,947.5,963.0,947.18,39252.0
2019-07-19,955.0,955.87,960.8,948.0,28014.0
2019-07-22,960.0,957.02,964.0,950.25,28125.0
2019-07-23,962.3,953.98,962.59,943.86,32483.0
2019-07-24,958.31,946.36,959.9,944.69,46771.0
2019-07-25,945.97,963.0,963.36,938.15,38255.0
2019-07-26,961.97,965.03,971.0,958.55,26467.0
2019-07-29,962.03,976.41,979.5,960.01,26981.0
2019-07-30,976.5,978.93,983.0,971.0,19537.0
2019-07-31,975.0,972.6,981.77,966.59,22526.0
2019-08-01,976.51,959.3,977.0,953.02,35089.0
2019-08-02,944.0,954.45,957.98,943.0,39719.0
2019-08-05,945.0,942.43,954.0,940.0,36774.0
2019-08-06,931.0,946.3,948.0,923.8,43991.0
2019-08-07,949.5,945.0,955.53,945.0,26869.0
2019-08-08,953.5,971.68,974.0,952.0,38808.0
2019-08-09,978.5,962.03,980.95,958.99,28461.0
2019-08-12,1010.31,1018.63,1020.1,995.01,81498.0
2019-08-13,1016.16,1017.95,1026.0,1010.68,30329.0
2019-08-14,1030.02,1043.33,1051.9,1030.02,41410.0
2019-08-15,1028.0,1044.9,1046.48,1028.0,27237.0
2019-08-16,1049.84,1054.6,1075.58,1041.0,36086.0
2019-08-19,1061.0,1055.88,1069.98,1049.05,32867.0
2019-08-20,1055.0,1070.0,1073.68,1050.0,28602.0
2019-08-21,1070.1,1066.0,1076.97,1061.66,25066.0
2019-08-22,1072.99,1104.0,1104.0,1070.0,37590.0
2019-08-23,1105.0,1130.1,1133.56,1095.62,40192.0
2019-08-26,1113.0,1102.95,1128.0,1096.68,48497.0
2019-08-27,1117.0,1109.0,1131.31,1109.0,52164.0
2019-08-28,1109.0,1100.11,1123.19,1083.01,47009.0
2019-08-29,1105.0,1113.1,1118.18,1092.5,29330.0
2019-08-30,1125.0,1142.0,1146.0,1123.0,44890.0
2019-09-02,1139.99,1138.76,1144.98,1129.0,28234.0
2019-09-03,1140.0,1140.0,1151.02,1128.56,29485.0
2019-09-04,1140.8,1125.01,1142.91,1120.11,33600.0
2019-09-05,1129.0,1144.0,1144.9,1128.0,32930.0
2019-09-06,1144.5,1142.49,1146.15,1131.0,26176.0
2019-09-09,1145.0,1136.52,1148.0,1135.0,29379.0
2019-09-10,1134.3,1123.85,1135.0,1120.01,26227.0
2019-09-11,1119.22,1069.52,1119.97,1068.0,81716.0
2019-09-12,1066.0,1099.0,1109.98,1066.0,41211.0
2019-09-16,1083.0,1099.0,1103.95,1083.0,31371.0
2019-09-17,1094.0,1094.01,1106.66,1087.0,25196.0
2019-09-18,1108.5,1148.9,1150.0,1108.18,69314.0
2019-09-19,1148.0,1145.0,1150.0,1137.1,24479.0
2019-09-20,1151.0,1157.42,1160.0,1147.59,37626.0
2019-09-23,1157.0,1149.0,1157.0,1131.0,30026.0
2019-09-24,1155.0,1184.0,1184.9,1152.0,36269.0
2019-09-25,1180.0,1174.0,1188.87,1170.5,24024.0
2019-09-26,1174.94,1167.0,1183.35,1158.81,26081.0
2019-09-27,1164.0,1174.75,1183.0,1153.0,22826.0
2019-09-30,1163.0,1150.0,1169.43,1150.0,30825.0
2019-10-08,1153.0,1167.1,1180.0,1152.01,31045.0
2019-10-09,1166.2,1146.81,1166.2,1135.05,35788.0
2019-10-10,1127.0,1155.0,1158.93,1109.02,41173.0
2019-10-11,1157.0,1174.6,1175.0,1152.21,28689.0
2019-10-14,1186.0,1180.0,1187.66,1170.0,27187.0
2019-10-15,1180.0,1211.0,1215.68,1177.03,40034.0
2019-10-16,1168.0,1170.0,1187.5,1160.0,59150.0
2019-10-17,1176.0,1183.33,1186.66,1162.5,30508.0
2019-10-18,1179.0,1175.79,1189.99,1171.69,28291.0
2019-10-21,1171.86,1168.5,1178.9,1163.3,25274.0
2019-10-22,1178.0,1170.8,1181.5,1163.89,19309.0
2019-10-23,1168.0,1158.91,1178.0,1156.11,23080.0
2019-10-24,1164.95,1150.27,1166.0,1147.16,26178.0
2019-10-25,1153.3,1171.35,1172.5,1143.03,25998.0
2019-10-28,1166.01,1178.29,1181.01,1165.0,22485.0
2019-10-29,1181.11,1193.0,1199.96,1177.77,27803.0
2019-10-30,1190.0,1183.8,1192.7,1176.0,21254.0
2019-10-31,1196.0,1180.01,1198.0,1176.15,25909.0
2019-11-01,1181.0,1185.0,1191.95,1172.5,22811.0
2019-11-04,1190.0,1199.59,1209.99,1189.0,26737.0
2019-11-05,1199.5,1199.0,1205.0,1192.0,22254.0
2019-11-06,1197.0,1193.0,1204.0,1188.88,19737.0
2019-11-07,1196.51,1201.37,1201.88,1189.0,16167.0
2019-11-08,1205.0,1205.0,1215.65,1201.51,24512.0
2019-11-11,1201.5,1199.0,1206.2,1193.51,17342.0
2019-11-12,1204.0,1201.6,1209.6,1198.21,19150.0
2019-11-13,1207.0,1224.0,1227.8,1200.0,31977.0
2019-11-14,1227.0,1230.0,1240.0,1222.0,23521.0
2019-11-15,1230.0,1224.9,1232.91,1221.5,16340.0
2019-11-18,1225.12,1227.28,1229.45,1218.0,18037.0
2019-11-19,1228.0,1232.32,1241.61,1225.02,20623.0
2019-11-20,1230.0,1233.75,1239.51,1228.06,15280.0
2019-11-21,1231.0,1231.3,1235.51,1221.06,19187.0
2019-11-22,1223.0,1194.0,1229.0,1185.0,47054.0
2019-11-25,1188.05,1182.06,1194.0,1172.06,38281.0
2019-11-26,1186.68,1185.0,1198.6,1183.0,40239.0
2019-11-27,1192.8,1189.95,1196.62,1184.51,19848.0
2019-11-28,1194.97,1175.8,1197.51,1169.02,28844.0
2019-11-29,1165.5,1129.0,1165.5,1112.89,82397.0
2019-12-02,1118.2,1133.0,1140.02,1118.2,30784.0
2019-12-03,1133.0,1118.0,1133.0,1117.74,27340.0
2019-12-04,1140.0,1122.33,1144.66,1118.0,35283.0
2019-12-05,1125.0,1129.8,1132.01,1118.0,21338.0
2019-12-06,1135.97,1170.0,1170.0,1130.1,39506.0
2019-12-09,1175.0,1158.7,1176.0,1156.1,21824.0
2019-12-10,1159.6,1164.4,1165.0,1151.0,15086.0
2019-12-11,1168.0,1158.98,1170.75,1155.55,14567.0
2019-12-12,1156.0,1137.0,1159.94,1130.08,29409.0
2019-12-13,1146.0,1163.0,1165.0,1146.0,30000.0
2019-12-16,1163.0,1147.92,1163.0,1137.94,30936.0
2019-12-17,1149.7,1169.98,1173.6,1143.03,42616.0
2019-12-18,1174.0,1168.0,1175.2,1164.0,19640.0
2019-12-19,1163.0,1157.4,1163.0,1152.0,19552.0
2019-12-20,1162.18,1146.3,1162.18,1141.5,23563.0
2019-12-23,1139.0,1149.3,1162.5,1136.0,25919.0
2019-12-24,1153.0,1148.0,1155.0,1145.0,11823.0
2019-12-25,1143.0,1133.7,1143.0,1130.01,24305.0
2019-12-26,1132.0,1135.1,1141.98,1119.99,22877.0
2019-12-27,1150.0,1163.0,1172.0,1150.0,47066.0
2019-12-30,1170.2,1185.8,1195.5,1170.2,40760.0
2019-12-31,1183.0,1183.0,1188.0,1176.51,22588.0
2020-01-02,1128.0,1130.0,1145.06,1116.0,148099.0
2020-01-03,1117.0,1078.56,1117.0,1076.9,130318.0
2020-01-06,1070.86,1077.99,1092.9,1067.3,63414.0
2020-01-07,1077.5,1094.53,1099.0,1076.4,47853.0
2020-01-08,1085.05,1088.14,1095.5,1082.58,25008.0
2020-01-09,1094.0,1102.7,1105.39,1090.0,37405.0
2020-01-10,1109.0,1112.5,1115.99,1102.5,35975.0
2020-01-13,1112.5,1124.27,1129.2,1112.0,38515.0
2020-01-14,1124.2,1107.4,1124.89,1103.0,35144.0
2020-01-15,1109.01,1112.13,1121.6,1105.0,26029.0
2020-01-16,1118.87,1107.0,1118.87,1102.58,23191.0
2020-01-17,1110.0,1107.5,1112.78,1101.01,23472.0
2020-01-20,1111.86,1091.0,1111.86,1082.0,35391.0
2020-01-21,1081.0,1075.3,1087.0,1072.3,32874.0
2020-01-22,1070.0,1075.51,1084.0,1055.38,36200.0
2020-01-23,1076.0,1052.8,1076.0,1037.0,53468.0
2020-02-03,985.0,1003.92,1010.68,980.0,123442.0
2020-02-04,1015.0,1038.01,1057.0,1011.01,62624.0
2020-02-05,1050.0,1049.99,1054.0,1033.03,47418.0
2020-02-06,1059.43,1071.0,1075.0,1052.02,47171.0
2020-02-07,1070.01,1076.0,1077.0,1061.02,31278.0
2020-02-10,1062.0,1066.49,1074.6,1057.2,30533.0
2020-02-11,1063.0,1098.0,1099.68,1062.8,47917.0
2020-02-12,1089.0,1097.27,1098.79,1085.88,28125.0
2020-02-13,1098.0,1091.0,1113.89,1088.01,30357.0
2020-02-14,1090.45,1088.0,1093.51,1083.11,23287.0
2020-02-17,1082.5,1093.82,1096.19,1082.4,27028.0
2020-02-18,1090.01,1084.0,1096.88,1083.0,26664.0
2020-02-19,1085.0,1096.5,1101.5,1078.0,37051.0
2020-02-20,1096.7,1118.0,1124.0,1095.41,46802.0
2020-02-21,1111.46,1112.88,1123.54,1110.01,28940.0
2020-02-24,1105.5,1087.18,1110.0,1085.5,38650.0
2020-02-25,1078.0,1074.81,1082.09,1067.88,38385.0
2020-02-26,1062.0,1073.7,1084.0,1055.0,43560.0
2020-02-27,1076.0,1087.39,1094.99,1076.0,34498.0
