date,close,open,high,low,volume,MA5,EMA10,MA10,MA20,MA30,MA60,AR,BR,BIAS0,BIAS01,BIAS02,BIAS1,BIAS11,BIAS12,UL0,ML0,LL0,UL1,ML1,LL1,DMA,AMA,DPO,EMA20,EMA30,KValue,DValue,JValue,PSY,WVAD,WR,MR,SR,WS,MS,SS
2018-01-02,16.0,15.99,16.16,15.68,60926.66,16.0,16.0,16.0,16.0,16.0,16.0,54.83870967741924,100.0,0.0,0.0,0.0,0.0,0.0,0.0,16.0,16.0,16.0,5.952935181367524,16.0,5.952935181367524,0.0,0.0,0.0,16.0,16.0,55.55555555555554,51.85185185185184,44.44444444444443,50.0,30.463329999999324,16.240000000000002,16.44,16.64,15.760000000000002,15.48,15.2
2018-01-03,15.9,15.9,16.17,15.87,32450.8,15.95,15.98181818181818,15.98181818181818,15.99047619047619,15.993548387096775,15.99672131147541,129.4117647058804,100.0,-0.6249999999999978,-0.6249999999999978,-0.6249999999999978,-0.6249999999999978,-0.6249999999999978,-0.6249999999999978,16.049999999999997,15.95,16.049999999999997,5.953608021237284,15.99047619047619,5.953608021237284,0.0,0.0,-0.09999999999999964,15.99047619047619,15.993548387096775,52.003023431594826,51.90224237843283,51.700680272108826,50.0,15.231664999999662,16.240000000000002,16.450000000000003,16.660000000000004,15.75,15.469999999999999,15.189999999999998
2018-01-04,15.67,15.8,15.9,15.66,27247.0,15.856666666666667,15.925123966942147,15.925123966942147,15.959954648526077,15.972674297606662,15.986009137328674,112.49999999999889,130.7692307692313,-2.0625000000000004,-2.0625000000000004,-2.0625000000000004,-2.0625000000000004,-2.0625000000000004,-2.0625000000000004,16.13299175701417,15.856666666666667,16.13299175701417,6.000842902574206,15.959954648526077,5.911400183474214,0.0,0.0,-0.33000000000000007,15.959954648526077,15.972674297606662,35.32227705897169,46.37558727194578,68.48220769789395,50.0,-107.9158900000008,15.790000000000003,16.235000000000003,16.680000000000003,15.280000000000001,15.215,15.149999999999999
2018-01-05,15.57,15.66,15.86,15.54,32086.0,15.785,15.860555972952664,15.860555972952664,15.922816110571212,15.946695310664298,15.972369493481832,123.33333333333456,45.945945945946285,-2.6874999999999982,-2.6874999999999982,-2.6874999999999982,-2.6874999999999982,-2.6874999999999982,-2.6874999999999982,16.129818792991333,15.785,16.129818792991333,6.102127143517228,15.922816110571212,5.793711839098009,0.0,0.0,-0.4299999999999997,15.922816110571212,15.946695310664298,25.13548629328277,39.295553612391444,67.6156882506088,50.0,-135.0820425000005,15.73,16.265,16.800000000000004,15.099999999999998,15.004999999999997,14.909999999999997
2018-01-08,15.92,15.43,15.97,15.42,34449.27,15.812000000000001,15.871363977870361,15.871363977870361,15.922547909564429,15.944973032556925,15.970652460908656,209.83606557376598,71.99999999999999,-0.5000000000000004,-0.5000000000000004,-0.5000000000000004,-0.5000000000000004,-0.5000000000000004,-0.5000000000000004,16.138778212248003,15.812000000000001,16.138778212248003,6.205089261532024,15.922547909564429,5.712098389405572,0.0,0.0,-0.08000000000000007,15.922547909564429,15.944973032556925,38.979213084410674,39.19010676973119,39.611894140372215,50.0,39.2519715272722,16.195,16.557500000000005,16.92,15.445,15.0575,14.669999999999998
2018-01-09,15.9,15.91,16.07,15.61,35295.0,15.792000000000002,15.876570527348477,15.876570527348477,15.920400489605912,15.942071546585511,15.968335986780504,158.24175824175612,116.92307692307678,-0.6249999999999978,-0.6249999999999978,-0.6249999999999978,-0.6249999999999978,-0.6249999999999978,-0.6249999999999978,16.13209896503881,15.826666666666668,16.13209896503881,6.240187000175366,15.920400489605912,5.742030398291982,0.0,0.0,-0.09999999999999964,15.920400489605912,15.942071546585511,47.31947538960708,41.899896309689815,31.060738149855297,50.0,29.64084583794429,16.32,16.620000000000005,16.92,15.57,15.12,14.669999999999998
2018-01-10,15.97,15.95,16.14,15.82,39732.33,15.806000000000001,15.893557704194208,15.893557704194208,15.925124252500586,15.943873382289674,15.968390544590978,156.73076923076786,94.7916666666666,0.12539184952978902,-0.187499999999996,-0.187499999999996,-0.008944543828261391,-0.187499999999996,-0.187499999999996,16.147183670693146,15.847142857142858,16.147183670693146,6.279302461474749,15.925124252500586,5.773179946662377,0.0,0.0,-0.02999999999999936,15.925124252500586,15.943873382289674,55.990761370849135,46.59685133007625,27.809031248530474,50.0,33.92051000395281,16.53,16.725,16.92,15.780000000000001,15.225,14.669999999999998
2018-01-11,16.51,15.97,16.88,15.88,164367.23,15.974,16.005638121613444,16.005638121613444,15.980826704643388,15.980397680206469,15.98614823165357,224.77876106194552,110.576923076923,4.120243851166707,3.1875000000000098,3.1875000000000098,3.932526529458634,3.1875000000000098,3.1875000000000098,16.45057660339282,15.930000000000001,16.45057660339282,6.311444409027066,15.980826704643388,5.804611103097001,0.0,0.0,0.5600000000000023,15.980826704643388,15.980397680206469,62.21301899609125,51.802240552081244,30.980683664061246,50.0,295.9553588534597,17.47,17.905,18.339999999999996,16.01,14.985000000000001,13.96
2018-01-12,16.48,16.46,16.65,16.27,126984.25,16.156,16.091885735865546,16.091885735865546,16.028367018486875,16.012630087935086,16.002340092910828,206.81818181818429,182.30088495575185,4.402914159011722,3.0000000000000027,3.0000000000000027,4.335371075868994,3.0000000000000027,3.0000000000000027,16.591440238947165,15.991111111111113,16.591440238947165,6.488679275739601,16.028367018486875,5.806799520944079,0.0,0.0,0.6233333333333331,16.028367018486875,16.012630087935086,65.67625923940332,56.42691344785527,37.928221864759166,50.0,280.89378096915675,17.519999999999996,17.93,18.339999999999996,16.06,15.01,13.96
2018-01-15,16.55,16.46,16.6,16.1,71283.63,16.282,16.175179238435444,16.175179238435444,16.078046350059555,16.04729911451992,16.02029615543834,170.83333333333292,160.5839416058387,4.667341259802678,3.4375000000000044,3.4375000000000044,4.54257730613482,3.4375000000000044,3.4375000000000044,16.70791149180507,16.047000000000004,16.70791149180507,6.646082352007808,16.078046350059555,5.840303225944094,0.0,0.0,0.7650000000000006,16.078046350059555,16.04729911451992,69.58325958425978,60.8123621599901,43.27056731145075,50.0,283.59893103224107,17.480000000000004,17.910000000000004,18.339999999999996,16.020000000000007,14.990000000000004,13.96
2018-01-16,16.35,16.53,16.65,16.31,42674.63,16.372000000000003,16.20696483144718,16.20696483144718,16.10394669767293,16.066828203905732,16.031106117555115,157.3684210526316,132.5714285714282,3.306655433866892,2.187500000000009,2.187500000000009,3.1505277374668497,2.187500000000009,2.187500000000009,16.72833795075444,16.074545454545458,16.72833795075444,6.776831609792895,16.10394669767293,5.832755341687397,0.007454545454542938,0.0007454545454542938,0.5380000000000003,16.10394669767293,16.066828203905732,67.62171643516866,63.082146918382946,54.003007884811524,50.0,208.52458928064706,17.22,17.685,18.15,15.95,15.145,14.34
2018-01-17,16.29,16.36,16.36,15.96,63177.8,16.436,16.22206213482042,16.22206213482042,16.121666059799317,16.081226384298912,16.0395944415697,129.99999999999977,121.60804020100451,2.96007584535973,1.8124999999999947,1.8124999999999947,2.5513192375918186,1.8124999999999947,1.8124999999999947,16.729687832066286,16.0925,16.729687832066286,6.848316399750202,16.121666059799317,5.8536908420653,0.02850000000000108,0.003595454545454402,0.46333333333333115,16.121666059799317,16.081226384298912,64.94415798874257,63.70281727516949,61.22013584802332,50.0,169.0353101739263,16.630000000000003,17.285,17.939999999999998,15.570000000000004,15.165000000000003,14.760000000000002
2018-01-18,16.18,16.21,16.4,16.17,52324.0,16.369999999999997,16.21441447394398,16.21441447394398,16.127221673151762,16.087598875634466,16.044197902501843,135.897435897436,102.10084033613396,1.6118903077245086,1.4420062695924794,1.1249999999999982,0.7260088464854464,1.2223291626563981,1.1249999999999982,16.713194513510466,16.099230769230772,16.713194513510466,6.907710703226155,16.127221673151762,5.8798196584164435,0.0727692307692287,0.010872377622377272,0.33285714285714185,16.127221673151762,16.087598875634466,60.64770349934437,62.68444601656111,66.7579310509946,33.33333333333333,143.43283480937612,16.585,17.2325,17.879999999999995,15.585000000000004,15.232500000000003,14.880000000000003
2018-01-19,16.2,16.24,16.34,15.81,132477.34,16.314,16.211793660499616,16.211793660499616,16.134152942375405,16.094850561077404,16.049306167993585,118.41155234656999,101.5999999999996,0.8822003113648098,2.1652301870926967,1.2499999999999956,0.10867860210063583,1.6552676721545079,1.2499999999999956,16.700331263932377,16.106428571428573,16.700331263932377,6.903141897147072,16.134152942375405,5.862718906243852,0.12857142857142634,0.023729520479519907,0.2699999999999978,16.134152942375405,16.094850561077404,58.24002151097842,61.20297118136688,67.12887052214379,41.66666666666667,116.04770693215688,16.464999999999996,16.9775,17.489999999999995,15.625,15.297500000000001,14.970000000000002
2018-01-23,17.51,16.21,17.72,16.21,208150.48,16.506,16.447831176772414,16.447831176772414,16.265185995482508,16.18615052487886,16.097197769042975,172.92418772563084,94.0766550522645,7.942052810027745,10.928096293949961,9.43750000000001,7.506165277117241,10.265368572876458,9.43750000000001,17.1052734393541,16.2,17.1052734393541,6.911448370895069,16.265185995482508,5.855759022649099,0.19399999999999906,0.04312952047951981,1.5188888888888883,16.265185995482508,16.18615052487886,69.11653607978275,63.840826147505496,53.289406282951006,50.0,395.03503313668034,18.665,19.1475,19.629999999999995,16.755000000000003,15.327500000000002,13.900000000000002
2018-01-24,18.19,17.51,18.42,17.38,418685.28,16.874000000000002,16.764589144631973,16.764589144631973,16.448501614960364,16.315431136177,16.16581423563173,196.55172413793025,147.55244755244726,11.640752864157129,15.039210726030863,13.687500000000007,11.558730402769568,14.503004663478917,13.687500000000007,17.626852806912655,16.324375,17.626852806912655,7.230848106027104,16.448501614960364,5.516625250036669,0.2986249999999977,0.07299202047951958,2.142999999999997,16.448501614960364,16.315431136177,76.85546849763294,68.17904026421465,50.826183797378064,58.333333333333336,780.9789835656367,20.28,20.655,21.03,17.67,15.435,13.2
2018-01-25,17.63,17.69,17.69,17.37,115122.47,17.142,16.921936572880703,16.921936572880703,16.561025270678424,16.400242030617196,16.213820326266752,177.01863354037081,171.57190635451462,7.773815588385112,11.394271272114558,10.187499999999993,8.15328708640846,10.962903394304572,10.187499999999993,17.80622421694783,16.401176470588236,17.80622421694783,7.6681979058941225,16.561025270678424,5.065230368639766,0.3878235294117651,0.1117743734206961,1.5479999999999983,16.561025270678424,16.400242030617196,75.79253455397749,70.71687169413559,60.565545974451794,50.0,704.565448355892,19.349999999999994,20.189999999999998,21.03,16.739999999999995,14.969999999999997,13.2
2018-01-26,17.58,17.62,17.78,17.33,123715.43,17.422,17.041584468720576,17.041584468720576,16.658070482994763,16.47635544799673,16.258613102454728,166.95156695156345,121.52230971128579,7.238714924766147,10.93482376273324,9.87499999999999,8.075647826914249,10.560624424107132,9.87499999999999,17.935044456383377,16.466666666666665,17.935044456383377,7.842560435415515,16.658070482994763,4.859112765353241,0.42933333333333223,0.1547077067540293,1.458999999999996,16.658070482994763,16.47635544799673,74.52835636931829,71.98736658586316,66.9053870189529,50.0,650.7603539657491,19.324999999999996,20.177500000000002,21.03,16.714999999999996,14.957499999999998,13.2
2018-01-29,17.75,17.37,18.01,16.98,203155.05,17.732,17.17038729258956,17.17038729258956,16.762063770328595,16.55852606425501,16.307511033521784,166.66666666666373,116.3017031630168,8.61805201427844,11.424984306340228,10.9375,9.248133174824256,10.975613976551607,10.9375,18.074057624528002,16.53421052631579,18.074057624528002,7.980416550915993,16.762063770328595,4.679192535493834,0.4887894736842142,0.20358665412245075,1.5779999999999994,16.762063770328595,16.55852606425501,75.57445980176773,73.18306432449802,68.4002733699586,50.0,711.1840070784355,19.435000000000002,20.2325,21.03,16.825000000000003,15.012500000000001,13.2
2018-01-30,17.56,17.36,17.98,17.1,227038.05,17.742,17.241225966664185,17.241225966664185,16.83805769696397,16.623137285915977,16.348576245537462,171.15384615384386,110.61571125265384,6.338312474767843,9.811006114508038,9.749999999999993,5.731189498269005,9.277399546212278,9.749999999999993,18.15154565706112,16.5855,18.15154565706112,17.82675121458835,16.83805769696397,14.173248785411653,0.5385000000000026,0.257436654122451,1.3249999999999993,16.83805769696397,16.623137285915977,73.51464579904322,73.29359148267974,72.85148284995279,41.66666666666667,737.5442749063317,18.889999999999993,19.759999999999998,20.630000000000003,16.679999999999993,15.339999999999996,14.0
2018-01-31,15.8,17.3,17.39,15.8,255423.0,17.264,16.979184881816153,16.979184881816153,16.739195059157876,16.57003165456656,16.330590139126397,127.38515901059877,101.49253731343279,-5.877680698967422,-1.539228516233585,-1.2499999999999956,-7.386299177592594,-2.125767743656871,-1.2499999999999956,18.139994368920988,16.575499999999998,15.011005631079009,17.945914760209334,16.739195059157876,14.035037620743047,0.5209047619047631,0.308781675767473,-0.5939999999999976,16.739195059157876,16.57003165456656,49.00976386602881,65.19898227712943,97.57741909933067,41.66666666666667,427.03443971312805,16.594999999999995,18.8175,21.040000000000003,13.974999999999994,13.577499999999997,13.18
2018-02-01,14.22,14.22,14.22,14.22,86745.0,16.582,16.477514903304122,16.477514903304122,16.49927172019046,16.41841670911065,16.261390462433727,127.38515901059877,74.0168539325843,-16.352941176470583,-11.537156430268084,-11.124999999999996,-17.43568141343856,-12.086481588893042,-11.124999999999996,18.333800149614564,16.491500000000002,14.64919985038544,17.928698011902576,16.49927172019046,13.99121128514958,0.4197272727272754,0.3479044030402004,-2.402999999999997,16.49927172019046,16.41841670911065,32.67317591068587,54.35704682164824,97.72478864357299,33.33333333333333,407.62378336253136,14.22,18.01,21.800000000000004,10.43,10.43,10.43
2018-02-02,15.35,12.8,15.64,12.8,510425.75,16.136,16.272512193612464,16.272512193612464,16.38981727064851,16.34948659884545,16.231508807927703,177.5618374558278,42.41379310344829,-10.833575370316586,-4.613950598104717,-4.062500000000002,-11.399478726106857,-5.2040865419670475,-4.062500000000002,18.364144188498276,16.475500000000004,14.586855811501731,18.073930436378685,16.38981727064851,13.771701784763739,0.38421739130434673,0.37904921909371225,-1.4390000000000018,16.38981727064851,16.34948659884545,36.90667243393292,48.54025535907646,71.80742120936354,41.66666666666667,868.1321170313985,16.77,19.995,23.220000000000002,11.559999999999999,9.575,7.59
2018-02-26,14.05,14.0,14.78,13.82,468603.81,15.396,15.868419067501106,15.868419067501106,16.16697753058675,16.201132624726387,16.15998392897925,185.44520547944882,50.494071146245076,-19.607095174518403,-12.773552692844953,-12.187499999999996,-19.467608434252487,-13.221949656028517,-12.187499999999996,18.524704752040435,16.399500000000003,14.274295247959571,18.123360697271856,16.16697753058675,13.721735121857003,0.26691666666666336,0.39288374290323597,-2.8459999999999965,16.16697753058675,16.201132624726387,32.01844591680937,43.032985544987426,65.06206480134355,41.66666666666667,856.366393925924,15.55,19.385,23.220000000000002,10.34,8.965,7.59
2018-05-17,12.68,12.81,13.5,12.65,359405.0,14.419999999999998,15.288706509773633,15.288706509773633,15.83488443243563,15.973962777969847,16.045886095242224,191.99999999999596,38.969957081545076,-28.375070608171722,-21.400898806756548,-20.501567398119118,-27.45519955337223,-21.690479327991014,-20.710355177588802,18.864545450778028,16.237500000000004,13.61045454922198,18.270122214892428,15.83488443243563,13.570678764319396,-0.07140000000000057,0.366343742903236,-4.3430000000000035,15.83488443243563,15.973962777969847,21.518940836509536,35.86163730882813,64.54703025346531,41.66666666666667,800.1292649798452,13.104999999999999,18.2075,23.310000000000002,7.774999999999999,7.547499999999999,7.32
2018-05-18,11.41,11.41,11.41,11.41,43021.0,13.542000000000002,14.583487144360243,14.583487144360243,15.413466867441759,15.679513566487923,15.893889829824447,191.99999999999596,30.574712643678165,-34.49430676490287,-29.939108632246835,-28.04288417069582,-32.87912194006978,-30.40519334976535,-28.53671246329757,19.346271836167414,16.013000000000005,12.679728163832596,18.68726896231734,15.413466867441759,13.162979542683832,-0.567000000000002,0.279781242903236,-5.714000000000002,15.413466867441759,15.679513566487923,14.345960557673024,28.689745058443094,57.377314059983235,33.33333333333333,800.1292649798452,11.41,17.39,23.37,5.43,5.43,5.43
2018-05-21,10.8,10.27,11.27,10.27,671537.75,12.857999999999999,13.895580390840198,13.895580390840198,14.974089070542544,15.364706239617735,15.726877048518727,217.0474516695921,18.994413407821238,-35.54804058086332,-34.56197929815703,-31.580614507443773,-33.354436792380255,-35.21711758375515,-32.222709549308135,19.759266774245386,15.754500000000004,11.749733225754621,19.400577073894677,14.974089070542544,12.5610763353921,-1.0585185185185235,0.13514703811020717,-6.268999999999998,14.974089070542544,15.364706239617735,11.731662866669545,23.037050994518577,45.647827250216636,25.0,1170.8030641465127,11.3,16.155,21.01,5.93,5.414999999999999,4.899999999999999
2018-05-22,10.43,10.32,10.66,10.28,359262.28,11.873999999999999,13.265474865232889,13.265474865232889,14.541318682871825,15.04633809512627,15.553208948567294,217.89473684210083,16.6882276843467,-36.31182576836963,-37.34481377653183,-34.03743991904883,-34.652426931646005,-37.98531882339141,-34.539930554997696,20.051874141593977,15.450500000000002,10.849125858406026,20.155849799667063,14.541318682871825,11.900884237306688,-1.5825000000000031,-0.06603629522312637,-6.432000000000002,14.541318682871825,15.04633809512627,8.475505305796057,18.183202431611072,37.5985966832411,16.666666666666664,1283.8242274359857,10.629999999999999,15.82,21.01,5.259999999999998,5.079999999999998,4.899999999999999
2018-05-23,10.39,10.35,10.55,10.3,191700.12,11.142,12.742661253372363,12.742661253372363,14.145954998788795,14.745929185763286,15.383923409270004,223.17290552584254,15.269086357947431,-34.19191386044547,-38.1056393963463,-34.351305812973884,-32.5975158521796,-38.65044030047575,-34.78004596569828,20.2070839275339,15.146000000000004,10.084916072466108,20.910559170965428,14.145954998788795,11.245533529153683,-2.1392758620689687,-0.3288428287984447,-6.388999999999999,14.145954998788795,14.745929185763286,6.141134416542979,14.169179759921708,30.22527044667917,16.666666666666664,1283.8050788178043,10.545000000000002,14.9175,19.29,6.035000000000002,5.897500000000001,5.76
2018-05-24,10.07,10.38,10.42,10.0,239229.0,10.620000000000001,12.256722843668296,12.256722843668296,13.757768808427958,14.444256335068882,15.209696412244757,210.56218057921242,15.890751086281815,-32.6120901182244,-40.537348686152946,-36.455422338411616,-31.185166795200814,-40.97652418876705,-36.80121547372558,20.296103784629768,14.822,9.34789621537023,21.584017645629476,13.757768808427958,10.623875749716387,-2.7103333333333364,-0.6537261621317786,-6.494,13.757768808427958,14.444256335068882,4.371207584108621,10.903189034650678,23.96715193573479,16.666666666666664,1107.9985757122142,10.280000000000001,13.64,17.0,6.780000000000001,6.640000000000001,6.5
2018-05-25,9.8,10.07,10.18,9.7,185828.92,10.297999999999998,11.810045963001333,11.810045963001333,13.380838445720533,14.144626894096698,15.032329316761322,191.4927768860322,15.696969696969695,-29.589270746018425,-42.42913790571301,-38.480853735091024,-28.53226026963825,-42.81638444426972,-38.6731217244971,20.325390295028114,14.494499999999999,8.663609704971885,22.242850041897725,13.380838445720533,10.000482077700909,-3.135161290322584,-1.0193327673545132,-6.281000000000002,13.380838445720533,14.144626894096698,3.315261534211208,8.373879867837521,18.491116535090146,8.333333333333332,1000.9865375872141,10.040000000000003,11.580000000000002,13.120000000000001,8.330000000000002,8.16,7.989999999999998
2018-05-28,8.99,9.82,9.82,8.83,354342.97,9.936,11.297310333364726,11.297310333364726,12.962663355651912,13.812070320284008,14.834220158834722,170.08670520230928,16.00474214582098,-31.295376385173867,-47.01114986001278,-43.78126737076154,-30.203723901123592,-46.90515647465347,-43.88246198651289,20.364179981131365,14.129500000000002,7.894820018868638,22.882525999727385,12.962663355651912,9.37191734657614,-3.468625000000003,-1.4081679946272412,-6.413,12.962663355651912,13.812070320284008,2.7911474861335432,6.512969073936195,13.9566122495415,8.333333333333332,615.1528140942846,9.484999999999998,11.597499999999998,13.709999999999999,7.044999999999998,6.717499999999999,6.390000000000001
2018-07-09,8.6,8.35,8.98,8.31,279073.41,9.57,10.806890272752957,10.806890272752957,12.547171607494588,13.475807718975362,14.62981949788932,178.77013177159304,15.24663677130044,-30.94218415417559,-48.72304481764882,-46.40742817972208,-29.393868279510926,-47.925305103547366,-46.458648938681435,20.351335376253456,13.750500000000002,7.149664623746548,23.61006536384752,12.547171607494588,8.658240520903288,-3.9537575757575816,-1.841965491333434,-6.119999999999999,12.547171607494588,13.475807718975362,2.8573285646388538,5.294422237503748,10.168609583233536,8.333333333333332,712.6013019183223,8.934999999999997,10.972499999999998,13.01,6.584999999999997,6.272499999999999,5.960000000000001
2018-07-10,8.26,8.4,8.52,8.02,268783.59,9.144,10.3438193140706,10.3438193140706,12.138869549637961,13.1393039951705,14.420972956974914,160.39325842696434,14.6328293736501,-28.956422018348615,-50.50434435234196,-48.61441013460017,-29.21261998618263,-49.43542902793446,-48.648968571250386,20.2794564366489,13.353500000000002,6.427543563351106,24.472043152688286,12.138869549637961,8.05832883827673,-4.344058823529416,-2.3030630403530417,-5.745000000000001,12.138869549637961,13.1393039951705,2.708098561164859,4.432314345390785,7.880745913842636,8.333333333333332,624.5108433183223,8.510000000000002,10.795000000000002,13.080000000000002,5.98,5.734999999999999,5.489999999999998
2018-07-11,7.72,8.02,8.02,7.48,267159.62,8.674,9.866761256966855,9.866761256966855,11.718024830624822,12.78967147935305,14.201268925598686,150.33467202141946,13.769633507853396,-29.583460018242626,-53.21684678315323,-52.02734192947026,-31.1449673359074,-51.70147697582367,-52.05485411948495,20.09284333512069,12.864,5.63515666487931,25.54441456227664,11.718024830624822,7.352588667644088,-4.646714285714289,-2.760594468924471,-5.549,11.718024830624822,12.78967147935305,2.6126644292730385,3.825764373351536,6.2519642615085305,0.0,498.68128338368155,7.989999999999998,10.674999999999999,13.36,5.049999999999999,4.795,4.540000000000001
2018-07-12,7.87,7.61,8.07,7.6,205759.95,8.288,9.503713755700154,9.503713755700154,11.35154627532722,12.47227331939479,13.99368633787414,162.21910112359558,12.022132796780676,-24.928457869634347,-51.44972239358421,-51.11567681207894,-27.187233863108425,-49.145848561918164,-51.142276069649064,19.61881439387043,12.348000000000003,5.077185606129577,26.668057639807053,11.35154627532722,6.453992901549798,-4.822277777777781,-3.1861222467022485,-4.6499999999999995,11.35154627532722,12.47227331939479,3.334913541083985,3.662147429262352,4.316615205619087,8.333333333333332,623.5620515751707,8.225,10.552499999999998,12.879999999999999,5.525,5.152500000000001,4.780000000000001
2018-07-13,8.0,7.8,8.28,7.6,262773.62,8.09,9.230311254663762,9.230311254663762,11.032351391962724,12.18373955685319,13.797172031714332,167.7464788732398,13.699999999999996,-20.634920634920636,-49.40178147894377,-50.33039159164486,-22.246758686713545,-46.12848279499605,-50.357906809989274,18.944850372150963,11.866499999999998,4.788149627849033,27.612775030608088,11.032351391962724,5.703365935381438,-4.937000000000001,-3.5739703948503965,-3.92,11.032351391962724,12.18373955685319,4.347458700591935,3.890584519705546,2.976836157932768,16.666666666666664,707.673279963918,8.459999999999999,10.309999999999999,12.16,6.119999999999999,5.63,5.140000000000001
2018-07-16,7.82,7.79,7.9,7.63,179757.56,7.934,8.973891026543079,8.973891026543079,10.726413164156751,11.902207972540081,13.6011991782155,175.21865889212827,15.540207202762693,-19.492107069320515,-48.726915091246866,-51.72839506172839,-20.256160009195817,-45.034276535026386,-51.80849837935987,18.237616911618886,11.378499999999999,4.519383088381112,28.514406590976172,10.726413164156751,5.009720949681018,-5.036684210526319,-3.919388815903028,-3.577,10.726413164156751,11.902207972540081,4.450817215919737,4.0773287517769425,3.3303518234913536,16.666666666666664,737.6446319974609,8.105,9.2925,10.48,6.605,6.2925,5.98
2018-07-17,8.32,7.82,8.6,7.73,425018.88,7.946000000000001,8.855001748989793,8.855001748989793,10.497230958046584,11.671097780763303,13.428045106798598,182.4891461649792,14.77713178294573,-11.03190162181429,-43.033207805546056,-49.033270799035186,-11.154503933657036,-39.01584019457395,-49.218667072339315,17.36980240808787,10.907,4.444197591912128,29.408079434287203,10.497230958046584,4.268035959640736,-5.103461538461545,-4.215807383542286,-2.4019999999999975,10.497230958046584,11.671097780763303,7.618374267977498,5.257677257177128,0.536283235576386,25.0,802.7059561353917,9.004999999999999,9.362499999999999,9.719999999999999,7.885,7.1225000000000005,6.360000000000001
2018-07-18,8.07,8.19,8.26,8.05,261192.0,8.016000000000002,8.712274158264375,8.712274158264375,10.266066104899291,11.4387688916818,13.252371496739627,190.03021148036544,18.475639170284598,-9.393712574850293,-42.36400428520413,-50.796212610286204,-9.271751591709508,-38.59589040547017,-51.042412549866356,16.325991548342586,10.4325,4.539008451657413,29.99236923061062,10.266066104899291,3.4860208877051324,-5.164000000000007,-4.461174050208952,-2.0729999999999986,10.266066104899291,11.4387688916818,10.083157060755141,6.866170525036465,0.43219745359911244,25.0,379.6976247068215,8.745000000000001,9.2325,9.719999999999999,7.625000000000002,6.9925000000000015,6.360000000000001
2018-07-19,7.57,8.09,8.13,7.5,259415.31,7.956,8.504587947670851,8.504587947670851,10.009297904432692,11.18917089867007,13.066064234551442,154.091539528433,17.95238095238094,-11.358313817330199,-43.40539530247336,-54.028340080971645,-11.996434805610088,-40.251430124763324,-54.31878463467798,15.217539054081048,10.020999999999997,4.824460945918948,30.1334598249815,10.009297904432692,2.8650836153994224,-5.242146341463421,-4.671872555323037,-2.077,10.009297904432692,11.18917089867007,7.513661435402283,7.082000828491738,6.21867961467065,25.0,187.16251449848932,7.885000000000002,8.7925,9.7,6.785000000000002,6.592500000000001,6.4
2018-07-20,7.75,7.63,7.83,7.53,191328.56,7.906000000000001,8.367390139003422,8.367390139003422,9.794126675439102,10.967288905207486,12.891767046533362,144.84679665738116,17.756142790913295,-5.946601941747575,-39.04037755637126,-53.12748686932993,-8.06583921257523,-36.62220675705877,-53.49717425870028,14.375237112086987,9.697499999999998,5.019762887913009,30.16896579014992,9.794126675439102,2.6106687511471023,-5.2324761904761985,-4.8482576743706565,-1.543000000000001,9.794126675439102,10.967288905207486,7.8392963028468,7.3344326532767585,6.324705354136677,33.33333333333333,274.69086560960125,7.93,8.815,9.7,6.83,6.615,6.4
2018-07-23,7.65,7.73,7.73,7.55,146997.52,7.872,8.236955568275528,8.236955568275528,9.589924134921091,10.753270266161843,12.719905831892923,147.72727272727198,18.926422952336868,-4.909881914232437,-36.24557260920898,-53.875373066835486,-7.336475609029132,-34.782966554281494,-54.293434584438394,13.663526151545007,9.312499999999996,4.961473848454987,30.246321151795847,9.589924134921091,2.087633909377651,-5.19769767441861,-4.972651684236759,-1.3630000000000013,9.589924134921091,10.753270266161843,7.072017296360406,7.2469608676379735,7.596848010193108,33.33333333333333,134.40822770237403,7.790000000000001,8.745000000000001,9.7,6.690000000000001,6.545000000000001,6.4
2018-07-24,7.93,7.62,8.17,7.62,264481.91,7.794,8.181145464952705,8.181145464952705,9.431836122071463,10.57112379737721,12.562859739043974,159.8518518518508,18.66116460339293,-0.8543446551364982,-30.433511221580524,-52.07907686109752,-4.158227874339141,-29.501811622954214,-52.407317909322316,12.565383363310856,9.006499999999999,5.447616636689142,30.007757248815324,9.431836122071463,1.6620116160559348,-5.113181818181821,-5.049563983702,-0.822000000000001,9.431836122071463,10.57112379737721,9.816719013900126,8.103546916392023,4.677202721375817,41.66666666666667,231.88029288419213,8.325,9.0125,9.7,7.225,6.8125,6.4
2018-07-25,8.28,7.93,8.4,7.87,325777.97,7.836,8.199119016779486,8.199119016779486,9.322137443778942,10.423309358836747,12.422438108255648,165.42056074766467,21.016483516483504,3.9330543933054187,-24.05411602843384,-49.64199817543472,0.7819992778270916,-23.253348460083796,-49.71715119582246,11.640794135392824,8.7865,5.932205864607177,29.37631567520721,9.322137443778942,1.4506180596763105,-4.952666666666671,-5.080159221797238,-0.2649999999999988,9.322137443778942,10.423309358836747,16.421022552476618,10.876038795086888,-0.21392871969256788,50.0,687.9817825068333,8.915,9.1075,9.3,8.014999999999999,7.307499999999999,6.6
2018-07-26,9.11,8.54,9.11,8.41,635016.19,8.144,8.364733741001398,8.364733741001398,9.301933877704757,10.338579722782764,12.313833580116118,168.04451510333948,23.10502283105022,14.711437565582356,-11.266233766233748,-44.43354195396203,13.431877642063592,-11.695968770545933,-44.37490338165713,10.998726995273204,8.6715,6.344273004726796,28.440105944461994,9.301933877704757,1.5080721966230932,-4.746739130434786,-5.072605357062938,0.7650000000000006,9.301933877704757,10.338579722782764,34.166721587690944,18.639599725954906,-12.414643997517175,58.333333333333336,1205.066394363977,10.369999999999997,10.544999999999998,10.719999999999999,8.759999999999998,7.324999999999999,5.890000000000001
2018-07-27,8.79,9.11,9.51,8.76,547844.75,8.352,8.442054879001143,8.442054879001143,9.253178270304304,10.238671353570973,12.198298052899196,211.67315175097326,27.05558107487367,10.961498001262347,-9.861562126132297,-46.06396850152125,10.553601187390678,-11.571420064499334,-45.71158474993704,10.58547280455014,8.571,6.556527195449859,27.314291984671577,9.253178270304304,1.7683453810720735,-4.582489361702132,-5.037154293233151,0.6679999999999993,9.253178270304304,10.238671353570973,44.28848762660511,27.18922902617164,-7.0092881746953,58.333333333333336,513.0144902912069,10.394999999999996,10.942499999999999,11.489999999999998,8.414999999999997,6.982499999999999,5.550000000000001
2018-07-30,8.22,8.64,8.72,8.08,293510.53,8.466,8.401681264637299,8.401681264637299,9.154780339799132,10.108434492050266,12.067862051164795,192.28070175438842,28.435804701627475,4.535820262823239,-12.195121951219502,-49.12972847528429,4.5146712252498125,-14.745581668231114,-48.3356658364743,10.243515865950522,8.4605,6.677484134049477,26.224591374646522,9.154780339799132,2.0673186229310687,-4.448916666666671,-4.978377538847186,0.2220000000000013,9.154780339799132,10.108434492050266,41.676725741217865,32.018394597853714,12.701732311125411,50.0,295.9917565412068,9.07,10.27,11.469999999999999,7.110000000000001,6.3500000000000005,5.59
2018-07-31,8.3,8.26,8.5,8.2,197189.23,8.540000000000001,8.38319376197597,8.38319376197597,9.073372688389691,9.991761299014765,11.944325590470868,145.13888888889127,27.244853263250107,5.307676041446401,-8.413793103448269,-48.032975060002094,5.282952539598169,-11.338644622670738,-46.625043776187944,9.930851682898822,8.356,6.781148317101177,25.242404334774015,9.073372688389691,2.273133282081899,-4.36279591836735,-4.904310976837766,0.39700000000000024,9.073372688389691,9.991761299014765,41.249180050795495,35.09532308216764,22.787609144911926,50.0,377.2514774039527,9.029999999999998,10.215,11.399999999999999,7.139999999999999,6.435,5.73
2018-08-01,7.98,8.2,8.29,7.9,189384.72,8.48,8.309885805253066,8.309885805253066,8.9692419561621,9.861970247465427,11.814347702258708,130.44217687075152,28.44638949671771,1.3333333333333388,-9.889903077067856,-49.39357907253271,-0.210061851957624,-13.27253952904952,-47.397338009656664,9.576377267237472,8.2515,6.926622732762528,24.268104449581227,8.9692419561621,2.4935724418598397,-4.280800000000005,-4.8159909768377664,0.10999999999999854,8.9692419561621,9.861970247465427,35.45965237217213,35.2167661788358,34.73099379216313,50.0,270.4190712501068,8.204999999999998,9.677499999999998,11.149999999999999,6.5649999999999995,6.3975,6.23
2018-08-02,7.68,7.92,8.09,7.28,181797.59,8.193999999999999,8.195361113388872,8.195361113388872,8.846457007956186,9.7211979734354,11.678795318578095,112.42138364780054,27.913978494623642,-4.576516877200257,-11.307862573380804,-50.625485521416536,-7.63519997047782,-14.923798487536938,-48.076912594587036,9.247611763904214,8.145500000000002,7.043388236095789,23.28029983708442,8.846457007956186,2.645026874219406,-4.103400000000002,-4.702116342691424,-0.24600000000000044,8.846457007956186,9.7211979734354,29.61884149176198,33.350791283144524,40.814690865909604,41.66666666666667,-139.3618888424867,8.085,9.9125,11.739999999999998,5.855,5.452500000000001,5.050000000000001
2018-08-03,7.48,7.67,7.77,7.43,118475.5,7.932000000000002,8.065295456409077,8.065295456409077,8.716318245293692,9.576604555794408,11.541129898296846,109.84848484848722,27.557411273486416,-9.351646132094524,-11.207834602829134,-51.18821034313993,-11.485693746426346,-15.029126813409318,-48.195928311294736,8.963542467143878,8.07,7.176457532856122,22.220549000119277,8.716318245293692,2.8737942148699016,-3.9620000000000015,-4.575068723643805,-0.5700000000000003,8.716318245293692,9.576604555794408,22.73543094966494,29.81233783865133,43.96615161662411,41.66666666666667,-309.565761690783,7.8,9.77,11.739999999999998,5.57,5.3100000000000005,5.050000000000001
2018-08-06,7.78,7.54,7.78,7.45,178401.92,7.843999999999999,8.01342355524379,8.01342355524379,8.627145079075246,9.460694584452833,11.417814163926458,97.01046337817823,27.644628099173534,-6.602641056422567,-5.477371671560164,-48.41276419394946,-7.212193279132002,-9.964270133079436,-44.78156676833415,8.841485339131639,8.029,7.216514660868361,21.130942859605064,8.627145079075246,3.1467962396708593,-3.7912,-4.434418956201943,-0.3489999999999993,8.627145079075246,9.460694584452833,22.630795521002337,27.418490399435,36.99388015630033,50.0,-210.49092998169246,8.114999999999998,9.1375,10.16,6.674999999999999,6.257499999999999,5.84
2018-08-07,8.01,7.75,8.12,7.57,198072.14,7.786,8.01280109065401,8.01280109065401,8.568369357258556,9.367101385455877,11.306082551994443,95.46120058565273,28.848534874122965,-5.076041872407657,-0.5174912026495696,-45.96660857833494,-4.192516218340655,-5.637597353187316,-41.7299359928497,8.791775534371498,8.0165,7.241224465628504,19.9760601211867,8.568369357258556,3.4599895400629475,-3.6319999999999997,-4.286300774383762,-0.1590000000000007,8.568369357258556,9.367101385455877,25.999005683657757,26.94532882750925,28.83797511521223,50.0,59.71695827804808,8.575,9.1475,9.719999999999999,7.355,6.7075000000000005,6.0600000000000005
2018-08-08,7.81,7.89,8.1,7.78,164678.31,7.752000000000001,7.975928165080553,7.975928165080553,8.496143704186313,9.266643231555499,11.191456894552003,94.77503628447327,29.99181669394433,-7.537490134175227,-1.9254918375889603,-46.178142766898304,-5.35395051058523,-7.052794368423466,-41.567419351718556,8.794325123109125,8.020999999999999,7.247674876890873,18.796340113099255,8.496143704186313,3.906752437555185,-3.516799999999998,-4.142714107717095,-0.3570000000000002,8.496143704186313,9.266643231555499,25.254942503604415,26.381866719540973,28.635715151414097,50.0,123.07614827804771,8.469999999999999,8.884999999999998,9.299999999999997,7.460000000000001,6.865000000000001,6.270000000000001
2018-08-09,7.86,7.61,7.99,7.53,157428.52,7.788000000000001,7.954850316884089,7.954850316884089,8.435558589501902,9.175892055326113,11.082228799648657,104.24886191199052,30.077016619375733,-5.830670926517579,-0.9659806803863977,-44.579587519830795,-2.8241157186498795,-6.2472596410004435,-39.466587675732804,8.786201255515762,8.0205,7.25479874448424,17.73912632246278,8.435558589501902,4.325576461462666,-3.481,-4.016140194673616,-0.29799999999999915,8.435558589501902,9.175892055326113,25.50628453902477,26.090005992702235,27.25744890005717,50.0,505.71054583184645,8.34,8.649999999999999,8.959999999999997,7.500000000000002,6.9700000000000015,6.440000000000001
2018-08-10,7.88,7.86,8.01,7.8,115206.63,7.867999999999999,7.941241168359709,7.941241168359709,8.382648247644578,9.092286116272815,10.977237691463456,110.03184713376073,30.46092184368735,-2.414860681114565,-1.592257258819883,-43.05158240236081,-0.43704567483805884,-7.244847726489037,-37.493056165209715,8.779856466975977,8.0145,7.249143533024023,16.800645150924396,8.382648247644578,4.652181177389108,-3.4102000000000006,-3.8989112585034036,-0.2890000000000006,8.382648247644578,9.092286116272815,25.972799558154023,26.050937181186164,26.207212427250454,50.0,412.55073642886117,8.355,8.5825,8.809999999999999,7.665000000000001,7.202500000000001,6.74
2018-08-13,7.77,7.73,7.81,7.6,111660.6,7.866,7.910106410476125,7.910106410476125,8.324300795487952,9.006977334577796,10.872082357317112,128.96678966790006,30.987604958016764,-1.7284991568297134,-4.034582132564837,-42.348358375069566,-1.347564114222974,-9.024861972002956,-36.393181176328085,8.784383888198287,8.012000000000002,7.239616111801719,15.97746006271974,8.324300795487952,5.01700185337343,-3.280400000000003,-3.782059591836736,-0.3719999999999999,8.324300795487952,9.006977334577796,24.639564428903867,25.58047959709206,27.462309933468447,41.66666666666667,509.07882734314677,8.024999999999999,8.407499999999999,8.79,7.355,7.067500000000001,6.780000000000001
2018-08-14,7.83,7.74,7.94,7.69,103615.21,7.83,7.895541608571374,7.895541608571374,8.277224529251004,8.931043312992132,10.772341952159174,120.81031307550865,30.367734282325,-0.5293245818335729,-3.640652240795806,-40.35043169121383,-1.0661961394064192,-7.789512014756108,-34.024365463062345,8.759444565819603,7.9875000000000025,7.215555434180402,15.298448806893703,8.277224529251004,5.23368340290488,-3.1544000000000025,-3.661220000000001,-0.3249999999999993,8.277224529251004,8.931043312992132,24.647601995950854,25.269520396711656,26.51335719823326,50.0,694.802314054258,8.114999999999998,8.412499999999998,8.709999999999997,7.525,7.232500000000001,6.940000000000001
2018-08-15,7.53,7.83,7.83,7.51,124980.22,7.773999999999999,7.8290794979220335,7.8290794979220335,8.206060288369956,8.84065342183135,10.666035658645757,119.92551210428459,30.94205754828535,-3.337612323491653,-7.616808097331554,-41.1066936062048,-4.496880125865312,-11.013832047817687,-34.85356845919786,8.743961706082665,7.9605000000000015,7.177038293917337,14.632293575811124,8.206060288369956,5.386302233054261,-3.019000000000003,-3.5350400000000013,-0.633,8.206060288369956,8.84065342183135,20.168655441246756,23.569232078223354,30.370385352176555,50.0,463.80870461276896,7.6899999999999995,8.19,8.69,7.1,7.01,6.92
2018-08-16,7.05,7.38,7.38,6.79,151898.06,7.611999999999999,7.6874286801180265,7.6874286801180265,8.095959308525199,8.725127394616425,10.54747711246065,118.81918819188203,30.55663682366677,-9.266409266409275,-13.64703480657344,-43.31278477619943,-10.505081907771583,-15.949726676657958,-37.38615271146503,8.807440141015363,7.9345000000000026,7.061559858984642,13.969352467277332,8.095959308525199,5.6189008836008725,-2.895999999999998,-3.414300000000001,-1.0660000000000016,8.095959308525199,8.725127394616425,16.632044803968423,21.256836320138376,30.506419352478282,41.66666666666667,301.5624139248326,7.345,8.2875,9.23,6.125,5.8475,5.57
2018-08-17,6.87,7.14,7.22,6.82,110989.5,7.409999999999999,7.5388052837329305,7.5388052837329305,7.979201279141846,8.605441756254075,10.42690409237997,105.75916230366511,29.133560348089265,-11.960700555318253,-15.298469125654993,-43.00528881053614,-12.797831798323845,-17.01835299356845,-37.683293350629036,8.861831461065808,7.890500000000001,6.919168538934194,13.411921582332425,7.979201279141846,5.767926687509757,-2.7686,-3.2949600000000006,-1.1210000000000013,7.979201279141846,8.605441756254075,12.4697224427147,18.32779836099715,30.04395019756205,41.66666666666667,206.6714392026103,7.1000000000000005,8.165,9.23,5.880000000000001,5.7250000000000005,5.57
2018-08-20,7.05,6.98,7.27,6.93,117465.97,7.266,7.449931595781488,7.449931595781488,7.890705919223575,8.505090675205427,10.316185925416692,105.19713261648731,29.51987996999247,-10.210146465718532,-12.549100682241049,-39.391768456496045,-10.160382641755879,-13.560837805435941,-34.649516821912414,8.893968062316233,7.860500000000002,6.827031937683771,12.972890846501627,7.890705919223575,5.890781397641297,-2.6590000000000016,-3.1817400000000005,-0.8500000000000014,7.890705919223575,8.505090675205427,13.381374416000828,16.678990379331708,23.27422230599347,50.0,-13.40811464120341,7.3599999999999985,8.225,9.09,6.209999999999998,5.924999999999999,5.64
2018-08-21,7.09,7.03,7.09,6.91,101210.53,7.118,7.38448948745758,7.38448948745758,7.814448212630854,8.413794502611529,10.210409337698112,105.05415162454823,31.09022556390974,-9.796437659033074,-12.243424445590522,-36.76935082308349,-9.593651745835409,-12.449413301636918,-32.67205545474761,8.89910787461725,7.818500000000002,6.7378921253827535,12.637165020452526,7.814448212630854,6.007109867105358,-2.568800000000002,-3.0754200000000007,-0.7649999999999997,7.814448212630854,8.413794502611529,15.58758294400055,16.315187900887988,17.77039781466286,58.333333333333336,169.58130012070083,7.3,8.195,9.09,6.1499999999999995,5.895,5.64
2018-08-22,7.8,7.8,7.8,7.63,212065.56,7.172,7.460036853374383,7.460036853374383,7.813072192380297,8.374194857281752,10.131379523347354,89.67971530249093,31.07703814510094,0.2570694087403544,-3.713609710935099,-27.800061709348967,0.6046446842116593,-3.5203910385917907,-24.331366386670965,8.874092599736539,7.794500000000001,6.714907400263463,12.506217455875747,7.813072192380297,6.0976502995337665,-2.3756000000000004,-2.9613000000000014,-0.008000000000000007,7.813072192380297,8.374194857281752,35.705005170687095,22.778460324154356,-3.0746293689111184,58.333333333333336,383.70187345403383,8.725000000000001,8.7975,8.870000000000001,7.6850000000000005,6.7175,5.75
2018-08-23,7.96,7.9,8.36,7.83,468164.59,7.353999999999999,7.55093924366995,7.55093924366995,7.827065316915506,8.347472608424866,10.060186752090063,97.83783783783623,34.4274809160305,4.0069686411149945,-1.8999691896888282,-23.33253070069828,5.399340706259003,-1.0241046789015418,-21.152629057421613,8.798946187532788,7.737000000000002,6.675053812467215,12.457601242168037,7.827065316915506,6.04875529844057,-2.1610000000000014,-2.8293000000000013,0.19699999999999918,7.827065316915506,8.347472608424866,48.64410111166826,31.40034058665899,-3.0871804633595445,58.333333333333336,360.17021435969383,9.265,9.5975,9.93,7.695,6.4575000000000005,5.220000000000001
2018-08-24,7.66,7.68,7.85,7.61,234144.23,7.5120000000000005,7.570768472093595,7.570768472093595,7.811154334352125,8.303119536913584,9.981492104480552,110.53677932405392,36.60680168131444,2.2924549298909564,-5.52929085303187,-23.25610519724483,4.114186003180655,-4.420925056218121,-22.799516152163456,8.56753536909852,7.6805,6.7934646309014814,12.320255057652965,7.811154334352125,5.9893056219453,-1.983600000000001,-2.6866400000000015,-0.040000000000000036,7.811154334352125,8.303119536913584,50.90073832073002,37.900473164682666,11.899942852587955,58.333333333333336,405.9904263041384,8.57,9.235,9.899999999999999,7.030000000000001,6.155000000000001,5.280000000000001
2018-08-27,7.61,7.61,7.67,7.41,200965.52,7.6240000000000006,7.577901477167486,7.577901477167486,7.791996778699541,8.258402147435289,9.903738264989386,105.65302144249384,35.70889894419302,3.5374149659864162,-5.758513931888554,-21.28604059819849,4.683884414788338,-4.799362468706704,-22.274290594844796,8.40128189768949,7.650000000000001,6.898718102310513,12.12061883553189,7.791996778699541,6.026126541247493,-1.8002000000000002,-2.538620000000001,-0.028999999999999915,7.791996778699541,8.258402147435289,51.3435920015058,42.38151277695704,24.45735432785952,50.0,256.9188043041384,8.24,9.024999999999999,9.809999999999999,6.790000000000001,6.125000000000001,5.460000000000001
2018-08-28,7.44,7.59,7.59,7.37,173369.44,7.694,7.552828481318851,7.552828481318851,7.758473275966251,8.205602008891077,9.822959961219242,104.83558994197178,35.412775494956996,2.809765085214184,-6.5717873587275015,-21.31147540983605,3.072535300989342,-6.523705402768087,-23.585507517083958,8.323579175168883,7.607000000000001,6.89042082483112,11.907731234722563,7.758473275966251,6.0307526776016385,-1.6329999999999991,-2.386480000000001,-0.12599999999999945,7.758473275966251,8.205602008891077,48.02948596278731,44.26417050556712,36.73353959112676,41.66666666666667,-76.42402734251607,8.010000000000002,8.91,9.809999999999999,6.560000000000002,6.010000000000002,5.460000000000001
2018-08-29,7.76,7.48,8.18,7.48,353462.41,7.686,7.590496030169969,7.590496030169969,7.758618678255179,8.176853492188426,9.755321929703856,107.73694390715676,35.02406516105142,7.305830836598294,-1.5644820295983166,-15.483753857324349,5.085811712782593,-2.2590569716501885,-19.674251288908913,8.252210518734621,7.596000000000001,6.939789481265381,11.65189754172506,7.758618678255179,6.041016474187312,-1.4139999999999997,-2.2259800000000007,0.2860000000000005,7.758618678255179,8.176853492188426,52.61413713867349,47.04749271660258,35.91420387246076,50.0,-452.12367519966,8.219999999999999,8.785,9.349999999999998,7.23,6.805000000000001,6.380000000000001
2018-08-30,7.41,7.58,7.65,7.4,195081.58,7.575999999999999,7.557678570139065,7.557678570139065,7.725416899373734,8.127379073337561,9.678426128729958,97.73156899810903,37.819799777530534,1.460520310360563,-5.313598125865181,-17.102503146413074,-1.839828781092362,-5.921211302022312,-22.371067047028564,8.222920780042468,7.582499999999999,6.94207921995753,11.300622197035233,7.725416899373734,6.132014293552151,-1.2102000000000013,-2.0574000000000003,-0.06299999999999883,7.725416899373734,8.127379073337561,48.2395733790732,47.44485293742612,45.855412054131975,41.66666666666667,-351.03205626632626,7.565,8.4575,9.349999999999998,6.575000000000001,6.477500000000001,6.380000000000001
2018-08-31,7.12,7.48,7.52,7.12,157787.0,7.468000000000001,7.478100648295598,7.478100648295598,7.667758147052426,8.062386875057719,9.594543304837172,84.05797101449286,36.91913648005849,-3.848750844024287,-7.791927476796891,-18.686652391149174,-6.076448501984255,-8.120045919235732,-24.622402309446173,8.233243703214892,7.5645,6.895756296785106,10.987443842673505,7.667758147052426,6.266846315476988,-1.0431999999999988,-1.8848600000000004,-0.36299999999999866,7.667758147052426,8.062386875057719,39.166085012800394,44.685263629217545,55.72362086205183,41.66666666666667,-300.42407095382674,7.320000000000001,8.280000000000001,9.239999999999998,6.260000000000002,6.160000000000001,6.0600000000000005
2018-09-03,7.03,6.91,7.08,6.89,116882.36,7.351999999999999,7.396627803150944,7.396627803150944,7.607019275904577,7.995781270215286,9.51045991779333,84.97109826589593,36.92976104272261,-6.619437679876021,-7.853631895139272,-18.382352941176467,-7.366214501658644,-7.669766241340459,-24.63966747586317,8.232513113155571,7.526999999999999,6.821486886844427,10.801098014380004,7.607019275904577,6.335640700137107,-0.8787999999999965,-1.7068400000000004,-0.4309999999999983,7.607019275904577,7.995781270215286,31.20626474314082,40.1922640005253,58.164262515294254,41.66666666666667,-252.89553039242392,7.125000000000001,8.2975,9.469999999999999,5.835000000000001,5.7175,5.6
2018-09-04,7.28,7.08,7.37,7.06,168548.41,7.32,7.375422748032589,7.375422748032589,7.5758745829612835,7.949601833427203,9.437330084423056,99.3548387096774,36.48114901256728,-4.126426690079018,-3.915530136383636,-14.18467583497052,-3.5307423587418327,-3.284202463840227,-20.840602285003076,8.195627318395331,7.4905,6.7853726816046676,10.698016668947993,7.5758745829612835,6.294270739424633,-0.7243999999999993,-1.5223999999999998,-0.16500000000000004,7.5758745829612835,7.949601833427203,31.20757352302807,37.197367174692886,49.176954478022516,50.0,-37.32221456115869,7.605000000000001,8.537500000000001,9.469999999999999,6.315000000000001,5.9575000000000005,5.6
2018-09-05,7.06,7.23,7.29,7.04,135919.41,7.1800000000000015,7.318073157481209,7.318073157481209,7.526743670298304,7.892208166754481,9.359384835753447,92.88702928870231,37.74263120057507,-8.371187540558074,-6.417762067822824,-15.554448043857457,-7.196370762422564,-5.36124381447621,-22.069061402582122,8.147166166466405,7.4529999999999985,6.7588338335335925,10.560631773907152,7.526743670298304,6.310485405096651,-0.6859999999999982,-1.3534399999999995,-0.346000000000001,7.526743670298304,7.892208166754481,26.53753309178516,33.644089147056974,47.8572012576006,41.66666666666667,-75.88146076856651,7.335,8.4025,9.469999999999999,6.045,5.8225,5.6
2018-09-06,7.07,7.01,7.25,6.98,123636.4,7.112,7.27296894703008,7.27296894703008,7.4832442731270365,7.839162478576773,9.28432303785989,101.77383592017766,37.45545260156801,-7.460732984293197,-6.30590833793484,-14.320339325388808,-6.370558431319305,-5.887200291677244,-21.06695969710155,8.110175617557966,7.413499999999999,6.716824382442033,10.466723468747663,7.4832442731270365,6.298573026541494,-0.6882000000000001,-1.2061599999999992,-0.359,7.4832442731270365,7.839162478576773,23.102944139112186,30.13037414440871,44.18523415500176,41.66666666666667,17.800191845812723,7.295000000000001,7.852500000000001,8.41,6.535,6.3325,6.129999999999999
2018-09-07,7.26,7.07,7.3,7.06,165266.05,7.140000000000001,7.270610956660974,7.270610956660974,7.461982913781604,7.801797157378272,9.217951790716942,119.84536082474241,38.02416488983648,-3.199999999999991,-3.734806629834238,-11.09296867027248,-2.260242919601409,-4.236097605834684,-18.254310331116944,8.055898663227946,7.3824999999999985,6.70910133677205,10.380667568135824,7.461982913781604,6.2679340228400795,-0.6573999999999982,-1.073539999999999,-0.20499999999999918,7.461982913781604,7.801797157378272,23.791985435145087,28.0175779079875,36.46876285367233,41.66666666666667,18.888963853387917,7.55,7.85,8.149999999999999,6.92,6.59,6.26
2018-09-10,7.05,7.19,7.28,7.02,118216.0,7.144,7.230499873631706,7.230499873631706,7.422746445802404,7.753294114966771,9.146871404136059,121.7847769028882,38.82770870337472,-4.665314401622727,-6.364139457664619,-12.779009227279769,-3.6122300192339343,-7.154701809020393,-19.84543048358246,8.001192463850183,7.346500000000001,6.691807536149819,10.271453691992075,7.422746445802404,6.282995366509932,-0.6457999999999995,-0.9580999999999991,-0.4400000000000004,7.422746445802404,7.753294114966771,19.48944153726226,25.174865784412418,36.54571427871274,33.33333333333333,-138.39990792283598,7.31,7.58,7.8500000000000005,6.829999999999999,6.619999999999999,6.409999999999999
2018-09-11,7.13,7.07,7.23,6.95,110371.4,7.114,7.212227169335032,7.212227169335032,7.39486583191646,7.7130815914205275,9.08074447285291,118.74999999999983,38.56991898555824,-2.8610354223433236,-5.038845726970018,-11.272425593694923,-2.38804053135191,-6.132943746323727,-18.240185264314842,7.947573556407589,7.3115000000000006,6.675426443592412,10.176056125268607,7.39486583191646,6.2360644514713055,-0.6115999999999993,-0.855959999999999,-0.35800000000000143,7.39486583191646,7.7130815914205275,18.43513789558981,22.928289821471544,31.914593673235018,41.66666666666667,-73.57931613712185,7.269999999999999,7.529999999999999,7.79,6.849999999999999,6.6899999999999995,6.53
2018-09-12,7.22,7.14,7.23,7.1,122472.0,7.145999999999999,7.213640411274116,7.213640411274116,7.378211943162512,7.68126987584501,9.019736457349536,115.67567567567671,39.066339066339005,-0.7787448465414685,-3.368280169529313,-9.815759342146354,-0.20173719476478327,-4.647098441879831,-16.564706011388587,7.89377819925973,7.296000000000001,6.6982218007402725,9.986610899409715,7.378211943162512,6.2053077176406815,-0.6086000000000018,-0.7754199999999993,-0.2869999999999999,7.378211943162512,7.68126987584501,19.77308512767212,21.8765549235384,26.083494515270957,50.0,-83.77090978260712,7.435,7.5424999999999995,7.6499999999999995,7.085,6.8425,6.6000000000000005
2018-09-13,7.25,7.23,7.3,7.08,121511.0,7.1819999999999995,7.220251245587913,7.220251245587913,7.3660012819089395,7.653446012887268,8.961712311206927,110.69518716577788,39.37587657784006,1.2334186641842964,-2.9559397657557267,-9.209496477954625,0.8686142332006966,-4.615492845468484,-15.528134711642744,7.8957368643395105,7.306,6.71626313566049,9.689322789790857,7.3660012819089395,6.269079768492835,-0.5736000000000017,-0.7117599999999993,-0.18299999999999983,7.3660012819089395,7.653446012887268,22.484382333176768,22.079164060084523,21.268727513900032,58.333333333333336,-83.69651523715251,7.489999999999999,7.569999999999999,7.6499999999999995,7.14,6.87,6.6000000000000005
2018-09-14,7.17,7.2,7.25,7.1,86062.3,7.164,7.211114655481019,7.211114655481019,7.3473344931557065,7.622255947539703,8.902967645265715,101.32978723404513,39.462665736217666,0.4670714619336742,-3.575030819231209,-10.2628285356696,-0.5308170607607182,-5.302266250591411,-15.869955717130392,7.903457067797846,7.321,6.7385429322021535,9.362268302866509,7.3473344931557065,6.419143535580641,-0.5322000000000022,-0.6606599999999997,-0.1739999999999995,7.3473344931557065,7.622255947539703,22.2247303409809,22.12768615371665,21.93359777918814,50.0,-122.17766095143796,7.394999999999999,7.522499999999999,7.6499999999999995,7.044999999999999,6.8225,6.6000000000000005
2018-09-17,6.97,7.12,7.14,6.96,72682.0,7.148000000000001,7.167275627211743,7.167275627211743,7.311397874759924,7.580174918666174,8.839591656896346,95.33678756476952,39.25720236029151,-2.1754385964912313,-5.8320198153569125,-12.61101243339255,-2.695010058450858,-7.091488024081885,-17.44756457989974,7.886831100408882,7.317,6.747168899591118,9.085563997126316,7.311397874759924,6.5433324281353915,-0.5056000000000038,-0.6233400000000004,-0.3340000000000005,7.311397874759924,7.580174918666174,16.88367035651957,20.379680887984286,27.371701950913717,50.0,-220.04746988477146,7.069999999999999,7.359999999999999,7.6499999999999995,6.72,6.66,6.6000000000000005
2018-09-18,6.92,6.7,6.94,6.35,127908.0,7.106,7.122316422264154,7.122316422264154,7.27412188668755,7.537582988429647,8.776654225522694,94.11764705882733,38.86974500344584,-3.103850641773629,-6.4864864864864815,-12.80516616790047,-3.2655348479440023,-6.8563892265118875,-16.943412724696476,7.891909324496356,7.308499999999998,6.7250906755036395,8.960758080155573,7.27412188668755,6.66538630460502,-0.5148000000000028,-0.6023800000000008,-0.3280000000000003,7.27412188668755,7.537582988429647,21.6382938988819,20.799218558283492,19.121067877086674,50.0,-55.184005160195476,7.215,7.7325,8.25,6.265,5.8325,5.3999999999999995
2018-09-19,6.94,6.89,7.02,6.83,88134.04,7.05,7.089167981852489,7.089167981852489,7.242300754622069,7.499029247240639,8.716436054194082,92.17603911980922,37.955465587044486,-2.6875438186492135,-6.647236856854612,-12.11481637821868,-3.2425440334910767,-6.297319827943245,-15.517669977589682,7.8624415624874375,7.2655,6.668558437512563,8.996109109634084,7.242300754622069,6.658021524196929,-0.5112000000000032,-0.5849000000000013,-0.27700000000000014,7.242300754622069,7.499029247240639,29.553734394126405,23.717390503564463,12.044702722440583,58.333333333333336,52.96909512526436,7.515000000000001,7.8825,8.25,6.565,5.9825,5.3999999999999995
2018-09-20,7.1,6.91,7.16,6.9,130194.0,7.0200000000000005,7.091137439697491,7.091137439697491,7.22874830180092,7.473285424838017,8.663438150777884,106.34920634920975,38.17692566431209,-0.8841321544904626,-4.5057162071284695,-9.482071713147455,-1.316186584503765,-3.442242345414365,-12.578336211349495,7.778811141509677,7.222499999999999,6.6661888584903215,9.068596746810705,7.22874830180092,6.553711921893545,-0.49280000000000435,-0.5653600000000016,-0.06299999999999972,7.22874830180092,7.473285424838017,41.07001096360564,29.50159732357819,6.3647700435232935,58.333333333333336,223.02877685603337,7.779999999999999,8.015,8.25,6.829999999999999,6.114999999999999,5.3999999999999995
2018-09-21,7.11,7.07,7.18,7.02,111640.3,7.008,7.094566996116129,7.094566996116129,7.217438939724642,7.449847655493629,8.612505752391725,127.46913580247488,38.86462882096065,-0.9749303621169834,-4.3497757847533505,-8.880226411064264,-1.080183905461734,-2.7300733979004375,-11.556517648663554,7.656638607659318,7.195,6.733361392340683,9.059833795593342,7.217438939724642,6.52415976180574,-0.49000000000000377,-0.5486200000000022,-0.03699999999999992,7.217438939724642,7.449847655493629,52.216608616259975,37.07326775447211,6.7865860308963875,66.66666666666666,226.75468156191596,7.860000000000001,8.005,8.15,6.960000000000001,6.205,5.449999999999999
2018-09-25,7.05,7.04,7.12,7.0,68633.0,7.023999999999999,7.086463905913195,7.086463905913195,7.201492374036581,7.424051032558557,8.561276055591996,139.52702702703607,39.028475711892746,-1.1451273662070625,-4.579291676065887,-9.760000000000044,-1.0589769719511202,-3.450212968512249,-12.093772206785445,7.588544509207073,7.167000000000002,6.7454554907929305,9.026621774806397,7.201492374036581,6.490324777126105,-0.47460000000000413,-0.5315000000000027,-0.10199999999999942,7.201492374036581,7.424051032558557,57.686889404304026,43.94447497108275,16.4596461046402,58.333333333333336,198.7372548952493,7.76,7.885,8.01,6.93,6.225,5.52
2018-09-26,6.92,7.06,7.08,6.88,139684.05,7.023999999999999,7.056197741201705,7.056197741201705,7.174683576509287,7.391531611103167,8.507463725900456,124.91909385113713,38.91855807743653,-2.6722925457102726,-5.367521367521368,-11.523094134569314,-2.076695226988618,-4.7248412076045545,-13.663142451200649,7.532364842454323,7.141,6.7496351575456774,9.003032815401248,7.174683576509287,6.51420454110911,-0.46760000000000357,-0.5171000000000031,-0.2259999999999991,7.174683576509287,7.391531611103167,58.457926269536024,48.782292070567166,29.43102367262945,50.0,100.95841989524962,7.550000000000001,7.78,8.01,6.720000000000001,6.12,5.52
2018-09-27,7.06,6.92,7.49,6.92,271861.75,7.048,7.056889060983213,7.056889060983213,7.163761331127451,7.370142474902963,8.460005898821752,147.1380471380521,38.798539661466926,-0.2590063574287761,-2.8663150653519915,-9.737907521841072,0.4190395588932288,-2.5223406572012816,-11.603122883984522,7.47767025104278,7.105999999999999,6.734329748957218,9.017549758997193,7.163761331127451,6.433284039750275,-0.46340000000000536,-0.5025800000000035,-0.0500000000000016,7.163761331127451,7.370142474902963,59.732184764485986,52.43225630187344,37.832399376648326,58.333333333333336,114.73171639309813,7.4350000000000005,7.7925,8.15,6.775,6.4725,6.17
2018-09-28,6.92,6.98,6.98,6.75,169988.7,7.011999999999999,7.032000140804447,7.032000140804447,7.14054596625817,7.341101024909223,8.409513902139071,144.22442244225212,40.69034185197473,-1.9598583234946916,-4.364850857998383,-11.376734258271112,-1.8493342106716801,-4.409263134267722,-13.027859614423098,7.340004332257542,7.081499999999998,6.822995667742455,8.931991187642286,7.14054596625817,6.403525106462567,-0.48340000000000494,-0.49356000000000383,-0.17799999999999905,7.14054596625817,7.341101024909223,56.48812317632399,53.78421192669028,48.376389427422865,50.0,89.89885729889461,7.035,7.6325,8.23,6.295,6.1525,6.01
2018-10-08,6.64,6.83,6.87,6.61,86149.53,6.917999999999999,6.960727387930911,6.960727387930911,7.09287492185263,7.295868700721532,8.35149705288861,124.21383647799169,40.013140604467765,-5.614783226723532,-8.033240997229917,-14.579759862778745,-6.047724785451999,-8.298153230698384,-16.111253406651606,7.344917147679197,7.057499999999999,6.770082852320802,8.800503863128633,7.09287492185263,6.41353468868052,-0.514200000000006,-0.4917600000000042,-0.4609999999999994,7.09287492185263,7.295868700721532,46.13828094795868,51.23556826711308,61.43014290542189,41.66666666666667,26.943431529663663,6.769999999999999,7.569999999999999,8.370000000000001,5.889999999999999,5.81,5.73
2018-10-09,6.67,6.69,6.75,6.6,54620.03,6.8420000000000005,6.907867862852563,6.907867862852563,7.052601119771427,7.255490074868531,8.296366001974228,120.0000000000023,39.44715447154467,-4.9180327868852425,-6.984311446833239,-13.56838183683388,-5.5567387767528515,-7.7449472343088255,-15.599807713564179,7.369862269372491,7.0394999999999985,6.709137730627506,8.713363368999529,7.052601119771427,6.438385796923038,-0.5246000000000048,-0.4936600000000043,-0.41600000000000037,7.052601119771427,7.255490074868531,40.115579111504616,47.52890521524359,62.355557422721546,41.66666666666667,137.86719722663278,6.744999999999999,7.5625,8.38,5.854999999999999,5.782499999999999,5.709999999999999
2018-10-10,6.56,6.69,6.72,6.51,72040.0,6.7700000000000005,6.844619160515733,6.844619160515733,7.005686727412243,7.210619747457658,8.239435969122614,119.8113207547166,39.753166612536496,-6.374881065651768,-8.048125219016471,-14.35565468095524,-6.575914481774313,-8.761700463162658,-16.57552234427576,7.391870629723394,7.0035,6.615129370276605,8.651630230351167,7.005686727412243,6.401857110245441,-0.5332000000000043,-0.49550000000000444,-0.5260000000000007,7.005686727412243,7.210619747457658,32.88407028486272,42.6472935717833,62.17374014562445,41.66666666666667,-48.11395724955763,6.665000000000001,7.567500000000001,8.47,5.6850000000000005,5.6075,5.529999999999999
2018-10-11,5.9,6.26,6.36,5.9,140489.19,6.537999999999999,6.672870222240144,6.672870222240144,6.900383229563458,7.126063634718455,8.162733150462856,117.77108433734938,39.70920840064616,-16.07396870554765,-17.105725324903396,-22.50861927433919,-16.105881818092932,-17.464397173960748,-24.397043213731155,7.543716548207046,6.9455,6.347283451792954,8.596324123824623,6.900383229563458,6.3701644224294505,-0.5896000000000026,-0.5033400000000043,-1.1649999999999991,6.900383229563458,7.126063634718455,21.922713523241814,35.73910022226947,63.371873620324784,41.66666666666667,-25.406544588688018,6.130000000000001,7.605,9.08,4.540000000000001,4.425000000000001,4.3100000000000005
2018-10-12,5.73,5.9,5.99,5.36,119749.0,6.299999999999999,6.501439272741936,6.501439272741936,6.788918160081224,7.035995013123717,8.08297140782473,85.49222797927534,38.24739006643463,-18.453510436432637,-19.40928270042193,-24.214702964840736,-18.14848814602836,-19.481353777269764,-25.98824466150212,7.66812087978146,6.8785,6.0888791202185395,8.698888170106315,6.788918160081224,6.225077657456893,-0.6590000000000025,-0.5199600000000042,-1.318999999999999,6.788918160081224,7.035995013123717,20.40543968842099,30.627880044319976,51.072760756117944,41.66666666666667,84.28853318909015,6.045000000000001,7.322500000000001,8.600000000000001,4.425000000000001,4.0825000000000005,3.74
2018-10-15,5.45,5.42,5.67,5.41,103481.0,6.062,6.3102684958797655,6.3102684958797655,6.661402144835392,6.93367275421251,7.99664447642064,94.30894308943144,37.88491446345253,-21.58273381294963,-23.185341789992947,-27.638858154458955,-20.98571361918178,-23.388844675066245,-29.26719012460594,7.781492659459088,6.787999999999999,5.79450734054091,8.840314871911099,6.661402144835392,6.005178019693709,-0.7582000000000022,-0.546780000000004,-1.5659999999999998,6.661402144835392,6.93367275421251,15.012077163172677,25.422612417270877,46.24368292546728,33.33333333333333,22.408210678968757,5.63,7.005,8.379999999999999,4.12,3.9850000000000003,3.8500000000000005
2018-10-16,5.61,5.63,6.0,5.48,119575.98,5.85,6.182946951174353,6.182946951174353,6.561268607232021,6.8482745120052515,7.918393837849471,109.48275862069003,37.32676316599935,-18.419777023751806,-20.97664045075711,-25.258132563561663,-17.892312891141763,-21.133149239028864,-26.69970568294743,7.810690546360135,6.716000000000001,5.621309453639867,9.00903936714591,6.561268607232021,5.780692296687012,-0.8500000000000014,-0.5843200000000037,-1.3529999999999989,6.561268607232021,6.8482745120052515,13.920414509407763,21.58854644798317,36.92481032513399,33.33333333333333,-90.93177515229648,5.990000000000001,7.065,8.14,4.600000000000001,4.285000000000001,3.9700000000000006
2018-10-17,5.92,5.83,6.16,5.65,218807.45,5.7219999999999995,6.135138414597197,6.135138414597197,6.5001954065432574,6.788385833811365,7.852872728411783,109.06593406593359,39.05672009864361,-12.877115526122159,-16.590348714336027,-20.94808879986646,-12.35649296968367,-16.661073684940014,-22.174612477089212,7.792624511298131,6.655500000000001,5.518375488701871,9.133333383682942,6.5001954065432574,5.623090502642081,-0.902400000000001,-0.6278000000000035,-1.013,6.5001954065432574,6.788385833811365,18.043969610340696,20.407020835435677,25.133123285625643,33.33333333333333,40.106503059468544,6.464999999999999,7.272499999999999,8.079999999999998,5.1049999999999995,4.5525,4.000000000000001
2018-10-18,5.47,5.7,5.76,5.42,141935.98,5.636,6.014204157397706,6.014204157397706,6.402081558301043,6.70332868324289,7.774745753709757,95.89743589743526,40.802469135802426,-17.43396226415095,-22.621714016267834,-26.745159310306338,-15.981286772205227,-22.688669255720015,-27.827180456540408,7.795663747385248,6.5680000000000005,5.340336252614753,9.211013263213921,6.402081558301043,5.520989300603958,-1.0112000000000023,-0.6825800000000032,-1.4270000000000005,6.402081558301043,6.70332868324289,13.750752823169218,18.188264831346856,27.063288847702133,33.33333333333333,-83.38376837844046,5.699999999999998,6.529999999999999,7.36,4.699999999999998,4.529999999999999,4.36
2018-10-19,5.51,5.33,5.54,5.23,114651.48,5.5920000000000005,5.922530674234486,5.922530674234486,6.317121409891419,6.626339735936897,7.700491794571732,102.09973753280799,39.696048632218805,-13.951067152524729,-22.065063649222072,-25.81206171107994,-12.365351047024099,-22.09742306515712,-26.89115776223176,7.758928454095473,6.481,5.2030715459045265,9.359489602413749,6.317121409891419,5.335179383897664,-1.1088000000000013,-0.7451200000000029,-1.2830000000000013,6.317121409891419,6.626339735936897,13.296962059103954,16.557830573932556,23.07956760358976,41.66666666666667,-147.64756419833236,5.664999999999999,6.3774999999999995,7.09,4.734999999999999,4.5175,4.300000000000001
2018-10-22,5.8,5.63,5.92,5.54,174361.0,5.662,5.900252369828216,5.900252369828216,6.2678717518065215,6.57302749490871,7.6381805881923315,101.80878552971484,39.619794809897364,-5.81867388362651,-17.75965969514356,-21.60837979388409,-4.103557782619348,-17.72358787972048,-22.709654611465027,7.681339525510063,6.412500000000001,5.1436604744899395,9.457151312628643,6.2678717518065215,5.165644436891207,-1.1592000000000011,-0.8096200000000024,-0.8560000000000008,6.2678717518065215,6.57302749490871,17.27172101875366,16.795794055539588,15.843940129111445,41.66666666666667,-5.989189704405144,6.300000000000001,6.695,7.09,5.370000000000001,4.835000000000001,4.300000000000001
2018-10-23,5.8,5.73,6.06,5.69,204903.48,5.7,5.882024666223086,5.882024666223086,6.2233125373487574,6.5231547533016965,7.5779123721860255,103.58974358974176,40.89398973119899,-3.118040089086872,-17.19214753123141,-21.324817724523815,-2.076544217953393,-16.98182769951573,-22.474793803279262,7.608558671532529,6.354000000000001,5.099441328467473,9.46802811918511,6.2233125373487574,5.08021565418999,-1.2066000000000017,-0.8778200000000019,-0.6900000000000004,6.2233125373487574,6.5231547533016965,19.921560325186796,17.83771614542199,13.670027785892373,41.66666666666667,9.125319253123715,6.445,6.7675,7.09,5.515000000000001,4.907500000000001,4.300000000000001
2018-10-24,5.63,5.6,5.77,5.55,166820.06,5.642,5.83620199963707,5.83620199963707,6.16680658141078,6.46553186599191,7.51404639277009,108.99470899470833,41.54124021673687,-3.952232015922673,-19.060740385767343,-23.357912648893922,-4.932986339308886,-18.849675750371738,-24.56038684257108,7.554478466829357,6.2895,5.024521533170644,9.470940058198542,6.16680658141078,5.013661451045596,-1.2520000000000016,-0.9497000000000018,-0.7160000000000011,6.16680658141078,6.46553186599191,19.180745231540453,18.285392507461477,16.494687059303523,41.66666666666667,-43.493875362260326,6.059999999999999,6.574999999999999,7.09,5.129999999999999,4.715,4.300000000000001
2018-10-25,5.86,5.42,5.94,5.4,222424.92,5.72,5.840528908793966,5.840528908793966,6.137586906990706,6.426465293992432,7.459815363498939,121.73913043478211,41.141320585599004,3.169014084507053,-15.13396089790007,-19.95446784291405,1.1573381969865817,-14.820972220234498,-21.23114765148276,7.485108011100239,6.2355,4.985891988899761,9.516930137240038,6.137586906990706,4.940566466361801,-1.2170000000000005,-1.0124400000000016,-0.3860000000000001,6.137586906990706,6.426465293992432,24.787163487693633,20.452649500872194,11.783621527229315,41.66666666666667,126.69479009228552,6.300000000000001,6.595,6.889999999999999,5.4700000000000015,4.935000000000001,4.400000000000001
2018-10-26,5.8,5.73,5.98,5.73,163592.06,5.7780000000000005,5.833160016285972,5.833160016285972,6.105435772991592,6.386048178250984,7.405395187646515,127.47252747252836,41.780415430267034,3.2947462154942206,-14.90402249663774,-20.38435140700069,1.5386366121231203,-13.804835578163665,-21.64205564029973,7.397647199578398,6.1705,4.943352800421601,9.560775824622255,6.105435772991592,4.87410205482703,-1.1688000000000018,-1.0634200000000014,-0.2870000000000008,6.105435772991592,6.386048178250984,28.110141512120947,23.00514683795511,12.795157489623435,41.66666666666667,189.7130268922852,6.425000000000001,6.6575,6.889999999999999,5.5950000000000015,4.997500000000001,4.400000000000001
2018-10-29,5.56,5.8,5.84,5.53,133753.91,5.7299999999999995,5.783494558779431,5.783494558779431,6.0534895088971545,6.332754747396082,7.344890427395809,122.606382978725,41.974578776234075,-1.1848341232227448,-17.220843672456592,-23.41158239109223,-3.088993068192028,-15.440302766936034,-24.491150916148584,7.283282650934494,6.093,4.902717349065506,9.61000718072701,6.0534895088971545,4.792977567346154,-1.1114000000000006,-1.0987400000000012,-0.3860000000000001,6.0534895088971545,6.332754747396082,25.976936446677108,23.995743374195776,20.03335722923312,41.66666666666667,146.7299460320702,5.845000000000001,6.2825,6.719999999999999,5.185000000000001,4.962500000000001,4.740000000000001
2018-10-30,5.63,5.56,5.67,5.46,98078.06,5.696,5.7555864571831705,5.7555864571831705,6.013157174716473,6.287415731435045,7.2886645117434865,124.20212765957801,41.75953079178881,-0.967458223394894,-14.599924156238167,-22.39834596829772,-2.174724657766914,-12.060422793650401,-23.1871765634741,7.148070365083897,6.022,4.8959296349161034,9.66579284211548,6.013157174716473,4.683574310903095,-1.0666000000000002,-1.1204000000000012,-0.2320000000000002,6.013157174716473,6.287415731435045,26.266503492415602,24.752663413602384,21.724983255975943,50.0,131.72812422416087,5.795,6.257499999999999,6.719999999999999,5.135000000000001,4.937500000000001,4.740000000000001
2018-10-31,5.64,5.64,5.67,5.59,109872.0,5.6979999999999995,5.7345707376953206,5.7345707376953206,5.977618396172047,6.245646974568269,7.234609937587962,128.21917808219376,41.959064327485336,-0.849692352768833,-12.8059778407627,-22.36306280470317,-1.3882434550899754,-10.194772550519586,-22.857499568275983,7.008142415565871,5.958,4.9078575844341294,9.702434549605357,5.977618396172047,4.625088112649545,-1.0508000000000006,-1.1352400000000011,-0.1349999999999998,5.977618396172047,6.245646974568269,29.60539760851303,26.370241478572595,19.899929218691724,58.333333333333336,108.5349558031078,5.869999999999999,6.215,6.5600000000000005,5.289999999999999,5.055,4.82
2018-11-01,5.78,5.64,5.83,5.62,165656.0,5.682,5.7428306035688985,5.7428306035688985,5.958797596536614,6.215605234273542,7.186917808486717,139.4578313253046,42.026869158878455,1.790431464631639,-9.250294387020812,-20.46327618829195,0.3546992340341267,-7.14611394687071,-20.76822823931205,6.863879250029192,5.894,4.924120749970808,9.747671883924781,5.958797596536614,4.533420048591559,-0.9847999999999999,-1.132600000000001,0.09800000000000075,5.958797596536614,6.215605234273542,39.450193387754204,30.730225448299795,13.290289569390978,58.333333333333336,123.83051990567256,6.104999999999999,6.3325,6.5600000000000005,5.524999999999999,5.172499999999999,4.82
2018-11-02,5.9,5.76,5.95,5.72,189613.0,5.702,5.771406857465463,5.771406857465463,5.953197825437888,6.195243606255895,7.144723781978955,142.121212121214,42.55691768826616,2.9069767441860517,-5.410821643286578,-18.793370419223475,2.2331526897576253,-3.416524968602482,-18.905349313533385,6.676091121262572,5.842999999999999,5.009908878737426,9.728068156508877,5.953197825437888,4.4576816871963825,-0.9227999999999987,-1.1140000000000005,0.2220000000000013,5.953197825437888,6.195243606255895,50.3144658427322,37.25830557977726,11.145985053867378,58.333333333333336,211.33705360132495,6.2749999999999995,6.3875,6.500000000000001,5.754999999999999,5.347499999999999,4.9399999999999995
2018-11-05,6.02,5.86,6.13,5.81,198012.0,5.7940000000000005,5.816605610653561,5.816605610653561,5.959559937300947,6.183937567142612,7.107847592405874,141.01796407185878,42.977855477855435,4.8476052249637,-1.6339869281045982,-16.721424865986524,5.414275918736389,0.056561599219597525,-16.931294469765916,6.5115041975921075,5.811999999999999,5.112495802407891,9.65193820470375,5.959559937300947,4.453264034839103,-0.8837999999999973,-1.0864600000000002,0.33499999999999996,5.959559937300947,6.183937567142612,61.85838941486803,45.458333524807514,12.658221744686472,66.66666666666666,304.62363693465784,6.5299999999999985,6.664999999999999,6.8,5.8599999999999985,5.324999999999999,4.79
2018-11-06,5.89,5.95,6.06,5.8,155644.0,5.846,5.829950045080185,5.829950045080185,5.952935181367524,6.164973853133412,7.067918163146665,136.91860465116622,43.53385643708219,3.0921820303383756,-2.078137988362442,-18.094907005040856,3.5565190152416335,-1.5589175612149464,-18.55700246358607,6.3780130712030365,5.773,5.167986928796963,9.562940831624898,5.952935181367524,4.448432623199588,-0.8515999999999986,-1.05096,0.19399999999999995,5.952935181367524,6.164973853133412,64.89484025507329,51.93716910156277,26.021826794541738,58.333333333333336,366.4846257808111,6.36,6.58,6.8,5.69,5.24,4.79
2018-11-07,5.96,5.85,6.04,5.85,162058.0,5.91,5.8535954914292425,5.8535954914292425,5.953608021237284,6.151749733576418,7.031592977469725,141.7647058823557,43.372798151891374,4.806565064478314,0.6473402758232593,-16.764620308408492,5.039010849699867,0.08264768444368761,-17.303631245088994,6.218839870929748,5.742999999999999,5.267160129070251,9.41218542554809,5.953608021237284,4.388581033578825,-0.7959999999999967,-1.0053599999999991,0.26199999999999957,5.953608021237284,6.151749733576418,70.30026387375256,58.0582006922927,33.57407432937299,58.333333333333336,393.5346170088815,6.315000000000001,6.492500000000001,6.67,5.775000000000001,5.4125000000000005,5.05
2018-11-08,5.98,5.94,6.07,5.89,168103.05,5.95,5.8765781293511985,5.8765781293511985,5.95612154302421,6.140669105603746,6.997114519192028,150.76452599388483,43.755408133833235,4.6979865771812275,2.4411134903640423,-16.011235955056176,4.832377232951013,1.268974340309401,-16.500515763329886,6.086891939610583,5.746999999999999,5.407108060389415,9.127453547946661,5.95612154302421,4.450382772215785,-0.7475999999999976,-0.9584199999999992,0.3100000000000005,5.95612154302421,6.140669105603746,74.6446203602795,63.5870072482883,41.4717810243059,66.66666666666666,475.23572860308457,6.340000000000001,6.49,6.64,5.830000000000001,5.470000000000001,5.11
2018-11-09,5.87,5.9,5.96,5.83,118170.0,5.944000000000001,5.875382105832799,5.875382105832799,5.947919491307618,6.123206582661569,6.960159944792289,132.33532934131688,43.98388025331026,2.6522879626930873,1.7331022530329383,-17.182999235788586,1.9053680859657327,-0.47698076092406494,-17.58376620891523,6.091675124633009,5.754,5.41632487536699,8.773088155876847,5.947919491307618,4.549716133793938,-0.6987999999999985,-0.911419999999999,0.1689999999999996,5.947919491307618,6.123206582661569,71.22426745479821,66.13276065045827,55.94974704177838,66.66666666666666,510.9211543723154,6.045000000000001,6.2925,6.54,5.635000000000001,5.4725,5.31
2018-11-12,6.06,5.85,6.11,5.82,172613.36,5.952,5.9089489956813805,5.9089489956813805,5.958593825468798,6.119128738618888,6.9306465039794265,149.044585987262,43.73746059042701,5.299739357080795,6.191588785046733,-13.894973654608938,3.8656265594974557,3.0080460413749073,-14.375245510360374,6.1463095112748976,5.7845,5.422690488725103,8.408734604160648,5.958593825468798,4.713802610303395,-0.6167999999999987,-0.8619599999999987,0.3199999999999994,5.958593825468798,6.119128738618888,77.61983127123531,69.96178419071728,54.64569002968122,66.66666666666666,643.1997064182925,6.224999999999999,6.342499999999999,6.46,5.894999999999999,5.682499999999999,5.47
2018-11-13,6.3,6.01,6.45,5.98,297620.12,6.034000000000001,5.980049178284766,5.980049178284766,5.991108699233674,6.130797852256379,6.9099695694227234,172.20338983050956,44.36176302232395,8.43373493975904,10.948048136190222,-9.677419354838685,7.686239573959942,7.999917314322859,-9.783495224661824,6.217516523498254,5.819000000000001,5.420483476501747,8.090672340272477,5.991108699233674,4.909718472814039,-0.5235999999999983,-0.8076599999999985,0.5379999999999994,5.991108699233674,6.130797852256379,80.31798275225209,73.41385037789556,59.605585629182485,75.0,871.4338432774618,6.715000000000001,6.907500000000001,7.1000000000000005,6.065,5.6075,5.1499999999999995
2018-11-14,6.36,6.32,6.44,6.21,244183.23,6.114,6.049131145869353,6.049131145869353,6.026241204068563,6.145585087594677,6.891937780261323,173.06397306397457,45.3740719588806,8.439897698209736,12.169312169312194,-8.053731702909433,8.132663874792492,9.616333059838796,-7.597693350334328,6.2926475257635595,5.841,5.389352474236441,7.821428143030275,6.026241204068563,4.9827349735718105,-0.4299999999999988,-0.7455799999999984,0.5890000000000013,6.026241204068563,6.145585087594677,84.02151231102519,76.94973768893877,62.80618844476592,83.33333333333334,1023.8485537122443,6.865,6.9725,7.08,6.235,5.7125,5.19
2018-11-15,6.36,6.32,6.4,6.21,195819.02,6.1899999999999995,6.105652755711288,6.105652755711288,6.0580277560620335,6.159418307749859,6.874497197301935,178.9655172413826,45.65650811734545,7.402195327891923,11.85695441887732,-7.170224411603685,7.618583055087143,10.089389390807698,-6.032665277635612,6.38721406877097,5.8855,5.38378593122903,7.530482881284881,6.0580277560620335,5.103759938497957,-0.3439999999999994,-0.6814999999999982,0.556,6.0580277560620335,6.159418307749859,86.31737184371377,80.0722824071971,67.58210353416374,75.0,1097.386832776572,6.844999999999999,6.9624999999999995,7.08,6.214999999999999,5.7025,5.19
2018-11-16,7.0,6.37,7.0,6.29,478780.09,6.4159999999999995,6.268261345581963,6.268261345581963,6.14773939834184,6.213649384669223,6.878612043292034,218.32061068702248,45.57572319909242,17.911285794497473,22.807017543859644,3.2194642418284647,18.67625083897283,21.158286030838667,4.858786180006895,6.627626519895688,5.96,5.292373480104312,7.256106119710525,6.14773939834184,5.279637383902518,-0.22579999999999956,-0.6117999999999983,1.1840000000000002,6.14773939834184,6.213649384669223,90.87824789580918,83.67427090340112,69.266316918585,75.0,1510.27975499759,7.824999999999999,8.0025,8.18,6.645,5.6425,4.640000000000001
2018-11-19,7.15,6.9,7.39,6.67,593837.0,6.634,6.42857746456706,6.42857746456706,6.243192788975951,6.274059101787338,6.887510009085737,264.9350649350559,47.29691480328329,19.899385131358297,25.47528517110265,6.17497834426434,20.27780422965893,23.35238218856528,8.08452403393327,6.843514316712254,6.027500000000001,5.211485683287748,7.122523337017926,6.243192788975951,5.324101737679589,-0.11340000000000039,-0.5347599999999987,1.3270000000000008,6.243192788975951,6.274059101787338,89.77375421033221,85.70743200571148,77.57478759647,75.0,1721.072233929214,8.36,8.66,8.959999999999999,6.79,5.5200000000000005,4.250000000000001
2018-11-20,6.89,6.9,7.11,6.82,298418.19,6.752,6.512472471009413,6.512472471009413,6.304793475740146,6.313797224252671,6.887591648132107,255.4621848739445,47.9528883903533,14.642262895174724,19.947773103148098,3.337082864641922,13.957334607284746,18.165568332099223,5.616892233454682,6.971628830345731,6.082,5.192371169654269,7.084785447797057,6.304793475740146,5.248827715024503,-0.010600000000000165,-0.45065999999999884,1.0170000000000003,6.304793475740146,6.313797224252671,83.92324354762889,85.11270251968395,87.49162046379408,66.66666666666666,1672.1688721036553,7.875,8.337499999999999,8.799999999999999,6.465000000000001,5.517500000000001,4.570000000000001
2018-11-21,6.79,6.68,6.86,6.64,189946.02,6.837999999999999,6.562932021734974,6.562932021734974,6.351003620907751,6.344519983978306,6.88439192196384,259.47136563875824,47.40205612670184,11.524774158226107,17.55879382484489,2.963290579389663,10.661984700458627,16.268931940262746,5.394008570241907,7.071635968729897,6.140000000000001,5.208364031270104,7.056625875153827,6.351003620907751,5.2185479388275855,0.08219999999999938,-0.3628399999999992,0.8500000000000005,6.351003620907751,6.344519983978306,77.98272733683734,82.73604412540175,92.24267770253056,58.333333333333336,1863.1573979860088,7.329999999999999,7.949999999999999,8.57,6.1499999999999995,5.59,5.03
2018-11-22,6.8,6.83,7.06,6.79,223437.59,6.925999999999999,6.606035290510433,6.606035290510433,6.393765180821299,6.373905791463577,6.88162497370273,271.8309859154836,46.992273730684296,10.479285134037362,17.460774435007917,3.935804356132967,9.679924358758308,16.072951575614468,6.3980904831495575,7.135568559949765,6.187,5.238431440050236,7.0337801552503985,6.393765180821299,5.177091390732785,0.16939999999999955,-0.2711399999999995,0.7880000000000003,6.393765180821299,6.373905791463577,73.54537111876981,79.67248645652444,91.9267171320337,66.66666666666666,1771.7591720003454,7.515,8.0425,8.57,6.335,5.6825,5.03
2018-11-23,6.28,6.79,6.82,6.12,222077.06,6.781999999999999,6.546756146781263,6.546756146781263,6.382930401695462,6.367847353304637,6.861899564728871,228.57142857142213,47.73730684326708,-0.7114624505928843,8.198133524766703,-3.1922409917143164,-2.309574080734517,6.855517891879051,-1.005780802776775,7.150123922332191,6.211,5.27187607766781,7.028689433276723,6.382930401695462,5.078289584517586,0.2261999999999995,-0.1786399999999997,0.21000000000000085,6.382930401695462,6.367847353304637,59.09314049427422,72.8127044691077,100.25183241877465,58.333333333333336,1531.9565658800445,6.63,7.645,8.66,5.36,5.105,4.8500000000000005
2018-11-26,6.39,6.37,6.54,6.25,110953.0,6.63,6.51825502918467,6.51825502918467,6.383603696772084,6.369276556317241,6.8464274478525144,225.1968503936964,46.91224268689054,-2.26867193474382,9.715266847903843,-0.48020765736536686,-3.68704719941268,8.747387565691438,1.6431451271057853,7.178309322967928,6.2525,5.326690677032073,7.009708337090908,6.383603696772084,5.016606012342038,0.2766000000000002,-0.0892999999999998,0.20999999999999996,6.383603696772084,6.369276556317241,51.764399742514044,65.79660289357648,93.86100919570134,58.333333333333336,1500.8429736712842,6.665,7.6625,8.66,5.3950000000000005,5.1225000000000005,4.8500000000000005
2018-11-27,6.28,6.42,6.49,6.22,111030.0,6.508,6.474935932969275,6.474935932969275,6.373736678031887,6.363516778490323,6.827856056119645,207.54716981131915,47.577807848443804,-5.941088367448824,7.518904265943791,-1.3031235675463446,-6.374675229808201,6.362971328261294,0.43879024090565316,7.162647856282456,6.285000000000001,5.407352143717546,6.996330795261605,6.373736678031887,4.958905997082488,0.29000000000000004,-0.00793999999999997,-0.012999999999999012,6.373736678031887,6.363516778490323,44.276054180784314,58.62308665597909,87.31715160636864,58.333333333333336,1420.5236725601733,6.5150000000000015,7.307500000000001,8.100000000000001,5.525000000000001,5.327500000000001,5.13
2018-11-28,6.3,6.34,6.34,6.0,115919.02,6.409999999999999,6.4431293997021335,6.4431293997021335,6.3667141372669445,6.3594189218135275,6.810549300181296,175.25423728813416,47.62931034482755,-6.781750924784213,7.097322566935834,-0.09250693802039411,-6.405065152404406,5.612805265155145,1.3454948148476895,7.150153177945399,6.3180000000000005,5.485846822054602,7.009984450282121,6.3667141372669445,4.907610742791106,0.3005999999999993,0.06511999999999984,-0.09299999999999997,6.3667141372669445,6.3594189218135275,39.70845225640397,52.31820852278738,77.53772105555419,58.333333333333336,1225.6510207954673,6.469999999999999,7.294999999999999,8.12,5.409999999999999,5.175,4.94
2018-11-29,6.2,6.35,6.53,6.18,157203.0,6.29,6.3989240543017445,6.3989240543017445,6.350836600384378,6.349133830083623,6.790531290339286,168.72964169381325,47.433155080213865,-9.246157599414481,4.216276789466314,-0.7536850530247701,-8.159164045556091,2.8887442794566094,0.5864763872322469,7.12105845018204,6.339,5.556941549817961,7.0282092051988165,6.350836600384378,4.87818644567696,0.3049999999999997,0.13001999999999975,-0.2760000000000007,6.350836600384378,6.349133830083623,34.5402420562863,46.39221970062035,70.09617498928844,50.0,1112.4725297097539,6.555,7.3374999999999995,8.12,5.495,5.2175,4.94
2018-11-30,6.13,6.08,6.19,5.96,127488.0,6.26,6.350028771701426,6.350028771701426,6.329804543204913,6.334996163626616,6.7688745267216035,150.47318611987384,47.89445628997864,-10.095331214861881,1.996672212978356,-1.0226049515608344,-7.349925771210453,0.8667907025343119,0.14470444781347666,7.100735639475511,6.3505,5.6002643605244895,7.044939719491225,6.329804543204913,4.874180155110668,0.2403999999999984,0.17663999999999955,-0.42799999999999994,6.329804543204913,6.334996163626616,29.60856901416963,40.797669471803445,63.17587038707108,41.66666666666667,1243.7387265119978,6.245,6.9625,7.680000000000001,5.385,5.2425,5.1
