date,close,open,high,low,volume,MA5,EMA10,MA10,MA20,MA30,MA60
2016-10-17,16.28,16.41,16.44,16.22,164249.05,16.28,16.28,16.28,16.28,16.28,16.28
2016-10-18,16.33,16.28,16.39,16.24,182518.33,16.305,16.28909090909091,16.28909090909091,16.284761904761904,16.283225806451615,16.281639344262295
2016-10-19,16.27,16.35,16.39,16.24,111431.67,16.293333333333333,16.285619834710744,16.285619834710744,16.283356009070296,16.282372528616026,16.28125772641763
2016-10-20,16.3,16.27,16.34,16.25,89857.94,16.294999999999998,16.288234410217882,16.288234410217882,16.284941151063602,16.283509784834347,16.28187222719082
2016-10-21,16.29,16.29,16.34,16.22,108847.98,16.294,16.2885554265419,16.2885554265419,16.285422946200402,16.283928508393423,16.28213871154522
2016-10-24,16.47,16.3,16.58,16.27,247572.41,16.332,16.321545348988828,16.321545348988828,16.303001713228934,16.295933120755137,16.288298098051932
2016-10-25,16.42,16.48,16.5,16.36,133093.2,16.35,16.33944619462722,16.33944619462722,16.31414440720713,16.30393743554513,16.29261619319777
2016-10-26,16.32,16.4,16.42,16.3,124368.05,16.360000000000003,16.335910522876816,16.335910522876816,16.314702082711214,16.30497373002609,16.29351402292899
2016-10-27,16.2,16.3,16.31,16.18,195174.55,16.34,16.311199518717395,16.311199518717395,16.303778074833957,16.29820123131473,16.290447989390334
2016-10-28,16.34,16.19,16.34,16.18,150672.05,16.35,16.316435969859686,16.316435969859686,16.307227781992626,16.30089792606862,16.292072645475898
2016-10-31,16.26,16.23,16.31,16.01,146732.98,16.308,16.30617488443065,16.30617488443065,16.30272989799333,16.298259350193227,16.291021083329145
2016-11-01,16.31,16.26,16.33,16.21,130282.59,16.286,16.306870359988714,16.306870359988714,16.303422288660634,16.299016811471084,16.291643342892122
2016-11-02,16.19,16.21,16.3,16.18,250511.59,16.259999999999998,16.28562120362713,16.28562120362713,16.292620165931048,16.291983468795532,16.28831077427271
2016-11-03,16.36,16.19,16.38,16.19,258641.09,16.291999999999998,16.29914462114947,16.29914462114947,16.299037292985233,16.296371632099046,16.290661240689996
2016-11-04,16.39,16.3,16.53,16.29,215164.75,16.302,16.315663780940472,16.315663780940472,16.30770040793902,16.302412171963624,16.29391824919196
2016-11-07,16.43,16.39,16.45,16.38,213516.58,16.336000000000002,16.33645218440584,16.33645218440584,16.319347988135302,16.310643644740164,16.298379945939764
2016-11-08,16.47,16.45,16.54,16.44,173071.55,16.368000000000002,16.360733605422958,16.360733605422958,16.333695798789083,16.32092469991822,16.304006832958134
2016-11-09,16.46,16.47,16.53,16.36,398265.81,16.422000000000004,16.3787820408006,16.3787820408006,16.345724770332982,16.329897299923495,16.30912136302508
2016-11-10,16.56,16.55,16.64,16.48,204845.55,16.462,16.411730760655036,16.411730760655036,16.366131935063173,16.344742635412302,16.317346892106226
2016-11-11,16.6,16.56,16.63,16.45,215391.88,16.504,16.44596153144503,16.44596153144503,16.388405084104775,16.36121085248248,16.326614207119135
2016-11-14,16.6,16.53,16.7,16.52,181244.95,16.538,16.47396852572775,16.47396852572775,16.4085569808567,16.376616603935222,16.33557767573818
2016-11-15,16.58,16.59,16.61,16.5,157141.42,16.56,16.49324697559543,16.49324697559543,16.424884887441777,16.389738113358757,16.343591522435286
2016-11-16,16.6,16.59,16.63,16.54,123955.04,16.588,16.51265661639626,16.51265661639626,16.441562517209228,16.40330339636787,16.351998357765275
2016-11-17,16.6,16.58,16.63,16.52,227185.56,16.595999999999997,16.52853723159694,16.52853723159694,16.45665180128454,16.41599349982801,16.360129559150018
2016-11-18,16.6,16.59,16.64,16.55,292743.84,16.595999999999997,16.541530462215675,16.541530462215675,16.470304010686014,16.42786488693588,16.36799416376805
2016-11-21,16.65,16.59,16.73,16.54,214324.53,16.606,16.56125219635828,16.56125219635828,16.487417914430203,16.44219618455292,16.37724025675926
2016-11-22,16.67,16.67,16.72,16.63,210809.69,16.624000000000002,16.581024524293134,16.581024524293134,16.50480668448447,16.456893204904343,16.386838936865516
2016-11-23,16.94,16.68,17.23,16.66,450364.28,16.692,16.646292792603475,16.646292792603475,16.546253666914524,16.488061385233095,16.404975365165008
2016-11-24,16.9,16.93,17.12,16.86,210431.41,16.752,16.69242137576648,16.69242137576648,16.579943793875046,16.51463807005677,16.421205681061235
2016-11-25,17.08,16.89,17.1,16.81,233352.3,16.848,16.762890216536206,16.762890216536206,16.627568194458373,16.551113033278913,16.442805494796932
2016-11-28,17.21,17.15,17.49,17.15,338352.81,16.96,16.844182904438714,16.844182904438714,16.68303789022424,16.593621869841563,16.46795941300031
2016-11-29,17.3,17.21,17.35,17.11,295300.97,17.086,16.92705873999531,16.92705873999531,16.741796186393362,16.63919465243243,16.4952394322462
2016-11-30,17.16,17.28,17.45,17.1,201350.27,17.13,16.9694116963598,16.9694116963598,16.781625121022564,16.67279499743679,16.517034860697144
2016-12-01,17.15,17.15,17.27,17.05,184492.19,17.18,17.00224593338529,17.00224593338529,16.81670844282994,16.703582416956998,16.537787816084123
2016-12-02,17.09,17.1,17.18,16.8,338958.75,17.182,17.018201218224327,17.018201218224327,16.842736210179467,16.728512583604935,16.55589313358956
2016-12-05,17.3,16.95,17.32,16.91,382013.69,17.2,17.069437360365356,17.069437360365356,16.88628514254333,16.76538273950139,16.580290080029243
2016-12-06,17.2,17.28,17.42,17.2,209480.75,17.18,17.09317602211711,17.09317602211711,16.91616274801539,16.793422562759368,16.60060843806107
2016-12-07,17.07,17.17,17.2,17.06,155507.48,17.162,17.088962199913997,17.088962199913997,16.93081391487107,16.811266268387797,16.615998325337753
2016-12-08,17.14,17.15,17.2,17.04,132345.69,17.16,17.09824179992963,17.09824179992963,16.950736399169063,16.832474896233748,16.633178708113565
2016-12-09,17.34,17.14,17.46,17.12,288356.47,17.21,17.14219783630606,17.14219783630606,16.987809123057723,16.865218451315442,16.656353176700005
2016-12-12,17.49,17.34,17.57,17.19,483595.53,17.247999999999998,17.205434593341323,17.205434593341323,17.035636825623655,16.90552693832735,16.68368585943115
2016-12-13,17.17,17.36,17.44,17.16,156028.69,17.241999999999997,17.198991940006536,17.198991940006536,17.048433318421402,16.92258971649978,16.69963058535144
2016-12-14,17.18,17.17,17.42,17.12,178605.52,17.264,17.195538860005346,17.195538860005346,17.060963478571743,16.93919683156431,16.71538040222516
2016-12-15,16.7,17.13,17.13,16.7,308096.12,17.176000000000002,17.10544088545892,17.10544088545892,17.026586004422054,16.923764777915,16.714876126742368
2016-12-16,16.66,16.7,16.83,16.63,145313.66,17.04,17.024451633557298,17.024451633557298,16.991673051619955,16.906747695468873,16.713076909472125
2016-12-19,16.52,16.65,16.7,16.51,84834.93,16.845999999999997,16.932733154728698,16.932733154728698,16.946751808608532,16.881796231245076,16.706746518997626
2016-12-20,16.28,16.52,16.56,16.12,225258.17,16.668,16.814054399323478,16.814054399323478,16.8832516363601,16.842970667938943,16.692754829850163
2016-12-21,16.32,16.26,16.37,16.25,126388.09,16.496,16.724226326719208,16.724226326719208,16.829608623373424,16.80923062484611,16.68053336001901
2016-12-22,16.19,16.32,16.33,16.14,114991.9,16.394,16.627094267315716,16.627094267315716,16.76869351638548,16.76928026195281,16.66445029903478
2016-12-23,16.19,16.17,16.22,16.07,111879.06,16.3,16.54762258234922,16.54762258234922,16.71357984815829,16.731907341826822,16.648894551525444
2016-12-26,16.25,16.13,16.28,16.01,144824.56,16.246000000000002,16.49350938555845,16.49350938555845,16.66942938642893,16.700816545579933,16.635816041639362
2016-12-27,16.14,16.25,16.32,16.13,106658.24,16.218,16.42923495182055,16.42923495182055,16.619007540102366,16.664634832961873,16.619559777979056
2016-12-28,16.09,16.14,16.19,16.03,144415.27,16.172000000000004,16.367555869671357,16.367555869671357,16.568625869616426,16.627561617932077,16.60219716230761
2016-12-29,16.07,16.09,16.15,15.99,118513.08,16.148000000000003,16.31345480245838,16.31345480245838,16.52113769155772,16.591589900646138,16.584748075018837
2016-12-30,16.21,16.07,16.23,16.04,122621.67,16.152000000000005,16.29464483837504,16.29464483837504,16.491505530456983,16.566971197378646,16.57246125288707
2017-01-03,16.3,16.21,16.44,16.17,162371.25,16.162,16.29561850412503,16.29561850412503,16.4732669085087,16.54974724916067,16.563528097054704
2017-01-04,16.33,16.29,16.35,16.18,296587.34,16.2,16.301869685193203,16.301869685193203,16.45962244103168,16.53557000727934,16.55587143813488
2017-01-05,16.3,16.3,16.38,16.24,264376.47,16.241999999999997,16.3015297424308,16.3015297424308,16.44442030379057,16.520371942293576,16.547482210655044
2017-01-06,16.18,16.3,16.3,16.13,171955.98,16.264,16.2794334256252,16.2794334256252,16.419237417715276,16.498412462145605,16.535433613584388
2017-01-09,16.2,16.24,16.29,16.13,149087.45,16.261999999999997,16.264990984602434,16.264990984602434,16.398357663647154,16.479160045232987,16.52443579018818
2017-01-10,16.19,16.18,16.24,16.14,79967.56,16.24,16.251356260129263,16.251356260129263,16.378514076633138,16.460504558443763,16.513470682313155
2017-01-11,16.16,16.24,16.24,16.15,91933.32,16.206,16.23474603101485,16.23474603101485,16.357703212191886,16.441117167576422,16.50188147961436
2017-01-12,16.12,16.18,16.2,16.11,82961.5,16.169999999999998,16.213883116284876,16.213883116284876,16.335064811030755,16.420399930958588,16.48936077536471
2017-01-13,16.27,16.1,16.29,16.1,190341.44,16.188,16.22408618605126,16.22408618605126,16.328868162361157,16.410696709606423,16.482168618795374
2017-01-16,16.56,16.23,16.6,16.1,533047.25,16.259999999999998,16.285161424951028,16.285161424951028,16.350880718326763,16.420329179954397,16.48472046735946
2017-01-17,16.4,16.46,16.54,16.37,125552.92,16.302,16.306041165869022,16.306041165869022,16.355558745152784,16.41901761995734,16.481942747118165
2017-01-18,16.48,16.42,16.55,16.36,114786.63,16.366,16.33767004480193,16.33767004480193,16.367410293233473,16.422951967056868,16.48187905049134
2017-01-19,16.54,16.43,16.64,16.43,121806.87,16.45,16.374457309383395,16.374457309383395,16.383847408163618,16.4305034530532,16.483784655393265
2017-01-20,16.6,16.58,16.66,16.5,142882.69,16.516,16.415465071313687,16.415465071313687,16.404433369290892,16.441438714146543,16.4875949945607
2017-01-23,16.57,16.66,16.69,16.51,146165.41,16.518,16.443562331074833,16.443562331074833,16.420201619834618,16.449732990653217,16.490296798017724
2017-01-24,16.69,16.58,16.7,16.58,149852.41,16.576,16.488369179970316,16.488369179970316,16.44589670365989,16.46523408803043,16.496844443984354
2017-01-25,16.69,16.69,16.74,16.61,112848.69,16.618000000000002,16.525029329066623,16.525029329066623,16.469144636644664,16.479735114609113,16.503177413034045
2017-01-26,16.74,16.69,16.84,16.61,86029.07,16.657999999999998,16.564114905599965,16.564114905599965,16.49494038553565,16.496526397537558,16.510942088016535
2017-02-03,16.63,16.82,16.85,16.62,81742.89,16.663999999999998,16.576094013672698,16.576094013672698,16.507803205960826,16.505137597696425,16.514845626114354
2017-02-06,16.66,16.75,16.78,16.66,134558.5,16.682,16.591349647550388,16.591349647550388,16.522298138726462,16.51512872042569,16.519604785913884
2017-02-07,16.67,16.65,16.74,16.63,147592.84,16.678,16.605649711632132,16.605649711632132,16.536364982657275,16.525120415882096,16.524535776539658
2017-02-08,16.67,16.63,16.69,16.54,112388.67,16.674,16.617349764062652,16.617349764062652,16.549092127166105,16.534467485825186,16.529305095341634
2017-02-09,16.72,16.68,16.77,16.59,113930.34,16.669999999999998,16.636013443323986,16.636013443323986,16.565369067436,16.546437325449368,16.535557387297647
2017-02-10,16.78,16.76,16.84,16.7,139852.62,16.7,16.66219281726508,16.66219281726508,16.585810108632568,16.561505885097798,16.543571899189526
2017-02-13,16.85,16.88,16.9,16.78,199928.72,16.738,16.696339577762338,16.696339577762338,16.610971050667562,16.580118408639876,16.553618722166917
2017-02-14,16.75,16.87,16.88,16.74,129872.35,16.754,16.706096018169184,16.706096018169184,16.62421190298494,16.59107851130827,16.560057452587674
2017-02-15,16.84,16.82,16.93,16.75,256880.31,16.788,16.730442196683878,16.730442196683878,16.644763150319704,16.60713796219161,16.569235896765125
2017-02-16,16.78,16.88,16.91,16.76,163278.31,16.8,16.73945270637772,16.73945270637772,16.657642850289257,16.618290351727637,16.576146195231843
2017-02-17,16.64,16.78,16.82,16.59,138636.42,16.772,16.721370396127224,16.721370396127224,16.655962578833137,16.61969097419682,16.57823976260129
2017-02-20,16.91,16.62,16.98,16.62,299499.84,16.784,16.755666687740455,16.755666687740455,16.680156618944267,16.63842058876477,16.58911714743403
2017-02-21,16.88,16.88,17.08,16.81,175091.19,16.81,16.778272744514915,16.778272744514915,16.699189321901954,16.65400635723156,16.59865429014111
2017-02-22,16.75,16.88,16.9,16.73,170322.77,16.791999999999998,16.7731322455122,16.7731322455122,16.70402843410177,16.660199495474686,16.603616444562714
2017-02-23,16.69,16.78,16.83,16.64,150111.48,16.773999999999997,16.758017291782707,16.758017291782707,16.702692392758742,16.66212210866987,16.60644869228197
2017-02-24,16.71,16.67,16.75,16.66,115949.71,16.788,16.749286875094942,16.749286875094942,16.703388355353148,16.665211004884718,16.60984381712518
2017-02-27,16.59,16.69,16.72,16.53,137322.73,16.724,16.720325625077678,16.720325625077678,16.692589464367135,16.66035868198893,16.609193200170257
2017-02-28,16.59,16.58,16.67,16.53,120979.43,16.666,16.696630056881734,16.696630056881734,16.68281903918931,16.655819412183195,16.608563914918772
2017-03-01,16.56,16.58,16.62,16.52,162269.84,16.628000000000004,16.67178822835778,16.67178822835778,16.67112198783795,16.649637514622988,16.60697165541324
2017-03-02,16.41,16.62,16.62,16.39,189966.31,16.572,16.624190368656365,16.624190368656365,16.646253227091478,16.634177029808605,16.60051356835051
2017-03-03,16.35,16.42,16.43,16.32,124294.67,16.5,16.57433757435521,16.57433757435521,16.61803863403515,16.61584302788547,16.59230000873246
2017-03-06,16.41,16.37,16.53,16.35,157037.52,16.464,16.544458015381533,16.544458015381533,16.598225430793708,16.602562832538023,16.586322959265825
2017-03-07,16.43,16.38,16.45,16.37,93198.42,16.432,16.523647467130345,16.523647467130345,16.582203961194306,16.59142974656783,16.581197616339075
2017-03-08,16.39,16.4,16.44,16.35,101096.47,16.398,16.4993479276521,16.4993479276521,16.563898822032943,16.578434279047325,16.574928842032875
2017-03-09,16.22,16.37,16.4,16.22,173660.25,16.360000000000003,16.448557395351717,16.448557395351717,16.531146553267902,16.555309486850724,16.56329183081868
2017-03-10,16.23,16.23,16.28,16.17,163963.75,16.336000000000002,16.40881968710595,16.40881968710595,16.50246592914715,16.534321778021646,16.55236422980823
2017-03-13,16.34,16.23,16.34,16.16,179501.47,16.322,16.39630701672305,16.39630701672305,16.486992983514085,16.521784889117026,16.545401468175175
2017-03-14,16.26,16.34,16.35,16.24,169889.8,16.288000000000004,16.371523922773402,16.371523922773402,16.465374604131792,16.50489554143206,16.536044042989104
2017-03-15,16.24,16.24,16.28,16.17,189003.23,16.258000000000003,16.347610482269147,16.347610482269147,16.44391035611924,16.48780550650096,16.526337680923888
2017-03-16,16.29,16.27,16.35,16.25,190365.45,16.272,16.3371358491293,16.3371358491293,16.429252226965026,16.475043860920252,16.518588904500152
2017-03-17,16.2,16.3,16.32,16.14,215603.55,16.266,16.312202058378517,16.312202058378517,16.407418681539788,16.457299095699593,16.508143366647687
2017-03-20,16.14,16.24,16.25,16.13,150178.06,16.226,16.280892593218788,16.280892593218788,16.381950235678854,16.43682818629962,16.49607309233137
2017-03-21,16.0,16.15,16.16,15.98,311246.16,16.174,16.229821212633553,16.229821212633553,16.345574022757056,16.408645722667387,16.47980840077952
2017-03-22,15.78,15.98,15.98,15.7,438114.28,16.082,16.148035537609267,16.148035537609267,16.291709830113525,16.368087934108203,16.45686386304904
2017-03-23,15.88,15.8,15.92,15.79,222256.59,16.0,16.09930180349849,16.09930180349849,16.252499370102715,16.336598389972192,16.437950293768743
2017-03-24,15.96,15.85,16.0,15.83,199020.06,15.952000000000002,16.073974202862402,16.073974202862402,16.224642287235792,16.31230171965141,16.422279792333704
2017-03-27,16.04,15.97,16.13,15.9,189973.69,15.931999999999999,16.067797075069237,16.067797075069237,16.20705730749905,16.294733866770674,16.40974602865063
2017-03-28,16.01,16.11,16.13,15.97,132129.69,15.934000000000001,16.057288515965737,16.057288515965737,16.188289944880093,16.276363939882245,16.396639601481755
2017-03-29,15.87,16.01,16.11,15.8,234467.92,15.952000000000002,16.02323605851742,16.02323605851742,16.157976616796276,16.250146911502746,16.379372729302027
2017-03-30,15.81,15.88,15.9,15.72,236451.44,15.937999999999999,15.984465866059706,15.984465866059706,16.124835986625204,16.221750336567087,16.360704770964254
2017-03-31,16.01,15.78,16.05,15.77,241871.2,15.947999999999999,15.989108435867031,15.989108435867031,16.11389922599423,16.2080890245305,16.34920625388346
2017-04-05,16.16,16.05,16.2,15.89,310362.72,15.972,16.02017962934575,16.02017962934575,16.118289775899544,16.204986506818855,16.343002770149575
2017-04-06,16.1,16.09,16.18,16.03,223354.42,15.989999999999998,16.03469242401016,16.03469242401016,16.11654789248054,16.198213183798284,16.335035466210243
2017-04-07,16.1,16.06,16.16,16.02,201269.48,16.036,16.046566528735585,16.046566528735585,16.11497190272049,16.191876849359687,16.32732938535089
2017-04-10,15.97,16.12,16.12,15.94,161540.23,16.068,16.03264534169275,16.03264534169275,16.101165054842348,16.177562213917128,16.315613667798402
2017-04-11,15.89,15.97,15.99,15.81,186113.75,16.044000000000004,16.00670982502134,16.00670982502134,16.081054097238315,16.15900981301925,16.301659121313207
2017-04-12,15.89,15.88,15.96,15.75,222105.41,15.99,15.98548985683564,15.98548985683564,16.062858468929903,16.141654341211556,16.28816210094228
2017-04-13,15.75,15.88,15.89,15.73,234266.5,15.919999999999998,15.942673519229158,15.942673519229158,16.033062424269914,16.116386319197908,16.27051744189499
2017-04-14,15.51,15.76,15.78,15.42,401565.53,15.802000000000001,15.864005606642039,15.864005606642039,15.983246955291827,16.07726462118514,16.245582443800075
2017-04-17,15.56,15.53,15.6,15.3,367394.47,15.719999999999999,15.808731859979847,15.808731859979847,15.942937721454511,16.043892710140938,16.223104330888596
2017-04-18,15.3,15.5,15.52,15.3,228899.8,15.602,15.716235158165329,15.716235158165329,15.881705557506463,15.99589963206733,16.192838615121754
2017-04-19,15.11,15.25,15.27,15.11,244554.06,15.446000000000002,15.606010583953449,15.606010583953449,15.808209790124895,15.938744817095245,16.157335709707926
2017-04-20,14.91,15.12,15.14,14.9,410614.06,15.278,15.47946320505282,15.47946320505282,15.722666000589191,15.872374183734262,16.116439456930618
2017-04-21,15.05,14.92,15.07,14.85,226883.58,15.185999999999998,15.401378985952306,15.401378985952306,15.65860257196165,15.819317784783665,16.08147422883453
2017-04-24,15.0,15.05,15.11,14.91,176278.03,15.074000000000002,15.32840098850643,15.32840098850643,15.595878517489112,15.766458572862138,16.04601605739733
2017-04-25,15.05,15.02,15.1,14.99,129759.19,15.024000000000001,15.277782626959805,15.277782626959805,15.543890087252054,15.720235439129098,16.013359793220367
2017-04-26,15.05,15.06,15.11,15.0,149398.7,15.012,15.236367603876204,15.236367603876204,15.496852936085192,15.676994443056254,15.981774226229534
2017-04-27,15.21,15.05,15.25,15.03,228876.45,15.072000000000003,15.23157349408053,15.23157349408053,15.469533608838983,15.64686576931069,15.956470153238403
2017-04-28,15.21,15.15,15.22,15.08,157185.09,15.104000000000003,15.227651040611342,15.227651040611342,15.444816122282889,15.618680880968064,15.931995721984684
2017-05-02,15.16,15.21,15.22,15.13,126075.09,15.136000000000001,15.215350851409278,15.215350851409278,15.417690777303566,15.5890885660669,15.906684386837645
2017-05-03,15.08,15.16,15.16,15.05,142479.44,15.142,15.1907416056985,15.1907416056985,15.385529750893701,15.556244142449682,15.879579980711819
2017-05-04,14.98,15.07,15.07,14.9,194777.88,15.128,15.152424950116952,15.152424950116952,15.346907869856205,15.519067101001317,15.85008555511471
2017-05-05,14.92,14.95,14.98,14.52,401945.78,15.070000000000002,15.110165868277505,15.110165868277505,15.306249977488946,15.480417610614136,15.819590946750294
2017-05-08,14.86,14.78,14.9,14.51,435685.75,15.0,15.06468116495432,15.06468116495432,15.263749979632856,15.44039066799387,15.788128948496185
2017-05-09,14.76,14.69,14.84,14.66,192254.92,14.920000000000002,15.009284589508079,15.009284589508079,15.215773791096392,15.396494495865236,15.75441980264385
2017-05-10,14.61,14.76,14.85,14.55,283594.12,14.825999999999999,14.936687391415699,14.936687391415699,15.158081049087212,15.345752915486836,15.716897841901428
2017-05-11,14.75,14.57,14.79,14.55,273129.09,14.780000000000001,14.902744229340117,14.902744229340117,15.119216187269382,15.307317243519943,15.685196273314496
2017-05-12,15.21,14.75,15.23,14.73,457334.25,14.838,14.95860891491464,14.95860891491464,15.127862264672299,15.301038711679947,15.669616067632054
2017-05-15,15.27,15.27,15.43,15.16,299658.19,14.919999999999998,15.015225475839252,15.015225475839252,15.141399191846364,15.299036214152208,15.656513901480183
2017-05-16,15.27,15.23,15.29,15.08,248753.95,15.022,15.061548116595752,15.061548116595752,15.153646887860996,15.297162910013355,15.643841314546405
2017-05-17,15.21,15.24,15.26,15.07,334344.12,15.142000000000001,15.088539368123795,15.088539368123795,15.159013850921854,15.291539496464107,15.629617009151442
2017-05-18,15.01,15.1,15.14,14.95,306579.28,15.193999999999999,15.074259483010376,15.074259483010376,15.144822055595963,15.273375657982553,15.609301697375985
2017-05-19,15.02,15.04,15.08,14.91,286106.25,15.156,15.064394122463034,15.064394122463034,15.132934240777299,15.257028841338519,15.589980330248903
2017-05-22,15.04,15.02,15.06,14.93,302272.44,15.110000000000003,15.059958827469753,15.059958827469753,15.12408336070327,15.243026980607002,15.57194818827353
2017-05-23,15.43,15.0,15.57,14.98,754004.25,15.142,15.12723904065707,15.12723904065707,15.15321827873153,15.255089756051714,15.56729414931374
2017-05-24,15.47,15.38,15.52,15.21,704390.25,15.193999999999999,15.189559215083056,15.189559215083056,15.183387966471383,15.268954933080636,15.564104177205092
2017-05-25,12.93,11.75,12.93,11.72,2223734.25,14.777999999999997,14.778730266886136,14.778730266886136,14.968779588712204,15.11805461481737,15.477740105821317
2017-05-26,12.84,12.81,12.91,12.54,1764566.25,14.341999999999999,14.42623385472502,14.42623385472502,14.766038675501518,14.971083349345282,15.39125682366324
2017-05-31,12.84,12.75,13.05,12.66,1130098.12,13.902000000000001,14.13782769932047,14.13782769932047,14.58260642069185,14.833594101000426,15.307609058952968
2017-06-01,12.92,12.78,12.97,12.69,962170.56,13.4,13.916404481262202,13.916404481262202,14.42426295205453,14.710136417064916,15.229326794725
2017-06-02,12.89,12.93,13.01,12.74,801977.0,12.884,13.729785484669073,13.729785484669073,14.27814267090648,14.592708261125246,15.15262755555369
2017-06-05,12.85,12.79,12.88,12.51,758764.75,12.868,13.569824487456513,13.569824487456513,14.1421290832011,14.480275470084907,15.077131570125697
2017-06-06,12.8,12.8,12.84,12.66,361044.06,12.86,13.429856398828056,13.429856398828056,14.014307265753377,14.371870601047172,15.002471518646166
2017-06-07,12.84,12.81,12.99,12.78,643951.94,12.860000000000003,13.322609780859317,13.322609780859317,13.90246847853877,14.27304023968929,14.931570813116782
2017-06-08,12.84,12.76,12.86,12.67,481948.44,12.844000000000003,13.234862547975803,13.234862547975803,13.801281004392221,14.180586030677079,14.862994720883444
2017-06-09,12.93,12.79,13.2,12.77,1144343.25,12.851999999999999,13.179432993798384,13.179432993798384,13.718301861116771,14.099903060955977,14.799617844788903
2017-06-12,12.78,12.9,13.14,12.76,739311.94,12.838,13.106808813107769,13.106808813107769,13.62893977910565,14.01474802476527,14.733400866271234
2017-06-13,12.59,12.78,12.78,12.56,527160.69,12.796000000000001,13.0128435743609,13.0128435743609,13.529993133476541,13.92282879736106,14.663125428032833
2017-06-14,12.46,12.6,12.64,12.31,553069.81,12.72,12.912326560840736,12.912326560840736,13.428089025526395,13.828452745918412,14.590891807441594
2017-06-15,12.38,12.41,12.46,12.28,374928.59,12.628,12.815539913415147,12.815539913415147,13.32827102309531,13.735004181665612,14.518403551459903
2017-06-16,12.35,12.38,12.46,12.27,473510.62,12.512,12.730896292794212,12.730896292794212,13.23510235422909,13.645649073171057,14.44730835305138
2017-06-19,12.4,12.36,12.43,12.3,329412.78,12.436,12.67073333046799,12.67073333046799,13.155568796683461,13.565284616837442,14.380183489016908
2017-06-20,12.29,12.41,12.44,12.22,446451.97,12.376000000000001,12.601509088564718,12.601509088564718,13.073133673189798,13.483008189944705,14.311652882819631
2017-06-21,12.34,12.4,12.4,12.26,340000.62,12.352,12.55396198155295,12.55396198155295,13.003311418600292,13.409265726077306,14.247008526005873
2017-06-22,12.57,12.33,12.84,12.29,1102594.38,12.389999999999999,12.556877984906958,12.556877984906958,12.962043664447885,13.355119550201351,14.19202463990732
2017-06-23,12.64,12.55,12.65,12.36,685790.81,12.448,12.571991078560238,12.571991078560238,12.931372839262371,13.308982805027073,14.141138586139865
2017-06-26,12.64,12.64,12.82,12.55,605091.62,12.496,12.58435633700383,12.58435633700383,12.903623045046906,13.265822624057586,14.0919209275779
2017-06-27,12.7,12.64,12.73,12.53,466874.75,12.578,12.605382457548588,12.605382457548588,12.884230374090057,13.229317938634516,14.046284175854035
2017-06-28,12.79,12.66,12.91,12.6,753495.56,12.668,12.638949283448845,12.638949283448845,12.875256052748147,13.200974845819387,14.005094530744067
2017-06-29,12.76,12.81,12.86,12.7,389945.41,12.706,12.660958504639964,12.660958504639964,12.864279285819753,13.172524855766525,13.964271759244262
2017-06-30,12.65,12.7,12.73,12.59,365664.78,12.707999999999998,12.65896604925088,12.65896604925088,12.8438717347893,13.138813574749332,13.92118088189199
2017-07-03,12.56,12.64,12.65,12.47,387789.5,12.692,12.640972222114355,12.640972222114355,12.816836331476035,13.101470763475183,13.876552000518483
2017-07-04,12.55,12.55,12.58,12.41,366591.28,12.662,12.624431818093562,12.624431818093562,12.791423347525935,13.0658920045413,13.833058492304762
2017-07-05,12.62,12.5,12.65,12.47,264705.06,12.627999999999998,12.62362603298564,12.62362603298564,12.775097314428228,13.037124778441862,13.793286082720998
2017-07-06,12.66,12.62,12.72,12.51,374142.41,12.608,12.630239481533707,12.630239481533707,12.764135665435065,13.012794147574645,13.756129161976048
2017-07-07,12.6,12.62,12.69,12.55,246672.94,12.598,12.624741393982124,12.624741393982124,12.748503697298391,12.986162267085959,13.718223287812899
2017-07-10,12.53,12.59,12.64,12.52,264115.31,12.592,12.607515685985373,12.607515685985373,12.72769382136521,12.956732443402995,13.679265147228868
2017-07-11,12.8,12.51,12.94,12.51,968353.5,12.642000000000001,12.642512833988032,12.642512833988032,12.734580124092332,12.946620672860867,13.650436781745954
2017-07-12,12.86,12.8,13.06,12.74,804690.25,12.690000000000001,12.682055955081116,12.682055955081116,12.746524874178778,12.941032242353716,13.62452082168871
2017-07-13,13.27,12.82,13.29,12.77,1102192.38,12.812000000000001,12.788954872339094,12.788954872339094,12.796379648066514,12.962255968653476,13.61289718819072
2017-07-14,13.59,13.34,13.8,13.34,1468653.75,13.01,12.934599441004712,12.934599441004712,12.871962538726846,13.00275558357906,13.612146460709056
2017-07-17,13.76,13.62,14.02,13.28,1786612.25,13.256,13.084672269912947,13.084672269912947,12.956537535038576,13.05161006205783,13.616994117734988
2017-07-18,13.55,13.65,13.72,13.4,698958.75,13.406,13.169277311746956,13.169277311746956,13.013057769796808,13.083764251602487,13.614797589284661
2017-07-19,13.69,13.56,13.78,13.48,661087.06,13.572,13.263954164156601,13.263954164156601,13.077528458387587,13.122876235370068,13.617263242095
2017-07-20,13.62,13.67,13.7,13.53,400174.91,13.642000000000001,13.328689770673583,13.328689770673583,13.129192414731627,13.154948736313935,13.617352971862376
2017-07-21,13.45,13.61,13.63,13.38,522723.75,13.613999999999999,13.350746176005657,13.350746176005657,13.15974551809052,13.173984301713036,13.611865989178364
2017-07-24,13.67,13.45,13.74,13.36,658209.56,13.596,13.408792325822809,13.408792325822809,13.20834118303428,13.205985314505744,13.613772022320056
2017-07-25,13.51,13.62,13.75,13.41,584781.0,13.588,13.427193721127752,13.427193721127752,13.237070594173874,13.225599165182793,13.610369660932513
2017-07-26,13.38,13.45,13.7,13.36,574953.88,13.526,13.41861304455907,13.41861304455907,13.250682918538267,13.235560509364548,13.60281655729538
2017-07-27,13.38,13.38,13.47,13.28,336120.97,13.478,13.411592491002875,13.411592491002875,13.262998831058432,13.24487918617974,13.59551109640045
2017-07-28,13.47,13.37,13.49,13.3,249549.61,13.482000000000003,13.42221203809326,13.42221203809326,13.282713228100487,13.259403109652014,13.591395978485682
2017-07-31,13.36,13.45,13.52,13.31,450830.81,13.419999999999998,13.41090075843994,13.41090075843994,13.290073873043298,13.26589323160995,13.58380922509271
2017-08-01,13.43,13.42,13.49,13.32,641980.62,13.404000000000002,13.414373347814495,13.414373347814495,13.303400170848697,13.27648076505447,13.578766299679833
2017-08-02,13.44,13.44,13.6,13.39,616441.5,13.416,13.419032739120949,13.419032739120949,13.316409678386915,13.287030393115474,13.57421658493623
2017-08-03,13.08,13.42,13.42,13.04,785818.69,13.356,13.35739042291714,13.35739042291714,13.293894470921494,13.273673593559637,13.558012762479304
2017-08-04,12.87,13.09,13.1,12.85,631819.69,13.235999999999999,13.26877398238675,13.26877398238675,13.253523568928971,13.24763013591063,13.53545496698818
2017-08-07,12.93,12.87,12.95,12.83,295284.28,13.15,13.207178712861886,13.207178712861886,13.222711800459544,13.227137869077685,13.515603984463976
2017-08-08,12.87,12.91,12.93,12.83,235702.98,13.038,13.145873492341542,13.145873492341542,13.189120200415779,13.204096716233964,13.494436640711058
2017-08-09,12.76,12.84,12.88,12.75,323038.22,12.901999999999997,13.07571467555217,13.07571467555217,13.148251609899992,13.17544531518661,13.470356750851678
2017-08-10,12.79,12.74,12.88,12.7,440560.44,12.844,13.023766552724503,13.023766552724503,13.114132408957135,13.150577875497152,13.44804997213523
2017-08-11,12.68,12.72,12.73,12.46,888900.56,12.806000000000001,12.96126354313823,12.96126354313823,13.072786465246931,13.120218012561853,13.422868005835715
2017-08-14,12.56,12.62,12.63,12.52,455620.28,12.732000000000001,12.888306535294914,12.888306535294914,13.023949659032938,13.084074914977219,13.394577251546018
2017-08-15,12.59,12.58,12.76,12.56,625919.06,12.675999999999998,12.83406898342311,12.83406898342311,12.98262112007742,13.052199114010948,13.368197669528115
2017-08-16,12.49,12.56,12.56,12.47,338865.31,12.622000000000002,12.77151098643709,12.77151098643709,12.935704822927189,13.015928203429597,13.339404303314078
2017-08-17,12.53,12.49,12.55,12.47,390911.56,12.57,12.727599897993983,12.727599897993983,12.897066268362694,12.984577996756721,13.31286645730378
2017-08-18,12.51,12.5,12.57,12.46,359766.31,12.536,12.688036280176895,12.688036280176895,12.860202814232913,12.953960061482094,13.286542966900377
2017-08-21,12.51,12.5,12.57,12.46,338102.38,12.526,12.655666047417458,12.655666047417458,12.82685016525835,12.925317476870347,13.261082541756103
2017-08-22,12.43,12.51,12.53,12.41,588300.0,12.494,12.61463585697792,12.61463585697792,12.789054911424222,12.893361510620649,13.233833933829672
2017-08-23,12.57,12.44,12.66,12.41,968715.88,12.51,12.606520246618297,12.606520246618297,12.768192538907629,12.872499477677382,13.212068886818864
2017-08-24,12.47,12.58,12.66,12.45,621531.75,12.498000000000001,12.581698383596787,12.581698383596787,12.739793249487855,12.846531769440132,13.18773875938218
2017-08-25,12.78,12.47,12.8,12.47,1455906.62,12.552,12.617753222942826,12.617753222942826,12.743622463822344,12.842239397218188,13.17437027546801
2017-08-28,12.89,12.83,12.96,12.75,1041131.69,12.628,12.66725263695322,12.66725263695322,12.757563181553548,12.84532072642992,13.165046659878895
2017-08-29,12.96,12.85,12.98,12.77,600639.56,12.734,12.720479430234452,12.720479430234452,12.776842878548448,12.852719389240894,13.15832381857139
2017-08-30,12.87,12.91,12.98,12.82,604799.88,12.794,12.747664988373641,12.747664988373641,12.785714985353358,12.853834267354385,13.14887057861823
2017-08-31,12.71,12.83,12.84,12.65,447903.12,12.842000000000002,12.740816808669342,12.740816808669342,12.778504034367325,12.84455463720249,13.13448137931927
2017-09-01,12.77,12.68,12.87,12.68,392641.31,12.84,12.746122843456734,12.746122843456734,12.777694126332342,12.839744660608782,13.122531170161261
2017-09-04,12.78,12.78,12.84,12.65,356674.47,12.818000000000001,12.7522823264646,12.7522823264646,12.77791373334831,12.835890166375957,13.11130063999204
2017-09-05,13.03,12.78,13.09,12.78,734930.25,12.831999999999999,12.80277644892558,12.80277644892558,12.8019219492199,12.848413381448477,13.108635045238202
2017-09-06,12.96,12.99,13.05,12.9,338235.75,12.85,12.831362549120929,12.831362549120929,12.816977001675147,12.85561251812922,13.103761765066459
2017-09-07,12.85,12.94,13.02,12.82,382247.81,12.878,12.834751176553485,12.834751176553485,12.820122049134655,12.8552504201854,13.095441707195427
2017-09-08,13.03,12.85,13.12,12.83,647780.88,12.929999999999998,12.87025096263467,12.87025096263467,12.840110425407545,12.86652458662505,13.093296077451313
2017-09-11,12.99,13.15,13.15,12.95,522347.34,12.972,12.89202351488291,12.89202351488291,12.854385622987778,12.87449074232666,13.089909320813565
2017-09-12,13.04,13.0,13.04,12.91,510123.22,12.974,12.918928330358744,12.918928330358744,12.872063182703227,12.885168758950748,13.088272949639348
2017-09-13,12.87,13.01,13.01,12.86,319728.97,12.956,12.910032270293517,12.910032270293517,12.871866689112444,12.884190129341023,13.08111645948724
2017-09-14,12.85,12.88,12.98,12.81,241608.31,12.956,12.89911731205833,12.89911731205833,12.869784147292211,12.881984314544829,13.073538870651591
2017-09-15,12.83,12.82,12.86,12.75,248743.12,12.916,12.886550528047724,12.886550528047724,12.865995180883429,12.878630487800002,13.06555398964662
2017-09-18,12.91,12.82,12.96,12.8,357475.28,12.9,12.890814068402683,12.890814068402683,12.870186116037388,12.880654327296776,13.060453858838533
2017-09-19,12.9,12.93,12.95,12.82,301701.25,12.872,12.892484237784013,12.892484237784013,12.873025533557637,12.881902435213114,13.055193076581531
2017-09-20,12.88,12.88,12.93,12.83,198671.48,12.874,12.890214376368737,12.890214376368737,12.87368976845691,12.881779697457429,13.049449041283776
2017-09-21,12.87,12.86,12.95,12.83,201402.69,12.878,12.886539035210784,12.886539035210784,12.873338361937204,12.881019716976304,13.043565466159718
2017-09-22,12.89,12.84,12.92,12.79,241926.88,12.89,12.887168301536096,12.887168301536096,12.87492518460985,12.881599090074609,13.038530532843005
2017-09-25,12.94,12.89,12.95,12.71,506876.28,12.896,12.896774064893169,12.896774064893169,12.88112278607558,12.885366890714957,13.035300023569462
2017-09-26,12.86,12.89,12.93,12.85,221633.11,12.888,12.890087871276227,12.890087871276227,12.87911109216362,12.883730317120445,13.029552481813086
2017-09-27,12.85,12.83,12.91,12.76,263747.53,12.882,12.882799167407821,12.882799167407821,12.876338607195656,12.881554167628803,13.023665515196262
2017-09-28,12.84,12.85,12.88,12.77,241249.34,12.876,12.875017500606399,12.875017500606399,12.872877787462736,12.878873253588235,13.017643695025892
2017-09-29,12.87,12.82,12.91,12.81,198222.62,12.872,12.87410522776887,12.87410522776887,12.872603712466285,12.878300785614801,13.012802918139798
2017-10-09,13.04,13.27,13.29,13.0,521490.81,12.892,12.904267913629075,12.904267913629075,12.888546216040924,12.888732992994493,13.01369462574177
2017-10-10,13.1,13.05,13.1,12.98,274939.88,12.939999999999998,12.939855565696515,12.939855565696515,12.908684671656072,12.90236312247872,13.01652431014368
2017-10-11,13.06,13.08,13.11,13.03,187063.08,12.982,12.961700008297148,12.961700008297148,12.923095655307876,12.912533243609126,13.017949742597986
2017-10-12,13.05,13.05,13.09,12.97,171252.84,13.024000000000001,12.977754552243121,12.977754552243121,12.935181783373793,12.921402066602086,13.019000570709528
2017-10-13,12.94,13.01,13.08,12.92,208575.78,13.038,12.970890088198917,12.970890088198917,12.935640661147717,12.922601933272919,13.016410388063312
2017-10-16,13.04,12.98,13.06,12.94,236111.64,13.038,12.983455526708205,12.983455526708205,12.945579645800315,12.930176002094022,13.017183817962874
2017-10-17,12.99,13.04,13.06,12.94,146923.2,13.016,12.984645430943075,12.984645430943075,12.949810155724094,12.93403561486215,13.016292545242779
2017-10-18,13.07,12.99,13.1,12.93,454587.38,13.018,13.00016444349888,13.00016444349888,12.961256807559895,12.942807510677497,13.018053445398753
2017-10-19,13.13,13.03,13.16,12.98,528811.69,13.034,13.023770908317264,13.023770908317264,12.977327587792287,12.954884445472498,13.021723824238137
2017-10-20,13.01,13.09,13.1,13.01,172284.09,13.048000000000002,13.021267106805032,13.021267106805032,12.980439246097784,12.95844028770008,13.021339436558197
2017-10-23,12.84,13.02,13.03,12.83,315638.34,13.008000000000001,12.988309451022298,12.988309451022298,12.967064079802757,12.950798978816204,13.015393881261206
2017-10-24,12.86,12.84,12.95,12.82,272360.41,12.982,12.964980459927334,12.964980459927334,12.956867500773924,12.944940980182901,13.010298999908379
2017-10-25,12.9,12.86,12.94,12.82,207438.3,12.948000000000002,12.953165830849636,12.953165830849636,12.951451548319266,12.942041562106585,13.006682639255645
2017-10-26,12.82,12.87,12.88,12.78,252751.66,12.886000000000001,12.928953861604246,12.928953861604246,12.938932353241242,12.93416791293842,13.000561896984967
2017-10-27,12.85,12.85,12.94,12.82,326738.19,12.854,12.914598614039836,12.914598614039836,12.930462605313505,12.92873772500691,12.995625441346116
2017-10-30,12.7,12.84,12.84,12.59,747136.19,12.825999999999999,12.875580684214409,12.875580684214409,12.908513785759837,12.913980452425818,12.985932803924932
2017-10-31,12.61,12.6,12.66,12.58,201207.23,12.776,12.827293287084515,12.827293287084515,12.880083901401758,12.89436881033383,12.973607138222475
2017-11-01,12.54,12.63,12.72,12.53,353687.12,12.704,12.775058143978239,12.775058143978239,12.847694958411115,12.871506306441326,12.95939051073977
2017-11-02,12.53,12.52,12.57,12.43,482670.38,12.645999999999999,12.730502117800377,12.730502117800377,12.817438295705294,12.84947364150963,12.945312133338465
2017-11-03,12.58,12.53,12.6,12.43,328481.69,12.591999999999999,12.703138096382126,12.703138096382126,12.794825124685742,12.832088245283202,12.93333468634376
2017-11-06,12.47,12.56,12.56,12.45,200168.27,12.546,12.660749351585375,12.660749351585375,12.763889398525196,12.808727713329448,12.918143385152163
2017-11-07,12.54,12.49,12.6,12.41,386773.38,12.532,12.638794924024396,12.638794924024396,12.742566598665652,12.791390441501742,12.905745241376682
2017-11-08,12.58,12.54,12.68,12.49,371341.47,12.54,12.62810493783814,12.62810493783814,12.7270840654594,12.77775234850163,12.895065069528266
2017-11-09,12.55,12.57,12.63,12.53,174633.73,12.544,12.613904040049388,12.613904040049388,12.710218916368028,12.763058648598301,12.883751460691274
2017-11-10,12.63,12.54,12.63,12.46,499253.59,12.554,12.616830578222226,12.616830578222226,12.702579019571074,12.754474219656476,12.875431740668608
2017-11-13,12.81,12.65,12.85,12.63,780093.38,12.622000000000002,12.651952291272728,12.651952291272728,12.712809589135734,12.758056528065737,12.873286437695866
2017-11-14,12.6,12.76,12.77,12.58,337549.28,12.634000000000002,12.642506420132232,12.642506420132232,12.702065818741854,12.747859332706657,12.86432622662387
2017-11-15,12.6,12.6,12.63,12.55,280765.31,12.638000000000002,12.63477798010819,12.63477798010819,12.692345264575962,12.738320020919131,12.85565979296407
2017-11-16,12.39,12.57,12.57,12.38,356807.62,12.606,12.59027289281579,12.59027289281579,12.663550477473489,12.715847761504994,12.840392258768528
2017-11-17,12.78,12.38,12.8,12.38,1093365.38,12.636,12.624768730485647,12.624768730485647,12.6746409081903,12.719986615601448,12.838412184710544
2017-11-20,12.85,12.7,12.86,12.61,614954.19,12.644000000000002,12.665719870397346,12.665719870397346,12.691341774076937,12.728374575885224,12.838792113080688
2017-11-21,12.93,12.81,13.17,12.75,1161794.12,12.71,12.713770803052373,12.713770803052373,12.714071128926753,12.741382667763597,12.841782535602631
2017-11-22,13.23,13.0,13.44,13.0,1145762.62,12.836000000000002,12.80763065704285,12.80763065704285,12.76320721188611,12.772906366617558,12.85451097705828
2017-11-23,13.07,13.24,13.32,12.91,819126.0,12.972000000000003,12.855334173944149,12.855334173944149,12.792425572658862,12.792073697803524,12.861576190925222
2017-11-24,13.08,13.11,13.18,12.93,596124.81,13.032000000000002,12.896182505954304,12.896182505954304,12.819813613358019,12.810649588267813,12.86873762728833
2017-11-27,13.1,13.09,13.12,12.81,792502.75,13.081999999999999,12.933240232144431,12.933240232144431,12.846498031133445,12.829317356766666,12.876320000164121
2017-11-28,12.95,13.03,13.07,12.92,340319.09,13.086000000000002,12.936287462663625,12.936287462663625,12.856355361501688,12.837103333749463,12.878735737863657
2017-11-29,12.92,12.95,13.04,12.81,418467.84,13.024000000000001,12.933326105815693,12.933326105815693,12.862416755644384,12.842451505765627,12.880088664491078
2017-11-30,12.91,12.91,12.95,12.8,399163.56,12.991999999999999,12.929084995667385,12.929084995667385,12.866948493202063,12.846809473135586,12.88106936401596
2017-12-01,12.92,12.93,12.95,12.81,385774.44,12.959999999999999,12.927433178273315,12.927433178273315,12.87200101765901,12.85153144261071,12.882345778310519
2017-12-04,12.92,12.87,12.94,12.84,364792.34,12.924000000000001,12.92608169131453,12.92608169131453,12.876572349310532,12.855948768893892,12.883580342956074
2017-12-05,13.17,12.92,13.27,12.91,1237968.0,12.968,12.970430474711888,12.970430474711888,12.904517839852387,12.876210138642675,12.892971151383744
2017-12-06,12.96,13.12,13.16,12.91,435649.31,12.975999999999999,12.96853402476427,12.96853402476427,12.909801855104542,12.881615936149599,12.89516881855149
2017-12-07,12.96,12.95,13.03,12.91,348022.28,12.986,12.966982383898038,12.966982383898038,12.914582630808871,12.886672972527045,12.897294431057999
2017-12-08,12.92,12.98,12.99,12.87,312962.22,12.985999999999999,12.958440132280213,12.958440132280213,12.915098570731836,12.888823103331752,12.898038875941342
2017-12-11,12.97,12.92,13.04,12.85,366499.03,12.996,12.960541926411082,12.960541926411082,12.920327278281185,12.89406032247164,12.90039825705802
2017-12-12,12.75,12.97,12.97,12.74,303700.97,12.912,12.92226157615452,12.92226157615452,12.904105632730595,12.884766108118631,12.895467166662675
2017-12-13,12.75,12.8,12.81,12.63,193453.38,12.87,12.89094128958097,12.89094128958097,12.88942890580387,12.876071520498074,12.890697751362257
2017-12-14,12.69,12.79,12.79,12.66,161416.78,12.815999999999999,12.854406509657156,12.854406509657156,12.87043567667969,12.864066906272393,12.884117497219233
2017-12-15,12.63,12.69,12.73,12.61,162101.08,12.758,12.813605326083128,12.813605326083128,12.847537040805435,12.848965815545142,12.87578577599893
2017-12-18,12.65,12.71,12.71,12.61,134456.48,12.693999999999999,12.783858903158922,12.783858903158922,12.828723989300155,12.836129311316425,12.868382963671095
2017-12-19,12.75,12.65,12.76,12.62,183996.03,12.693999999999999,12.777702738948209,12.777702738948209,12.821226466509664,12.830572581554076,12.86450155502614
2017-12-20,12.71,12.76,12.76,12.6,266398.44,12.686,12.765393150048533,12.765393150048533,12.810633469699221,12.822793705324782,12.859435930271184
2017-12-21,12.7,12.67,12.78,12.6,210523.88,12.687999999999999,12.753503486403345,12.753503486403345,12.800096948775485,12.814871530787702,12.85420852272131
2017-12-22,12.62,12.68,12.72,12.61,160769.38,12.686,12.7292301252391,12.7292301252391,12.782944858415915,12.80229917396269,12.846529554763233
2017-12-25,12.6,12.61,12.68,12.56,193066.62,12.675999999999998,12.70573373883199,12.70573373883199,12.76552153856678,12.789247614352194,12.838446618541488
2017-12-26,12.64,12.57,12.66,12.56,152257.22,12.654,12.693782149953446,12.693782149953446,12.753567106322325,12.779618736006892,12.83194017203193
2017-12-27,12.62,12.65,12.66,12.53,327318.81,12.636,12.680367213598274,12.680367213598274,12.740846429529723,12.769320753038706,12.824991313932522
2017-12-28,12.54,12.6,12.66,12.53,238708.23,12.604,12.65484590203495,12.65484590203495,12.72171819814594,12.754525865745887,12.815647336426537
2017-12-29,12.59,12.52,12.62,12.51,163518.27,12.597999999999999,12.643055738028595,12.643055738028595,12.709173607846326,12.743911293762283,12.808249063101076
2018-01-02,12.73,12.61,12.77,12.6,313230.53,12.624,12.658863785659758,12.658863785659758,12.711157073765724,12.74301379093891,12.80568352004858
2018-01-03,12.67,12.73,12.8,12.66,378391.0,12.63,12.660888551903437,12.660888551903437,12.707237352454703,12.73830322378156,12.801234880046987
2018-01-04,12.66,12.7,12.73,12.62,278838.03,12.638,12.660726997011903,12.660726997011903,12.702738556982828,12.733251402892428,12.796604228242169
2018-01-05,12.69,12.67,12.71,12.62,310267.44,12.668000000000001,12.666049361191556,12.666049361191556,12.701525361079701,12.730460989802594,12.793109007644064
2018-01-08,12.68,12.69,12.71,12.63,313898.88,12.686,12.66858584097491,12.66858584097491,12.699475326691159,12.727205442073396,12.789400515590161
2018-01-09,12.71,12.68,12.74,12.66,262154.31,12.681999999999999,12.676115688070379,12.676115688070379,12.700477676530097,12.726095413552533,12.786797219997041
2018-01-10,13.02,12.7,13.09,12.68,906799.88,12.752,12.738640108421219,12.738640108421219,12.730908374003421,12.74505699977495,12.794443212784023
2018-01-11,12.94,12.95,13.04,12.87,378164.12,12.807999999999998,12.775250997799176,12.775250997799176,12.750821862193572,12.757633967531406,12.799215566463234
2018-01-12,12.9,12.97,13.0,12.9,242034.19,12.85,12.797932634562962,12.797932634562962,12.765029303889424,12.766818872851962,12.802519974120177
2018-01-15,13.02,12.88,13.08,12.85,613206.81,12.918000000000001,12.838308519187876,12.838308519187876,12.789312227328526,12.783153139119579,12.809650466771973
2018-01-16,12.9,12.97,13.06,12.78,748926.5,12.956,12.849525152062807,12.849525152062807,12.799853919963905,12.790691646273155,12.812612746549942
2018-01-17,13.11,12.91,13.42,12.89,1271328.12,12.974,12.896884215324114,12.896884215324114,12.829391641872105,12.811292185223275,12.822363148302403
2018-01-18,13.24,13.14,13.25,13.05,1116080.75,13.034,12.959268903447,12.959268903447,12.868497199789047,12.838950753918548,12.83605615983347
2018-01-19,13.25,13.33,13.61,13.18,1716488.75,13.104000000000003,13.012129102820271,13.012129102820271,12.904830799809137,12.865470060117353,12.849628089019259
2018-01-22,12.78,12.93,13.15,12.71,2725138.0,13.056000000000001,12.969923811398404,12.969923811398404,12.892942152208267,12.859955862690427,12.847345200854694
2018-01-23,12.9,12.75,12.92,12.68,2178274.5,13.056000000000001,12.957210391144148,12.957210391144148,12.89361432818843,12.862539355420077,12.849071587711917
2018-01-24,13.6,12.97,14.0,12.89,3796536.25,13.154,13.074081229117938,13.074081229117938,12.960889154075247,12.910117461522008,12.873692191393493
2018-01-25,13.66,13.54,13.76,13.36,1769896.25,13.238,13.180611914732859,13.180611914732859,13.027471139401413,12.958496980133491,12.89947277528223
2018-01-26,13.43,13.65,13.72,13.36,2184196.75,13.274000000000001,13.225955202963247,13.225955202963247,13.065807221363183,12.9889165298023,12.916867110518877
2018-01-29,13.46,13.48,13.53,13.32,1537831.0,13.41,13.268508802424474,13.268508802424474,13.103349390757167,13.01930901175054,12.93467474623957
2018-01-30,13.1,13.45,13.49,13.09,1078040.12,13.45,13.237870838347295,13.237870838347295,13.103030401161245,13.024514881960183,12.940095246362864
2018-01-31,13.17,13.05,13.19,12.98,1177032.62,13.363999999999999,13.225530685920512,13.225530685920512,13.109408458193508,13.033901018607914,12.947633107137852
2018-02-01,13.31,13.14,13.33,12.94,1735733.25,13.294,13.240888743025874,13.240888743025874,13.128512414556031,13.051713856117082,12.959513988871036
2018-02-02,13.14,13.19,13.19,13.01,717967.81,13.236,13.222545335202986,13.222545335202986,13.129606470312599,13.057409736367594,12.96543156300641
2018-02-05,13.48,13.0,13.54,12.98,1501496.62,13.24,13.269355274256988,13.269355274256988,13.16297728266378,13.084673624343878,12.982302659301281
2018-02-06,13.48,13.29,13.5,13.2,2443590.0,13.316000000000003,13.307654315301171,13.307654315301171,13.193169922410087,13.110178551805564,12.99862060489796
2018-02-07,13.45,13.58,13.9,13.24,2007701.12,13.372000000000003,13.333535348882776,13.333535348882776,13.217629929799603,13.132102516205206,13.013419929327535
2018-02-08,13.1,13.34,13.4,12.95,1094268.75,13.329999999999998,13.291074376358633,13.291074376358633,13.206427079342497,13.130031386127452,13.016258620169255
2018-02-09,12.78,12.89,12.98,12.24,1492573.5,13.258,13.198151762475245,13.198151762475245,13.165814976547972,13.107448716054714,13.00851243590141
2018-02-12,12.5,12.66,12.68,12.43,647992.0,13.062000000000001,13.071215078388837,13.071215078388837,13.102404026400546,13.06825847630925,12.991839897019396
2018-02-13,12.51,12.55,12.68,12.5,549002.12,12.868,12.96917597322723,12.96917597322723,13.045984595314778,13.032241800418332,12.976041867608924
2018-02-14,12.46,12.5,12.55,12.38,325978.12,12.669999999999998,12.876598523549552,12.876598523549552,12.990176538618133,12.995322974584893,12.959122462113548
2018-02-22,12.62,12.6,12.68,12.53,420122.84,12.574,12.829944246540542,12.829944246540542,12.954921630178312,12.971108589127804,12.948003692863923
2018-02-23,12.72,12.66,12.78,12.59,387365.16,12.562,12.809954383533169,12.809954383533169,12.932548141589901,12.954908034990526,12.94052816195035
2018-02-26,12.73,12.77,12.84,12.61,488060.56,12.607999999999999,12.795417222890773,12.795417222890773,12.913257842390863,12.940397839184687,12.933625599263452
2018-02-27,12.68,12.75,12.76,12.61,485610.88,12.642,12.774432273274268,12.774432273274268,12.89104280978221,12.923597978592127,12.92531000584498
2018-02-28,12.45,12.61,12.66,12.44,398889.38,12.64,12.7154445872244,12.7154445872244,12.849038732660095,12.89304327029586,12.90972607122711
2018-03-01,12.46,12.4,12.5,12.38,344910.31,12.608,12.669000116819964,12.669000116819964,12.811987424787706,12.865104994792903,12.894980954137697
2018-03-02,12.41,12.4,12.46,12.36,230241.31,12.546000000000001,12.62190918648906,12.62190918648906,12.773702908141257,12.835743382225619,12.879079939247935
2018-03-05,12.41,12.41,12.48,12.34,293434.62,12.482,12.583380243491048,12.583380243491048,12.739064535937327,12.808276067243321,12.863700269108659
2018-03-06,12.49,12.48,12.51,12.38,272226.69,12.444,12.566402017401765,12.566402017401765,12.715344103943297,12.787742127421174,12.85144780126903
2018-03-07,12.49,12.51,12.6,12.46,388175.75,12.452000000000002,12.552510741510535,12.552510741510535,12.6938827607106,12.768532957910132,12.83959705368644
2018-03-08,12.47,12.55,12.55,12.4,221641.31,12.454,12.53750878850862,12.53750878850862,12.672560593023878,12.74927276707722,12.8274791175
2018-03-09,12.48,12.49,12.51,12.42,235582.88,12.468,12.527052645143415,12.527052645143415,12.654221488926366,12.731900330491595,12.81608635954918
2018-03-12,12.51,12.53,12.54,12.46,251618.2,12.488000000000001,12.523952164208247,12.523952164208247,12.640486109028618,12.7175841801373,12.806050741203306
2018-03-13,12.49,12.5,12.58,12.43,251450.0,12.488,12.517779043443111,12.517779043443111,12.62615409864494,12.702901329805862,12.795688421819591
2018-03-14,12.39,12.45,12.45,12.38,228046.03,12.468,12.494546490089817,12.494546490089817,12.603663232107326,12.682714147237741,12.782387162087801
2018-03-15,12.38,12.35,12.41,12.34,172877.73,12.450000000000001,12.473719855528032,12.473719855528032,12.582361971906629,12.663184202254662,12.769194140380005
2018-03-16,12.31,12.36,12.4,12.3,267814.0,12.416,12.443952609068388,12.443952609068388,12.556422736486951,12.640398124689847,12.754138594793774
2018-03-19,12.3,12.31,12.33,12.26,168960.48,12.374,12.417779407419589,12.417779407419589,12.532001523488193,12.618436955355019,12.739248804800535
2018-03-20,12.3,12.28,12.39,12.25,206722.83,12.336000000000002,12.396364969706935,12.396364969706935,12.50990614029884,12.597892635654695,12.72484720464314
2018-03-21,12.3,12.34,12.4,12.28,238784.66,12.318000000000001,12.378844066123856,12.378844066123856,12.489915079317997,12.578673755935037,12.710917788097463
2018-03-22,12.26,12.35,12.35,12.25,229484.84,12.293999999999999,12.357236054101335,12.357236054101335,12.468018405097236,12.55811415877794,12.696133598323774
2018-03-23,11.7,12.0,12.06,11.64,571063.94,12.172,12.237738589719273,12.237738589719273,12.394873795087976,12.502751954985815,12.663473480345946
2018-03-26,11.62,11.71,11.75,11.5,364250.53,12.036,12.125422482497587,12.125422482497587,12.321076290793883,12.445800215954472,12.629261235088702
2018-03-27,11.62,11.7,11.77,11.56,273328.09,11.9,12.033527485679844,12.033527485679844,12.254307120242085,12.392522782667088,12.596170702790712
2018-03-28,11.57,11.53,11.75,11.52,229112.81,11.754,11.949249761010782,11.949249761010782,12.189135013552363,12.339456796688566,12.562525761715605
2018-03-29,11.62,11.57,11.71,11.45,331088.06,11.626,11.88938616809973,11.88938616809973,12.134931678928329,12.293040229160273,12.531623277724929
2018-03-30,11.65,11.63,11.69,11.61,232719.66,11.616,11.845861410263414,11.845861410263414,12.088747709506583,12.251553762762837,12.502717596488045
2018-04-02,11.72,11.68,11.82,11.65,277196.0,11.636,11.822977517488248,11.822977517488248,12.053628880029766,12.217259971616848,12.477054724472044
2018-04-03,11.56,11.66,11.67,11.54,183035.14,11.623999999999999,11.775163423399475,11.775163423399475,12.006616605741216,12.174856102480279,12.446987356456566
2018-04-04,11.54,11.61,11.65,11.53,196375.09,11.618,11.732406437326842,11.732406437326842,11.962176929003958,12.133897644255745,12.41725006608094
2018-04-09,11.5,11.53,11.59,11.49,167224.81,11.594,11.690150721449236,11.690150721449236,11.918160078622629,12.093001022045698,12.387176293422549
2018-04-10,11.76,11.52,11.79,11.51,287482.97,11.616,11.702850590276647,11.702850590276647,11.903097213991902,12.071517085139524,12.366613136261153
2018-04-11,11.92,11.79,12.02,11.75,312985.19,11.656,11.742332301135438,11.742332301135438,11.904707003135531,12.061741789324072,12.351970082613246
2018-04-12,11.78,11.91,11.96,11.76,188242.89,11.7,11.749180973656266,11.749180973656266,11.892830145694052,12.043564899690262,12.333216965150516
2018-04-13,11.69,11.83,11.89,11.69,140948.53,11.73,11.738420796627853,11.738420796627853,11.873512988961286,12.020754261000567,12.312127884325909
2018-04-16,11.54,11.8,11.8,11.54,237200.95,11.738,11.70234428815006,11.70234428815006,11.84174984715545,11.989737857065046,12.286812215987354
2018-04-17,11.56,11.56,11.7,11.55,254699.83,11.698,11.676463508486412,11.676463508486412,11.81491652837874,11.962012834028593,12.262982307266457
2018-04-18,11.72,11.75,11.79,11.66,262952.75,11.658,11.684379234216154,11.684379234216154,11.805876859009336,11.946399102800942,12.245179608667556
2018-04-19,11.78,11.8,11.89,11.76,165532.7,11.658,11.701764827995035,11.701764827995035,11.803412396246543,11.935663676813785,12.229927818219437
2018-04-20,11.61,11.74,11.79,11.57,183774.06,11.642,11.685080313814119,11.685080313814119,11.784992168032586,11.914653117019348,12.209602315982734
2018-04-23,11.6,11.56,11.75,11.53,181816.09,11.654,11.669611165847915,11.669611165847915,11.767373866315197,11.894352915921326,12.189615354802973
2018-04-24,11.78,11.56,11.78,11.56,230328.61,11.698,11.689681862966474,11.689681862966474,11.76857635523756,11.886975308442532,12.176185343170086
2018-04-25,11.66,11.71,11.77,11.65,160826.34,11.686000000000002,11.684285160608933,11.684285160608933,11.758235749976839,11.872331740155918,12.15926123355795
2018-04-26,11.55,11.73,11.78,11.55,182057.94,11.64,11.659869676861854,11.659869676861854,11.738403773788567,11.851536144016828,12.139285455408508
2018-04-27,11.61,11.58,11.67,11.55,234507.83,11.64,11.650802462886972,11.650802462886972,11.72617484295156,11.835953166983487,12.121931833919705
2018-05-02,11.05,11.33,11.33,10.97,693256.81,11.529999999999998,11.541565651452977,11.541565651452977,11.661777238860935,11.785246511049069,12.08678652788955
2018-05-03,10.92,10.99,11.01,10.83,346655.72,11.358,11.428553714825163,11.428553714825163,11.591131787540846,11.729424155497517,12.048531231893172
2018-05-04,10.82,10.91,10.94,10.8,222530.89,11.190000000000001,11.31790758485695,11.31790758485695,11.517690664917907,11.670751629336387,12.008251519372084
2018-05-07,10.85,10.82,10.89,10.76,274253.78,11.05,11.232833478519323,11.232833478519323,11.454101077782868,11.617799911314684,11.97027605972054
2018-05-08,10.95,10.84,10.97,10.81,287964.53,10.918000000000001,11.181409209697627,11.181409209697627,11.406091451327356,11.574716046068577,11.936824385631342
2018-05-09,10.93,10.95,11.0,10.89,185106.2,10.894000000000002,11.135698444298058,11.135698444298058,11.360749408343798,11.53312146245125,11.903813750036871
2018-05-10,10.96,10.98,11.0,10.91,160305.0,10.902000000000001,11.1037532726075,11.1037532726075,11.32258279802534,11.49614588422859,11.872869036920907
2018-05-11,10.95,11.0,11.01,10.94,220151.34,10.928,11.075798132133409,11.075798132133409,11.287098722022927,11.460910665891262,11.842611035710386
2018-05-14,10.99,10.97,11.05,10.96,237633.09,10.956000000000001,11.060198471745515,11.060198471745515,11.258803605639791,11.430529332607955,11.81465657552316
2018-05-15,11.0,11.03,11.05,10.88,235484.59,10.966000000000001,11.049253295064512,11.049253295064512,11.234155643197907,11.402753246633248,11.787946523866662
2018-05-16,10.86,10.93,10.96,10.86,235803.45,10.952,11.014843605052782,11.014843605052782,11.198521772417154,11.367736908140781,11.757522047674312
2018-05-17,10.84,10.86,10.91,10.81,184746.91,10.928,10.983053858679549,10.983053858679549,11.164376841710759,11.333689365680087,11.72743935758663
2018-05-18,10.89,10.85,10.9,10.81,217171.05,10.916,10.966134975283268,10.966134975283268,11.138245713928782,11.30506424531363,11.699982329469034
2018-05-21,10.94,10.98,10.98,10.9,233937.23,10.906,10.9613831615954,10.9613831615954,11.11936516974509,11.281511713357913,11.67506487604382
2018-05-22,10.88,10.94,10.95,10.85,160145.02,10.882000000000001,10.946586223123509,10.946586223123509,11.096568486912224,11.25560773185095,11.648997175189923
2018-05-23,10.8,10.88,10.89,10.79,211944.69,10.870000000000001,10.919934182555597,10.919934182555597,11.06832386911106,11.22621368463476,11.621161202232877
2018-05-24,10.8,10.83,10.84,10.76,152295.8,10.862,10.898127967545488,10.898127967545488,11.042769214910006,11.198716027561552,11.59423788412688
2018-05-25,10.7,10.83,10.83,10.68,190162.27,10.824000000000002,10.862104700719035,10.862104700719035,11.01012452777572,11.166540799976936,11.564918609237473
2018-05-28,10.74,10.71,10.79,10.61,183703.44,10.784000000000002,10.839903846042846,10.839903846042846,10.98439838227327,11.139022038688102,11.537872097459195
2018-05-29,10.63,10.7,10.74,10.61,169339.8,10.734,10.801739510398692,10.801739510398692,10.950646155390102,11.106181907159838,11.508105799181845
2018-05-30,10.42,10.56,10.6,10.39,322307.88,10.658000000000001,10.732332326689837,10.732332326689837,10.90010842630533,11.061912106697914,11.47243019920867
2018-05-31,10.6,10.46,10.69,10.46,455326.69,10.618,10.708271903655321,10.708271903655321,10.871526671419108,11.03211132562063,11.443825930382156
2018-06-01,10.68,10.6,10.69,10.53,183655.27,10.614,10.703131557536171,10.703131557536171,10.85328603604586,11.00939446590317,11.41878245725487
2018-06-04,10.74,10.76,10.83,10.7,161803.25,10.614,10.709834910711413,10.709834910711413,10.842496889755779,10.992014177780387,11.396527294721924
2018-06-05,10.67,10.71,10.75,10.61,186926.09,10.622,10.702592199672972,10.702592199672972,10.826068614540942,10.971239069536491,11.37270672768186
2018-06-06,10.54,10.64,10.64,10.53,149836.03,10.646,10.673029981550613,10.673029981550613,10.798823984584661,10.943417194082524,11.345404867757866
2018-06-07,10.61,10.56,10.66,10.51,233556.33,10.648,10.661569984905046,10.661569984905046,10.78084074795755,10.921906407367523,11.321293232749412
2018-06-08,10.41,10.55,10.57,10.37,271819.97,10.594,10.615829987649583,10.615829987649583,10.745522581485401,10.88888018753736,11.29141476610189
2018-06-11,10.41,10.38,10.43,10.28,180042.94,10.528,10.578406353531477,10.578406353531477,10.713568049915363,10.857984691567209,11.262515921311664
2018-06-12,10.34,10.41,10.41,10.3,160856.67,10.462,10.535059743798481,10.535059743798481,10.677990140399615,10.824566324369325,11.2322694976621
2018-06-13,10.22,10.3,10.33,10.18,199615.77,10.398,10.47777615401694,10.47777615401694,10.634372031790127,10.785562045377757,11.199080333804327
2018-06-14,10.21,10.16,10.26,10.16,175575.28,10.318000000000001,10.429089580559316,10.429089580559316,10.593955647810114,10.748429010192096,11.166651470400906
2018-06-15,10.29,10.22,10.34,10.19,199149.91,10.294,10.403800565912167,10.403800565912167,10.565007490875818,10.718852945018414,11.13790879924022
2018-06-19,9.93,10.23,10.24,9.81,429884.72,10.198,10.31765500847359,10.31765500847359,10.504530586982883,10.66795920663013,11.098305232052017
2018-06-20,9.89,9.92,9.98,9.87,189157.41,10.108,10.239899552387483,10.239899552387483,10.446003864413084,10.617768290073348,11.058688667066704
2018-06-21,9.8,9.88,9.98,9.75,236369.61,10.024000000000001,10.159917815589758,10.159917815589758,10.384479686849934,10.565009045552488,11.01742018617927
2018-06-22,9.75,9.83,9.83,9.67,250400.02,9.931999999999999,10.085387303664348,10.085387303664348,10.324053050007084,10.512427816807167,10.975865425976671
2018-06-25,9.56,9.77,9.82,9.55,242443.8,9.786000000000001,9.98986233936174,9.98986233936174,10.251286092863552,10.450980860884124,10.929443608731535
2018-06-26,9.48,9.6,9.6,9.35,244240.95,9.696000000000002,9.897160095841423,9.897160095841423,10.177830274495594,10.388336934375472,10.881920867461648
2018-06-27,9.36,9.41,9.53,9.36,249137.7,9.59,9.799494623870254,9.799494623870254,10.099941676924585,10.321992616028668,10.83202182262684
2018-06-28,9.49,9.33,9.61,9.32,307413.38,9.528000000000002,9.743222874075663,9.743222874075663,10.041851993407958,10.268315673059078,10.788021107130877
2018-06-29,9.57,9.56,9.6,9.45,194935.45,9.492,9.711727806061905,9.711727806061905,9.996913708321486,10.22326304899075,10.748085988864291
2018-07-02,9.28,9.55,9.55,9.23,226690.89,9.436,9.633231841323376,9.633231841323376,9.928636212290868,10.162407368410701,10.699952022016282
2018-07-03,9.35,9.29,9.38,9.2,241235.52,9.41,9.581735142900943,9.581735142900943,9.873528001596501,10.10999398980356,10.655691299982962
2018-07-04,9.32,9.34,9.42,9.28,144647.77,9.402000000000001,9.534146935100772,9.534146935100772,9.8208110490635,10.059026635622685,10.61189814260647
2018-07-05,9.24,9.26,9.35,9.22,164954.38,9.352,9.480665674173359,9.480665674173359,9.765495711057454,10.006186207517995,10.566917875635767
2018-07-06,9.37,9.31,9.43,9.17,225944.44,9.312,9.460544642505475,9.460544642505475,9.727829452861506,9.965141936065223,10.527674666598529
2018-07-09,9.6,9.37,9.63,9.37,221725.66,9.376000000000001,9.485900162049933,9.485900162049933,9.715655219255648,9.94158439180295,10.497259103759232
2018-07-10,9.57,9.61,9.65,9.5,124028.37,9.42,9.501191041677217,9.501191041677217,9.701783293612253,9.917611205235017,10.46685716593106
2018-07-11,9.38,9.37,9.44,9.32,152039.33,9.432,9.479156306826813,9.479156306826813,9.67113726564918,9.882926611348887,10.431222504752991
2018-07-12,9.57,9.41,9.61,9.39,197048.38,9.498000000000001,9.49567334194921,9.49567334194921,9.661505145111164,9.862737797713475,10.402985701318467
2018-07-13,9.49,9.57,9.58,9.46,150263.39,9.522000000000002,9.494641825231172,9.494641825231172,9.645171321767245,9.838690197860995,10.37305174389819
2018-07-16,9.4,9.5,9.54,9.34,144141.19,9.482000000000001,9.477434220643685,9.477434220643685,9.621821672075127,9.810387604450607,10.341148408032675
2018-07-17,9.44,9.41,9.48,9.38,137134.95,9.456,9.47062799870847,9.47062799870847,9.604505322353686,9.786491629969923,10.31160255858898
2018-07-18,9.52,9.51,9.64,9.48,189227.0,9.484,9.479604726216019,9.479604726216019,9.59645719641524,9.769298621584767,10.28564837634016
2018-07-19,9.57,9.6,9.62,9.53,183604.81,9.483999999999998,9.496040230540379,9.496040230540379,9.593937463423313,9.756440645998653,10.262184495148679
2018-07-20,9.87,9.56,9.95,9.47,332756.5,9.559999999999999,9.564032915896673,9.564032915896673,9.620229133573472,9.763767055934224,10.249325987111018
2018-07-23,9.96,9.91,10.03,9.74,314844.34,9.672,9.636026931188187,9.636026931188187,9.652588263709331,9.776427245873952,10.239839889172952
2018-07-24,10.02,9.98,10.14,9.97,364245.59,9.788,9.705840216426697,9.705840216426697,9.687579857641776,9.792141617107891,10.232632023954167
2018-07-25,10.03,10.12,10.12,9.96,158899.7,9.89,9.76477835889457,9.76477835889457,9.72019129977113,9.807487319229963,10.225988351037637
2018-07-26,9.97,10.07,10.08,9.95,152063.3,9.969999999999999,9.802091384550103,9.802091384550103,9.743982604554832,9.817972008311902,10.217595290347878
2018-07-27,10.0,9.96,10.04,9.93,121200.67,9.995999999999999,9.838074769177357,9.838074769177357,9.768365213644849,9.829715749711134,10.210461018533193
2018-07-30,10.14,9.99,10.16,9.97,200963.64,10.032,9.892970265690565,9.892970265690565,9.803759002821531,9.84973408843945,10.208150821204237
2018-07-31,10.17,10.12,10.2,10.0,182030.08,10.062000000000001,9.94333930829228,9.94333930829228,9.838639097790908,9.870396405314324,10.206899974607376
2018-08-01,9.91,10.26,10.27,9.9,207418.84,10.038,9.937277615875502,9.937277615875502,9.845435374191775,9.872951475939207,10.197165549210412
2018-08-02,9.75,9.91,10.03,9.66,244838.7,9.994,9.903227140261775,9.903227140261775,9.836346290935415,9.865019122652807,10.18250438366253
2018-08-03,9.83,9.79,9.98,9.76,169979.39,9.959999999999999,9.889913114759633,9.889913114759633,9.835741882274899,9.862759824417143,10.17094686288671
2018-08-06,9.91,9.97,10.03,9.87,174444.92,9.913999999999998,9.893565275712428,9.893565275712428,9.842814083963004,9.865807577680552,10.162391228037965
2018-08-07,10.11,9.94,10.12,9.94,217846.61,9.902000000000001,9.932917043764713,9.932917043764713,9.868260361680813,9.881561927507613,10.16067348285639
2018-08-08,10.07,10.15,10.15,10.01,134619.92,9.934,9.957841217625674,9.957841217625674,9.887473660568354,9.893719222507123,10.157700581779132
2018-08-09,10.14,10.0,10.18,9.99,176898.53,10.012,9.990960996239187,9.990960996239187,9.911523788133273,9.909608304926019,10.157120234835554
2018-08-10,10.06,10.14,10.14,10.02,131726.33,10.058000000000002,10.003513542377517,10.003513542377517,9.925664379739628,9.919310994930791,10.153935964840946
2018-08-13,9.98,10.0,10.06,9.9,179276.69,10.072,9.99923835285433,9.99923835285433,9.930839200716807,9.923226414612676,10.14823314632157
2018-08-14,10.06,9.98,10.07,9.95,158685.84,10.062000000000001,10.010285925062634,10.010285925062634,9.943140229219969,9.93205051689573,10.145340256278239
2018-08-15,9.91,10.06,10.06,9.9,147870.33,10.030000000000001,9.992052120505791,9.992052120505791,9.939984016913305,9.930627902902456,10.137624182301902
2018-08-16,10.06,9.87,10.12,9.84,243236.52,10.014000000000001,10.00440628041383,10.00440628041383,9.95141411054061,9.938974489811976,10.135079127144463
2018-08-17,9.97,10.16,10.16,9.93,150904.55,9.995999999999999,9.99815059306586,9.99815059306586,9.953184195251026,9.940976135630558,10.129666696746284
2018-08-20,10.15,10.17,10.17,10.01,269753.0,10.03,10.025759576144795,10.025759576144795,9.971928557608072,9.954461546235038,10.130333362426734
2018-08-21,10.12,10.18,10.2,10.09,197865.34,10.041999999999998,10.042894198663923,10.042894198663923,9.986030599740635,9.965141446477938,10.129994563658645
2018-08-22,10.09,10.12,10.14,10.0,119935.41,10.078,10.051458889815937,10.051458889815937,9.995932447384385,9.973196837027748,10.128683266489508
2018-08-23,10.07,10.13,10.14,9.98,155378.12,10.08,10.054830000758493,10.054830000758493,10.002986500014444,9.979442202380797,10.126759224965262
2018-08-24,10.3,10.06,10.43,10.02,322688.38,10.146,10.099406364256948,10.099406364256948,10.031273500013068,10.000123350614293,10.132439250376237
2018-08-27,10.33,10.33,10.35,10.21,232666.45,10.181999999999999,10.141332479846595,10.141332479846595,10.059723642868967,10.021405715090792,10.138916652003246
2018-08-28,10.3,10.3,10.38,10.25,146096.84,10.218,10.170181119874487,10.170181119874487,10.082607105452874,10.039379539923644,10.14419807324904
2018-08-29,10.32,10.29,10.32,10.26,103620.0,10.264,10.197420916260944,10.197420916260944,10.1052159525526,10.057484085735023,10.149962070847433
2018-08-30,10.17,10.3,10.41,10.17,186218.91,10.284,10.192435295122591,10.192435295122591,10.111385861833304,10.064743176977926,10.150619052131123
2018-08-31,10.33,10.16,10.36,10.16,373117.25,10.290000000000001,10.217447059645757,10.217447059645757,10.132206255944418,10.081856520398706,10.156500394684201
2018-09-03,10.24,10.27,10.3,10.17,143095.39,10.272,10.221547594255618,10.221547594255618,10.142472326806855,10.092059325534272,10.159238086661768
2018-09-04,10.37,10.21,10.4,10.18,163530.59,10.286,10.248538940754596,10.248538940754596,10.164141629015726,10.109990981951416,10.166148313328595
2018-09-05,10.12,10.31,10.37,10.12,227292.31,10.245999999999999,10.225168224253759,10.225168224253759,10.159937664347561,10.110636725051325,10.164635253875199
2018-09-06,10.14,10.12,10.23,10.12,105469.16,10.239999999999998,10.209683092571257,10.209683092571257,10.158038839171603,10.112531129886724,10.163827540633388
2018-09-07,10.19,10.15,10.25,10.12,89957.16,10.212,10.206104348467392,10.206104348467392,10.161082759250498,10.117529121506937,10.164685654055244
2018-09-10,10.18,10.16,10.23,10.13,118228.13,10.2,10.201358103291502,10.201358103291502,10.162884401226641,10.121559500764555,10.16518776375835
2018-09-11,10.02,10.22,10.27,9.98,196890.42,10.129999999999999,10.168383902693048,10.168383902693048,10.14927636301458,10.115007274908777,10.160427509208898
2018-09-12,10.04,9.99,10.07,9.95,165061.03,10.114,10.145041374930676,10.145041374930676,10.138869090346526,10.110168095882406,10.156479066284016
2018-09-13,10.29,10.17,10.3,10.11,294171.97,10.143999999999998,10.171397488579643,10.171397488579643,10.153262510313525,10.121770154212573,10.160856801815687
2018-09-14,10.26,10.36,10.36,10.21,164507.8,10.158,10.187507036110617,10.187507036110617,10.16342798552176,10.130688208779505,10.164107398477467
2018-09-17,10.15,10.26,10.28,10.1,105353.43,10.152,10.180687574999595,10.180687574999595,10.162149129757784,10.13193413079373,10.163644860822469
2018-09-18,10.26,10.16,10.26,10.09,166847.89,10.2,10.195108015908758,10.195108015908758,10.171468260257043,10.140196444936072,10.166804045713535
2018-09-19,10.24,10.28,10.29,10.2,185506.44,10.239999999999998,10.203270194834438,10.203270194834438,10.177995092613516,10.146635383972454,10.16920391306719
2018-09-20,10.22,10.26,10.28,10.18,163070.52,10.226,10.206311977591813,10.206311977591813,10.181995559983656,10.151368585006491,10.170869358540397
2018-09-21,10.49,10.24,10.49,10.15,375714.31,10.272,10.257891618029666,10.257891618029666,10.21132931617569,10.173215773070588,10.181332658260382
2018-09-25,10.35,10.38,10.47,10.32,158791.98,10.312000000000001,10.274638596569726,10.274638596569726,10.224536047968481,10.184621207066035,10.18686273503873
2018-09-26,10.41,10.39,10.56,10.34,311758.0,10.342000000000002,10.299249760829776,10.299249760829776,10.242199281495292,10.199161774352099,10.194178710939099
2018-09-27,10.48,10.45,10.48,10.38,241827.14,10.39,10.332113440678908,10.332113440678908,10.264846968971932,10.217280369555189,10.203549900744374
2018-09-28,10.62,10.49,10.75,10.44,374306.03,10.47,10.384456451464562,10.384456451464562,10.298671067165081,10.24326228119679,10.217204002359313
2018-10-08,10.16,10.39,10.48,10.15,419572.75,10.404,10.343646187561914,10.343646187561914,10.285464298863644,10.23789052111958,10.215328461298352
2018-10-09,10.15,10.08,10.24,10.07,231590.27,10.364,10.308437789823383,10.308437789823383,10.272562937067107,10.232220164918317,10.213186544534471
2018-10-10,10.17,10.14,10.28,10.13,181247.02,10.316,10.283267282582768,10.283267282582768,10.26279503829881,10.228205960730039,10.211770592254652
2018-10-11,9.8,10.0,10.05,9.71,390567.84,10.180000000000001,10.195400503931355,10.195400503931355,10.21871932036559,10.200579769715198,10.198269917098761
2018-10-12,10.03,9.9,10.1,9.83,251451.27,10.062000000000001,10.165327685034745,10.165327685034745,10.200746051759342,10.18957462328196,10.192752870636507
2018-10-15,10.03,10.05,10.16,9.97,139578.44,10.036,10.140722651392064,10.140722651392064,10.184484523020357,10.179279486296027,10.187416710943507
2018-10-16,10.05,10.03,10.19,9.97,153083.44,10.016,10.124227623866235,10.124227623866235,10.171676473208894,10.17093887427693,10.182911245010933
2018-10-17,10.29,10.18,10.31,10.14,265208.94,10.04,10.154368055890554,10.154368055890554,10.182945380522334,10.178620237226806,10.186422351731885
2018-10-18,10.19,10.35,10.35,10.16,224039.88,10.117999999999999,10.16084659118318,10.16084659118318,10.183617249044017,10.17935441547024,10.186539651675101
2018-10-19,10.38,10.25,10.43,10.07,403313.88,10.187999999999999,10.20069266551351,10.20069266551351,10.202320368182683,10.192299291891516,10.19288261391526
2018-10-22,10.62,10.32,10.7,10.32,470034.09,10.306000000000001,10.276930362692871,10.276930362692871,10.242099380736713,10.219892885963032,10.206886462639352
2018-10-23,10.45,10.64,10.7,10.45,380890.34,10.386,10.308397569475986,10.308397569475986,10.261899439714169,10.234738506223483,10.21485739829052
2018-10-24,10.74,10.57,11.05,10.52,591655.5,10.476,10.38687073866217,10.38687073866217,10.307432826408057,10.267336021951001,10.232075188510503
2018-10-25,10.84,10.6,10.89,10.54,368665.94,10.606,10.469257877087228,10.469257877087228,10.35815350960729,10.304282085050938,10.252007149542946
2018-10-26,10.92,10.85,10.98,10.74,275193.09,10.714000000000002,10.551210990344096,10.551210990344096,10.411662699168499,10.344005821499266,10.273908554475964
2018-10-29,10.79,11.08,11.12,10.71,352659.59,10.748000000000001,10.594627173917894,10.594627173917894,10.447694823057214,10.372779639467055,10.290829585476752
2018-10-30,10.95,10.93,11.05,10.89,330860.5,10.847999999999999,10.65924041502373,10.65924041502373,10.49553341133748,10.410019662727246,10.31244173021522
2018-10-31,10.98,10.99,11.03,10.87,217371.14,10.896,10.71756033956487,10.71756033956487,10.541673086448197,10.446792587712586,10.334328886601606
2018-11-01,10.89,11.05,11.09,10.86,235053.22,10.906,10.74891300509853,10.74891300509853,10.574847078215036,10.475386614311775,10.35254761163106
2018-11-02,11.18,11.1,11.25,10.94,477889.19,10.958,10.827292458716979,10.827292458716979,10.632480689813605,10.520845542420693,10.379677198134958
2018-11-05,11.14,11.15,11.25,11.08,170127.59,11.028,10.884148375313892,10.884148375313892,10.68081586221231,10.560790991296777,10.40460581458955
2018-11-06,11.03,11.13,11.15,11.0,184224.77,11.044,10.910666852529548,10.910666852529548,10.714071494382566,10.591062540245373,10.425110541980056
2018-11-07,10.9,11.09,11.1,10.87,208438.64,11.028,10.908727424796902,10.908727424796902,10.731778971108035,10.6109939892618,10.440680688144644
2018-11-08,11.06,11.05,11.1,10.9,199916.83,11.062000000000001,10.936231529379285,10.936231529379285,10.763038116716793,10.639962118986846,10.460986239353016
2018-11-09,10.75,10.99,11.03,10.7,255700.5,10.976,10.902371251310324,10.902371251310324,10.761796391315194,10.647061337116726,10.470462100357835
2018-11-12,10.8,10.77,10.95,10.75,270158.28,10.908000000000001,10.88375829652663,10.88375829652663,10.765434830237556,10.656928347625326,10.481266621657578
2018-11-13,10.82,10.68,10.9,10.68,207087.3,10.866000000000001,10.872165878976332,10.872165878976332,10.770631513072075,10.667449099391435,10.492372634062248
2018-11-14,10.7,10.87,10.87,10.68,179981.83,10.825999999999999,10.840862991889725,10.840862991889725,10.763904702303305,10.669549157495213,10.499180088683156
2018-11-15,10.77,10.72,10.81,10.65,165800.59,10.768,10.827978811546139,10.827978811546139,10.764485206845848,10.676029857011653,10.508059430037806
2018-11-16,10.76,10.77,10.85,10.71,213944.17,10.77,10.815619027628658,10.815619027628658,10.7640580442891,10.681447285591545,10.516319776593942
2018-11-19,10.88,10.86,10.9,10.77,213847.94,10.786,10.827324658968902,10.827324658968902,10.775100135309186,10.694257138134025,10.52824371834496
2018-11-20,10.69,10.87,10.89,10.65,218837.8,10.76,10.802356539156373,10.802356539156373,10.766995360517836,10.693982484060863,10.533547202989388
2018-11-21,10.66,10.61,10.72,10.61,160274.58,10.752,10.77647353203703,10.77647353203703,10.756805326182803,10.691790065734356,10.537693196333997
2018-11-22,10.64,10.73,10.73,10.57,140083.05,10.725999999999999,10.751660162575753,10.751660162575753,10.745681009403489,10.688448771170851,10.54104751776567
2018-11-23,10.5,10.6,10.66,10.5,147150.09,10.674000000000001,10.70590376938016,10.70590376938016,10.722282818031728,10.676290785934023,10.539701697511056
2018-11-26,10.5,10.66,10.66,10.43,143773.95,10.598,10.668466720401948,10.668466720401948,10.70111302583823,10.664917186841507,10.538400002510693
2018-11-27,10.49,10.5,10.61,10.45,150846.66,10.558,10.636018225783413,10.636018225783413,10.681007023377447,10.65363220704528,10.536813117182472
2018-11-28,10.58,10.56,10.62,10.5,183396.2,10.542,10.625833093822791,10.625833093822791,10.67138730686531,10.648881742074618,10.538229080553538
2018-11-29,10.63,10.64,10.75,10.54,206856.84,10.540000000000001,10.626590713127738,10.626590713127738,10.667445658592424,10.647663565166578,10.541237963158341
2018-11-30,10.71,10.65,10.75,10.62,285726.5,10.582,10.641756038013604,10.641756038013604,10.671498453012193,10.651685270639703,10.546771144694134
2018-12-03,11.02,10.99,11.05,10.84,430490.69,10.686000000000002,10.710527667465675,10.710527667465675,10.70468907653484,10.675447511243593,10.562286844868096
2018-12-04,11.08,11.0,11.08,10.97,208112.94,10.803999999999998,10.777704455199189,10.777704455199189,10.740432974007714,10.701547671808523,10.579261046675699
2018-12-05,11.0,10.99,11.1,10.96,254912.17,10.888,10.818121826981153,10.818121826981153,10.765153643149835,10.720802660724102,10.593055766456823
2018-12-06,10.9,10.82,10.93,10.82,235979.97,10.942,10.833008767530034,10.833008767530034,10.777996153326042,10.732363779387065,10.603119511818894
2018-12-07,10.89,10.94,11.03,10.88,105805.5,10.978,10.8433708097973,10.8433708097973,10.788663186342609,10.742533858136287,10.612525429464176
2018-12-10,10.83,10.77,10.9,10.77,159275.62,10.94,10.840939753470517,10.840939753470517,10.792600025738551,10.748176835030721,10.619655743252236
2018-12-11,10.72,10.84,10.9,10.69,172342.22,10.867999999999999,10.818950707384968,10.818950707384968,10.785685737572976,10.746358974706158,10.622945718883312
2018-12-12,10.73,10.89,10.89,10.7,124487.91,10.813999999999998,10.802777851496792,10.802777851496792,10.780382333994599,10.74530355698318,10.626455695313368
2018-12-13,10.8,10.76,10.86,10.73,197923.41,10.794,10.802272787588283,10.802272787588283,10.78225068313797,10.74883235975846,10.63214567251621
2018-12-14,10.62,10.74,10.8,10.59,241638.31,10.739999999999998,10.76913228075405,10.76913228075405,10.76679823712483,10.740520594612754,10.631747453745186
2018-12-17,10.78,10.65,10.78,10.62,197462.28,10.73,10.77110822970786,10.77110822970786,10.768055547874846,10.743067653024834,10.636608192966655
2018-12-18,10.57,10.68,10.82,10.54,194516.77,10.7,10.734543097033702,10.734543097033702,10.749193114743909,10.731901997990974,10.63442431778742
2018-12-19,10.54,10.59,10.65,10.54,136036.33,10.662,10.699171624845755,10.699171624845755,10.729269960958774,10.71952122392704,10.631328438515702
2018-12-20,10.25,10.53,10.59,10.11,300699.12,10.552,10.617504056691981,10.617504056691981,10.683625202772225,10.689229532060782,10.618825866761089
2018-12-21,10.07,10.23,10.24,10.0,208858.62,10.442,10.517957864566167,10.517957864566167,10.625184707270108,10.649279239669765,10.60083157604761
2018-12-24,9.91,9.98,10.04,9.86,227798.81,10.268,10.407420071008682,10.407420071008682,10.557071878006289,10.60158380485236,10.57818136043949
2018-12-25,9.79,9.77,9.86,9.6,348103.97,10.111999999999998,10.29516187627983,10.29516187627983,10.484017413434263,10.549223559378015,10.552339348621802
2018-12-26,9.67,9.81,9.88,9.64,205692.02,9.937999999999999,10.181496080592586,10.181496080592586,10.406491945488142,10.492499458772983,10.523410189650594
2018-12-27,9.66,9.77,9.8,9.66,273475.62,9.819999999999999,10.086678611393934,10.086678611393934,10.335397474489271,10.4387898162715,10.495101658842378
2018-12-28,9.8,9.72,9.95,9.71,274040.28,9.766,10.034555227504127,10.034555227504127,10.284407238823627,10.397577570060436,10.472311440519677
2019-01-02,9.7,9.74,9.79,9.58,237628.22,9.724,9.973727004321558,9.973727004321558,10.22874940655471,10.352572565540408,10.44698975394526
2019-01-03,9.81,9.7,9.82,9.66,186542.62,9.728,9.943958458081275,9.943958458081275,10.188868510692357,10.31756788389264,10.426104843979841
2019-01-04,9.96,9.73,10.0,9.7,271728.44,9.786,9.946875102066496,9.946875102066496,10.167071509674038,10.294498988157631,10.410822717947715
2019-01-07,9.98,10.09,10.09,9.92,235973.77,9.85,9.952897810781678,9.952897810781678,10.149255175419366,10.27420873085714,10.396697382933036
2019-01-08,9.96,10.03,10.03,9.91,151049.33,9.882000000000001,9.954189117912282,9.954189117912282,10.131230872998474,10.2539371998341,10.382379435951625
2019-01-09,9.99,10.06,10.16,9.98,231637.2,9.940000000000001,9.960700187382775,9.960700187382775,10.117780313665287,10.236908993393191,10.369514536412227
2019-01-10,9.96,9.94,10.02,9.92,159235.66,9.97,9.960572880585906,9.960572880585906,10.102753617125735,10.219043897045244,10.35608783030035
2019-01-11,10.05,10.03,10.15,9.96,190690.69,9.988,9.976832356843014,9.976832356843014,10.09772946311376,10.208137839171359,10.346052163733125
2019-01-14,10.06,10.03,10.1,10.01,203528.41,10.004000000000001,9.991953746507921,9.991953746507921,10.09413618091245,10.198580559224819,10.336673404266465
2019-01-15,10.11,10.1,10.15,10.05,156321.25,10.034,10.013416701688298,10.013416701688298,10.09564702082555,10.192865684436121,10.329241489372482
2019-01-16,10.13,10.1,10.15,10.07,129883.4,10.062000000000001,10.034613665017698,10.034613665017698,10.09891873312788,10.18880983382734,10.322708981524205
2019-01-17,10.17,10.17,10.28,10.07,227660.48,10.104000000000001,10.059229362287207,10.059229362287207,10.10568837759189,10.187596296161061,10.317702129670952
2019-01-18,10.43,10.29,10.44,10.22,290871.41,10.180000000000001,10.126642205507714,10.126642205507714,10.136575198773617,10.203235244795831,10.321384027058789
2019-01-21,10.35,10.36,10.46,10.3,189477.89,10.238000000000001,10.167252713597222,10.167252713597222,10.156901370318987,10.212703938679972,10.322322255679813
2019-01-22,10.25,10.38,10.38,10.23,162505.56,10.266,10.182297674761362,10.182297674761362,10.165767906479084,10.215110136184492,10.319951034182115
2019-01-23,10.27,10.29,10.34,10.25,165203.27,10.294,10.198243552077477,10.198243552077477,10.175694772528695,10.218651417720977,10.318313295356472
2019-01-24,10.38,10.34,10.39,10.27,150066.98,10.336,10.231290178972479,10.231290178972479,10.19515241324025,10.229061003674463,10.320335810262817
2019-01-25,10.5,10.45,10.56,10.38,196965.88,10.35,10.280146510068391,10.280146510068391,10.224185516741178,10.246540938921273,10.326226439434526
2019-01-28,10.42,10.53,10.66,10.39,217690.73,10.364,10.305574417328684,10.305574417328684,10.242834515146779,10.257731846087642,10.329300982403886
2019-01-29,10.58,10.39,10.63,10.38,237680.05,10.43,10.355469977814376,10.355469977814376,10.27494551370423,10.27852333988844,10.33752062232507
2019-01-30,10.5,10.59,10.64,10.47,160542.56,10.476,10.381748163666309,10.381748163666309,10.296379274303828,10.292812156669832,10.342847815035721
2019-01-31,10.73,10.59,10.73,10.51,251310.34,10.546000000000001,10.445066679363343,10.445066679363343,10.337676486274892,10.321017823981455,10.355541329296845
2019-02-01,10.77,10.82,10.82,10.62,191193.44,10.6,10.504145464933645,10.504145464933645,10.378850154248711,10.349984415982652,10.369130138172357
2019-02-11,10.7,10.62,10.73,10.62,202165.69,10.656,10.539755380400255,10.539755380400255,10.409435853844073,10.372566066564415,10.379978330363427
2019-02-12,10.72,10.71,10.73,10.63,167696.02,10.684000000000001,10.57252712941839,10.57252712941839,10.439013391573209,10.39498115904413,10.39112658182692
2019-02-13,10.86,10.74,10.93,10.68,302486.94,10.756,10.62479492406959,10.62479492406959,10.479107354280522,10.424982374589671,10.406499480783415
2019-02-14,10.82,10.85,10.91,10.8,198152.86,10.774,10.660286756056937,10.660286756056937,10.511573320539519,10.45046738268066,10.42005687485609
2019-02-15,10.66,10.78,10.85,10.66,177587.89,10.752,10.660234618592039,10.660234618592039,10.52570919477385,10.463985616056101,10.427923862565727
2019-02-18,10.84,10.75,10.87,10.7,201022.19,10.780000000000001,10.692919233393486,10.692919233393486,10.555641652414435,10.48824460856861,10.44143455559636
2019-02-19,10.8,10.85,10.96,10.78,259527.45,10.796000000000001,10.712388463685578,10.712388463685578,10.578913875994013,10.5083578596287,10.453190799675166
2019-02-20,10.83,10.92,10.92,10.81,222863.11,10.790000000000001,10.733772379379108,10.733772379379108,10.60282684018506,10.529108965459109,10.465545199685817
2019-02-21,10.79,10.83,10.93,10.75,254023.91,10.783999999999999,10.74399558312836,10.74399558312836,10.620652855405531,10.545940645106908,10.476183061991199
2019-02-22,11.01,10.76,11.01,10.76,259074.38,10.854,10.792360022559567,10.792360022559567,10.657733535843098,10.57587995832582,10.493685256680012
2019-02-25,11.92,11.03,11.95,11.03,937122.62,11.07,10.997385473003282,10.997385473003282,10.777949389572328,10.662597380369316,10.540449674493782
2019-02-26,11.65,11.91,12.15,11.6,836432.62,11.239999999999998,11.116042659729956,11.116042659729956,10.861001828660678,10.7263007751842,10.576828373690708
2019-02-27,11.83,11.71,12.07,11.67,712016.0,11.44,11.2458530852336,11.2458530852336,10.953287368788233,10.79750717678522,10.61791596799593
2019-02-28,11.74,11.83,11.92,11.68,393934.12,11.629999999999999,11.33569797882749,11.33569797882749,11.028212381284591,10.858313165379723,10.654705608389506
2019-03-01,12.02,11.81,12.06,11.6,632546.19,11.831999999999999,11.460116528131582,11.460116528131582,11.122668344971773,10.933260703097162,10.699469358934111
2019-03-04,12.02,12.12,12.38,11.95,850247.75,11.851999999999999,11.561913523016749,11.561913523016749,11.20812850259351,11.00337291580057,10.742765445526436
2019-03-05,11.98,12.01,12.04,11.87,545642.0,11.918000000000001,11.637929246104612,11.637929246104612,11.281640073775081,11.06638111478118,10.783330512886225
2019-03-06,12.02,11.99,12.15,11.86,536931.62,11.956,11.707396655903773,11.707396655903773,11.351960066748884,11.127904913827557,10.823877053447333
2019-03-07,11.88,12.03,12.04,11.87,526188.25,11.983999999999998,11.738779082103086,11.738779082103086,11.402249584201371,11.176427177451584,10.85850403530152
2019-03-08,11.5,11.72,11.72,11.36,526705.31,11.879999999999999,11.695364703538889,11.695364703538889,11.411559147610765,11.19730284342245,10.879536689881798
2019-03-11,11.47,11.44,11.59,11.36,399220.19,11.77,11.654389302895455,11.654389302895455,11.417124943076407,11.214896208362939,10.898896142672557
2019-03-12,11.44,11.59,11.69,11.4,522118.06,11.661999999999999,11.615409429641735,11.615409429641735,11.419303519926274,11.229419033629847,10.916637252748867
2019-03-13,11.44,11.41,11.56,11.3,413730.12,11.546,11.58351680607051,11.58351680607051,11.421274613266629,11.243004902427922,10.93379668708497
2019-03-14,11.46,11.46,11.58,11.43,343379.0,11.462,11.56105920496678,11.56105920496678,11.424962745336472,11.257004586142251,10.951049254721527
2019-03-15,11.43,11.47,11.6,11.43,337693.19,11.448,11.537230258609183,11.537230258609183,11.425442483875857,11.268165580584688,10.96675255784541
2019-03-18,11.59,11.45,11.6,11.37,438795.62,11.472,11.546824757043877,11.546824757043877,11.441114628268632,11.288929091514708,10.987186900211135
2019-03-19,11.55,11.63,11.67,11.51,275002.31,11.494,11.547402073944989,11.547402073944989,11.45148466367162,11.305772375933115,11.005639788728802
2019-03-20,11.55,11.52,11.64,11.49,273254.25,11.516,11.547874424136808,11.547874424136808,11.460867076655274,11.321528996840657,11.023487664508185
2019-03-21,11.46,11.56,11.59,11.44,350370.34,11.516000000000002,11.531897256111932,11.531897256111932,11.4607844979262,11.330462609947713,11.037799544360375
2019-03-22,11.39,11.49,11.51,11.31,354364.47,11.508,11.50609775500067,11.50609775500067,11.454043117171324,11.33430373188657,11.049347100282986
2019-03-25,11.03,11.28,11.29,11.01,577165.75,11.396,11.41953452681873,11.41953452681873,11.413658058393104,11.314671233055178,11.048712769126167
2019-03-26,11.09,11.11,11.14,11.03,307957.22,11.304000000000002,11.359619158306234,11.359619158306234,11.382833481403285,11.300176314793553,11.050066448826948
2019-03-27,11.08,11.11,11.24,11.04,421244.88,11.209999999999999,11.308779311341464,11.308779311341464,11.353992197460116,11.285971391258487,11.05104787673426
2019-03-28,11.03,11.03,11.05,10.9,292961.19,11.124,11.258092163824834,11.258092163824834,11.32313579770201,11.269457107951487,11.050357782415105
2019-03-29,11.28,10.98,11.3,10.98,605262.69,11.102,11.262075406765772,11.262075406765772,11.319027626492295,11.270137294535264,11.057887035450674
2019-04-01,11.44,11.36,11.52,11.29,706374.06,11.184000000000001,11.294425332808359,11.294425332808359,11.3305488049216,11.281096178758796,11.070415329370324
2019-04-02,11.44,11.5,11.52,11.41,467147.09,11.254,11.320893454115929,11.320893454115929,11.3409727282624,11.291348038193712,11.082532859554902
2019-04-03,11.5,11.37,11.54,11.34,502710.28,11.338,11.353458280640304,11.353458280640304,11.3561181827136,11.304809455084442,11.09622030678261
2019-04-04,11.71,11.55,11.71,11.54,752325.25,11.474,11.418284047796611,11.418284047796611,11.389821212931352,11.330950780562866,11.116344231150395
2019-04-08,11.72,11.79,11.96,11.65,778703.75,11.562,11.473141493651772,11.473141493651772,11.421266811699795,11.356050730203972,11.136136223571693
2019-04-09,11.54,11.72,11.75,11.49,568959.94,11.581999999999999,11.485297585715085,11.485297585715085,11.432574734395052,11.367918425029522,11.149377658864424
2019-04-10,11.48,11.5,11.56,11.42,410275.38,11.59,11.484334388312341,11.484334388312341,11.437091426357428,11.375149494382457,11.160217735622966
2019-04-11,11.47,11.47,11.59,11.35,501727.94,11.584,11.481728135891915,11.481728135891915,11.44022557622815,11.381268881841654,11.17037453117631
2019-04-12,11.49,11.47,11.56,11.43,262736.91,11.54,11.483232111184295,11.483232111184295,11.444965997539754,11.388283792690581,11.180854054744302
2019-04-15,11.47,11.67,11.77,11.46,705091.69,11.49,11.48082627278715,11.48082627278715,11.447350188250255,11.393555806065383,11.190334249670716
2019-04-16,11.95,11.46,11.99,11.43,1006654.0,11.572,11.56613058682585,11.56613058682585,11.495221598893087,11.42945543148052,11.215241323452004
2019-04-17,11.91,11.96,12.09,11.88,681572.12,11.657999999999998,11.628652298312058,11.628652298312058,11.534724303760413,11.460458306868873,11.238020296453577
2019-04-18,11.91,11.91,12.05,11.84,430489.81,11.745999999999999,11.679806425891684,11.679806425891684,11.570464846259423,11.4894609967483,11.260052417881328
2019-04-19,12.01,12.01,12.2,11.86,560130.44,11.849999999999998,11.739841621184103,11.739841621184103,11.61232533709186,11.52304415824841,11.284640863196694
2019-04-22,11.71,12.02,12.07,11.68,533894.19,11.898,11.734415871877902,11.734415871877902,11.621627685940254,11.535105825458192,11.29858706440336
2019-04-23,11.7,11.68,11.8,11.63,338477.19,11.847999999999999,11.728158440627373,11.728158440627373,11.629091715850706,11.545744159299598,11.311748144258988
2019-04-24,11.62,11.76,11.77,11.51,382011.09,11.79,11.708493269604215,11.708493269604215,11.628225838150637,11.550534858699626,11.321854762480005
2019-04-25,11.54,11.56,11.69,11.48,408761.28,11.716,11.677858129676174,11.677858129676174,11.619823377374386,11.549855190396425,11.329007065349511
2019-04-26,11.32,11.43,11.56,11.28,424695.81,11.578,11.612793015189597,11.612793015189597,11.591268770005396,11.535025823274076,11.328711751731495
2019-04-29,11.48,11.35,11.54,11.34,385869.38,11.532,11.58864883060967,11.58864883060967,11.580671744290596,11.53147577015962,11.333672022166526
2019-04-30,11.97,11.7,12.09,11.7,1234747.38,11.585999999999999,11.657985406862458,11.657985406862458,11.61775062578673,11.559767655955774,11.354535234554508
2019-05-06,11.8,11.75,11.86,11.54,1245454.12,11.622,11.683806241978374,11.683806241978374,11.635107709045137,11.575266516861854,11.369140636700262
2019-05-07,11.8,11.82,11.94,11.6,854899.25,11.674000000000001,11.704932379800486,11.704932379800486,11.650811736755124,11.589765451257865,11.383267173201894
2019-05-08,11.51,11.64,11.78,11.49,585001.0,11.712,11.66949012892767,11.66949012892767,11.637401095159397,11.584619293112196,11.387422347851013
2019-05-09,11.12,11.48,11.56,11.1,641280.5,11.64,11.569582832759002,11.569582832759002,11.58812480038231,11.554643854846892,11.378654402019832
2019-05-10,11.32,11.23,11.42,11.06,485507.22,11.51,11.52420413589373,11.52420413589373,11.562589105107804,11.539505541630964,11.37673130687164
2019-05-13,11.31,11.2,11.4,11.15,402849.62,11.412,11.485257929367597,11.485257929367597,11.538532999859441,11.524698732493484,11.374543395170932
2019-05-14,11.21,11.18,11.44,11.17,418889.97,11.294,11.435211033118943,11.435211033118943,11.50724414272997,11.504395588461646,11.369148529755492
2019-05-15,11.32,11.28,11.42,11.23,344044.66,11.256,11.414263572551862,11.414263572551862,11.489411367231877,11.492499098883476,11.367537102550394
2019-05-16,11.3,11.28,11.36,11.22,341417.56,11.292000000000002,11.393488377542432,11.393488377542432,11.47137218940027,11.480079802181317,11.365322771319233
2019-05-17,11.24,11.32,11.35,11.2,383998.31,11.276,11.365581399807443,11.365581399807443,11.44933674279072,11.464590782685748,11.361213827997291
2019-05-20,11.34,11.28,11.44,11.25,349044.38,11.282,11.360930236206089,11.360930236206089,11.438923719667795,11.456552667673765,11.360518292653117
2019-05-21,11.32,11.33,11.45,11.31,329758.72,11.304,11.35348837507771,11.35348837507771,11.427597651128004,11.447742818146427,11.35918982404154
2019-05-22,11.16,11.32,11.34,11.12,400003.91,11.272,11.318308670518126,11.318308670518126,11.402112160544384,11.429178765362789,11.352659010138538
2019-05-23,11.1,11.12,11.15,10.95,363126.88,11.232000000000001,11.278616184969374,11.278616184969374,11.373339573825872,11.407941425661965,11.344375108166783
2019-05-24,11.11,11.17,11.22,11.0,241602.66,11.206,11.247958696793123,11.247958696793123,11.348259614413884,11.388719398199903,11.336690678390823
2019-05-27,11.22,11.09,11.26,10.96,350879.16,11.181999999999999,11.242875297376191,11.242875297376191,11.336044413041133,11.377834275735395,11.332864754509156
2019-05-28,11.29,11.19,11.3,11.02,722781.38,11.175999999999998,11.251443425125974,11.251443425125974,11.33165923084674,11.372167548268596,11.331459352721971
2019-05-29,11.12,11.17,11.29,11.07,408609.69,11.168,11.227544620557614,11.227544620557614,11.311501208861337,11.35589867418675,11.324526259190103
2019-05-30,11.11,11.18,11.18,11.03,266500.34,11.169999999999998,11.20617287136532,11.20617287136532,11.29231061754121,11.340034243594058,11.317492611347804
2019-05-31,11.13,11.11,11.23,11.05,369767.28,11.174,11.192323258389806,11.192323258389806,11.276852463489666,11.326483647233152,11.311345312615089
2019-06-03,11.28,11.17,11.29,11.13,304920.62,11.186,11.208264484137112,11.208264484137112,11.277152228871604,11.323484702250369,11.31031759744738
2019-06-04,11.35,11.29,11.37,11.26,250773.94,11.198,11.234034577930363,11.234034577930363,11.284090111836212,11.325195366621314,11.311618659826154
2019-06-05,11.41,11.43,11.52,11.35,314236.41,11.256,11.266028291033932,11.266028291033932,11.296081529756572,11.330666633290907,11.314844277536771
2019-06-06,11.47,11.51,11.51,11.38,264272.16,11.328,11.303114056300489,11.303114056300489,11.31264519358928,11.339655882756011,11.319931350404417
2019-06-10,11.61,11.57,11.7,11.53,431837.78,11.424,11.35891150060949,11.35891150060949,11.340964698961729,11.357097438707235,11.329441797932141
2019-06-11,11.42,11.35,11.45,11.27,522662.16,11.452,11.370018500498674,11.370018500498674,11.348491870489184,11.36115566846806,11.332410919311416
2019-06-12,11.6,11.42,11.7,11.4,506352.28,11.502,11.411833318589823,11.411833318589823,11.37244502568069,11.376564980179799,11.34118433179301
2019-06-13,11.7,11.57,11.79,11.5,469660.16,11.559999999999999,11.4642272606644,11.4642272606644,11.403640737520623,11.39743175565207,11.352948779930944
2019-06-14,11.79,11.74,11.87,11.71,473851.75,11.623999999999999,11.523458667816325,11.523458667816325,11.440436857756755,11.422758739158388,11.36727832812993
2019-06-17,11.77,11.78,11.92,11.75,352201.03,11.656,11.568284364576993,11.568284364576993,11.471823823684684,11.44516140114817,11.38048231737157
2019-06-18,11.82,11.82,11.9,11.72,289651.25,11.736,11.614050843744813,11.614050843744813,11.504983459524238,11.469344536557966,11.394892733195453
2019-06-19,11.88,12.04,12.07,11.81,449277.44,11.792,11.66240523579121,11.66240523579121,11.54069932052193,11.495838437425194,11.410797889484128
2019-06-20,12.2,11.95,12.32,11.85,716474.94,11.892,11.760149738374626,11.760149738374626,11.603489861424604,11.541268215655828,11.436673368517434
2019-06-21,12.09,12.18,12.3,12.03,553811.81,11.952000000000002,11.820122513215601,11.820122513215601,11.649824160336546,11.576670266258677,11.458093913811945
2019-06-24,12.03,12.09,12.13,11.96,341953.38,12.004000000000001,11.85828205626731,11.85828205626731,11.686031383161637,11.605917345854891,11.476844933031225
2019-06-25,11.66,11.98,11.98,11.51,803593.69,11.972,11.822230773309617,11.822230773309617,11.683552203812908,11.609406549348124,11.482850017194135
2019-06-26,11.66,11.56,11.73,11.55,369732.0,11.928,11.792734269071502,11.792734269071502,11.681309136783106,11.612670642938568,11.488658213351703
2019-06-27,11.64,11.68,11.84,11.55,479977.84,11.815999999999999,11.764964401967593,11.764964401967593,11.677374933279953,11.614433827265113,11.49362023914345
2019-06-28,11.68,11.67,11.68,11.54,295451.72,11.733999999999998,11.749516328882574,11.749516328882574,11.677624939634244,11.61866390292543,11.499731050974813
